"""MTU (CET/CEST)"",""Area"",""Sequence"",""Day-ahead Price (EUR/MWh)"",""Intraday Period (CET/CEST)"",""Intraday Price (EUR/MWh)"""
"01/01/2024 00:00:00 - 01/01/2024 01:00:00,""BZN|NO3"",""Without Sequence"",""29.56"","""","""""
"01/01/2024 01:00:00 - 01/01/2024 02:00:00,""BZN|NO3"",""Without Sequence"",""28.46"","""","""""
"01/01/2024 02:00:00 - 01/01/2024 03:00:00,""BZN|NO3"",""Without Sequence"",""26.66"","""","""""
"01/01/2024 03:00:00 - 01/01/2024 04:00:00,""BZN|NO3"",""Without Sequence"",""24.48"","""","""""
"01/01/2024 04:00:00 - 01/01/2024 05:00:00,""BZN|NO3"",""Without Sequence"",""24.01"","""","""""
"01/01/2024 05:00:00 - 01/01/2024 06:00:00,""BZN|NO3"",""Without Sequence"",""21.23"","""","""""
"01/01/2024 06:00:00 - 01/01/2024 07:00:00,""BZN|NO3"",""Without Sequence"",""22.62"","""","""""
"01/01/2024 07:00:00 - 01/01/2024 08:00:00,""BZN|NO3"",""Without Sequence"",""25.04"","""","""""
"01/01/2024 08:00:00 - 01/01/2024 09:00:00,""BZN|NO3"",""Without Sequence"",""26.24"","""","""""
"01/01/2024 09:00:00 - 01/01/2024 10:00:00,""BZN|NO3"",""Without Sequence"",""32.21"","""","""""
"01/01/2024 10:00:00 - 01/01/2024 11:00:00,""BZN|NO3"",""Without Sequence"",""41.34"","""","""""
"01/01/2024 11:00:00 - 01/01/2024 12:00:00,""BZN|NO3"",""Without Sequence"",""43.51"","""","""""
"01/01/2024 12:00:00 - 01/01/2024 13:00:00,""BZN|NO3"",""Without Sequence"",""43.02"","""","""""
"01/01/2024 13:00:00 - 01/01/2024 14:00:00,""BZN|NO3"",""Without Sequence"",""44.29"","""","""""
"01/01/2024 14:00:00 - 01/01/2024 15:00:00,""BZN|NO3"",""Without Sequence"",""46.24"","""","""""
"01/01/2024 15:00:00 - 01/01/2024 16:00:00,""BZN|NO3"",""Without Sequence"",""50.61"","""","""""
"01/01/2024 16:00:00 - 01/01/2024 17:00:00,""BZN|NO3"",""Without Sequence"",""59.47"","""","""""
"01/01/2024 17:00:00 - 01/01/2024 18:00:00,""BZN|NO3"",""Without Sequence"",""64.99"","""","""""
"01/01/2024 18:00:00 - 01/01/2024 19:00:00,""BZN|NO3"",""Without Sequence"",""61.74"","""","""""
"01/01/2024 19:00:00 - 01/01/2024 20:00:00,""BZN|NO3"",""Without Sequence"",""55.07"","""","""""
"01/01/2024 20:00:00 - 01/01/2024 21:00:00,""BZN|NO3"",""Without Sequence"",""48.01"","""","""""
"01/01/2024 21:00:00 - 01/01/2024 22:00:00,""BZN|NO3"",""Without Sequence"",""44.01"","""","""""
"01/01/2024 22:00:00 - 01/01/2024 23:00:00,""BZN|NO3"",""Without Sequence"",""45.20"","""","""""
"01/01/2024 23:00:00 - 02/01/2024 00:00:00,""BZN|NO3"",""Without Sequence"",""38.00"","""","""""
"02/01/2024 00:00:00 - 02/01/2024 01:00:00,""BZN|NO3"",""Without Sequence"",""38.00"","""","""""
"02/01/2024 01:00:00 - 02/01/2024 02:00:00,""BZN|NO3"",""Without Sequence"",""33.56"","""","""""
"02/01/2024 02:00:00 - 02/01/2024 03:00:00,""BZN|NO3"",""Without Sequence"",""32.03"","""","""""
"02/01/2024 03:00:00 - 02/01/2024 04:00:00,""BZN|NO3"",""Without Sequence"",""32.29"","""","""""
"02/01/2024 04:00:00 - 02/01/2024 05:00:00,""BZN|NO3"",""Without Sequence"",""36.70"","""","""""
"02/01/2024 05:00:00 - 02/01/2024 06:00:00,""BZN|NO3"",""Without Sequence"",""41.72"","""","""""
"02/01/2024 06:00:00 - 02/01/2024 07:00:00,""BZN|NO3"",""Without Sequence"",""49.18"","""","""""
"02/01/2024 07:00:00 - 02/01/2024 08:00:00,""BZN|NO3"",""Without Sequence"",""58.75"","""","""""
"02/01/2024 08:00:00 - 02/01/2024 09:00:00,""BZN|NO3"",""Without Sequence"",""65.67"","""","""""
"02/01/2024 09:00:00 - 02/01/2024 10:00:00,""BZN|NO3"",""Without Sequence"",""66.11"","""","""""
"02/01/2024 10:00:00 - 02/01/2024 11:00:00,""BZN|NO3"",""Without Sequence"",""68.98"","""","""""
"02/01/2024 11:00:00 - 02/01/2024 12:00:00,""BZN|NO3"",""Without Sequence"",""73.54"","""","""""
"02/01/2024 12:00:00 - 02/01/2024 13:00:00,""BZN|NO3"",""Without Sequence"",""78.16"","""","""""
"02/01/2024 13:00:00 - 02/01/2024 14:00:00,""BZN|NO3"",""Without Sequence"",""78.87"","""","""""
"02/01/2024 14:00:00 - 02/01/2024 15:00:00,""BZN|NO3"",""Without Sequence"",""79.24"","""","""""
"02/01/2024 15:00:00 - 02/01/2024 16:00:00,""BZN|NO3"",""Without Sequence"",""79.96"","""","""""
"02/01/2024 16:00:00 - 02/01/2024 17:00:00,""BZN|NO3"",""Without Sequence"",""81.46"","""","""""
"02/01/2024 17:00:00 - 02/01/2024 18:00:00,""BZN|NO3"",""Without Sequence"",""80.92"","""","""""
"02/01/2024 18:00:00 - 02/01/2024 19:00:00,""BZN|NO3"",""Without Sequence"",""74.95"","""","""""
"02/01/2024 19:00:00 - 02/01/2024 20:00:00,""BZN|NO3"",""Without Sequence"",""63.18"","""","""""
"02/01/2024 20:00:00 - 02/01/2024 21:00:00,""BZN|NO3"",""Without Sequence"",""57.11"","""","""""
"02/01/2024 21:00:00 - 02/01/2024 22:00:00,""BZN|NO3"",""Without Sequence"",""48.04"","""","""""
"02/01/2024 22:00:00 - 02/01/2024 23:00:00,""BZN|NO3"",""Without Sequence"",""45.43"","""","""""
"02/01/2024 23:00:00 - 03/01/2024 00:00:00,""BZN|NO3"",""Without Sequence"",""42.50"","""","""""
"03/01/2024 00:00:00 - 03/01/2024 01:00:00,""BZN|NO3"",""Without Sequence"",""40.80"","""","""""
"03/01/2024 01:00:00 - 03/01/2024 02:00:00,""BZN|NO3"",""Without Sequence"",""39.21"","""","""""
"03/01/2024 02:00:00 - 03/01/2024 03:00:00,""BZN|NO3"",""Without Sequence"",""37.36"","""","""""
"03/01/2024 03:00:00 - 03/01/2024 04:00:00,""BZN|NO3"",""Without Sequence"",""36.17"","""","""""
"03/01/2024 04:00:00 - 03/01/2024 05:00:00,""BZN|NO3"",""Without Sequence"",""38.21"","""","""""
"03/01/2024 05:00:00 - 03/01/2024 06:00:00,""BZN|NO3"",""Without Sequence"",""42.58"","""","""""
"03/01/2024 06:00:00 - 03/01/2024 07:00:00,""BZN|NO3"",""Without Sequence"",""49.44"","""","""""
"03/01/2024 07:00:00 - 03/01/2024 08:00:00,""BZN|NO3"",""Without Sequence"",""53.53"","""","""""
"03/01/2024 08:00:00 - 03/01/2024 09:00:00,""BZN|NO3"",""Without Sequence"",""63.48"","""","""""
"03/01/2024 09:00:00 - 03/01/2024 10:00:00,""BZN|NO3"",""Without Sequence"",""64.99"","""","""""
"03/01/2024 10:00:00 - 03/01/2024 11:00:00,""BZN|NO3"",""Without Sequence"",""60.19"","""","""""
"03/01/2024 11:00:00 - 03/01/2024 12:00:00,""BZN|NO3"",""Without Sequence"",""59.96"","""","""""
"03/01/2024 12:00:00 - 03/01/2024 13:00:00,""BZN|NO3"",""Without Sequence"",""59.80"","""","""""
"03/01/2024 13:00:00 - 03/01/2024 14:00:00,""BZN|NO3"",""Without Sequence"",""58.86"","""","""""
"03/01/2024 14:00:00 - 03/01/2024 15:00:00,""BZN|NO3"",""Without Sequence"",""64.99"","""","""""
"03/01/2024 15:00:00 - 03/01/2024 16:00:00,""BZN|NO3"",""Without Sequence"",""68.83"","""","""""
"03/01/2024 16:00:00 - 03/01/2024 17:00:00,""BZN|NO3"",""Without Sequence"",""73.59"","""","""""
"03/01/2024 17:00:00 - 03/01/2024 18:00:00,""BZN|NO3"",""Without Sequence"",""82.28"","""","""""
"03/01/2024 18:00:00 - 03/01/2024 19:00:00,""BZN|NO3"",""Without Sequence"",""82.97"","""","""""
"03/01/2024 19:00:00 - 03/01/2024 20:00:00,""BZN|NO3"",""Without Sequence"",""79.03"","""","""""
"03/01/2024 20:00:00 - 03/01/2024 21:00:00,""BZN|NO3"",""Without Sequence"",""73.23"","""","""""
"03/01/2024 21:00:00 - 03/01/2024 22:00:00,""BZN|NO3"",""Without Sequence"",""67.41"","""","""""
"03/01/2024 22:00:00 - 03/01/2024 23:00:00,""BZN|NO3"",""Without Sequence"",""65.00"","""","""""
"03/01/2024 23:00:00 - 04/01/2024 00:00:00,""BZN|NO3"",""Without Sequence"",""58.12"","""","""""
"04/01/2024 00:00:00 - 04/01/2024 01:00:00,""BZN|NO3"",""Without Sequence"",""58.71"","""","""""
"04/01/2024 01:00:00 - 04/01/2024 02:00:00,""BZN|NO3"",""Without Sequence"",""53.60"","""","""""
"04/01/2024 02:00:00 - 04/01/2024 03:00:00,""BZN|NO3"",""Without Sequence"",""54.44"","""","""""
"04/01/2024 03:00:00 - 04/01/2024 04:00:00,""BZN|NO3"",""Without Sequence"",""55.18"","""","""""
"04/01/2024 04:00:00 - 04/01/2024 05:00:00,""BZN|NO3"",""Without Sequence"",""58.25"","""","""""
"04/01/2024 05:00:00 - 04/01/2024 06:00:00,""BZN|NO3"",""Without Sequence"",""59.15"","""","""""
"04/01/2024 06:00:00 - 04/01/2024 07:00:00,""BZN|NO3"",""Without Sequence"",""72.65"","""","""""
"04/01/2024 07:00:00 - 04/01/2024 08:00:00,""BZN|NO3"",""Without Sequence"",""85.02"","""","""""
"04/01/2024 08:00:00 - 04/01/2024 09:00:00,""BZN|NO3"",""Without Sequence"",""91.47"","""","""""
"04/01/2024 09:00:00 - 04/01/2024 10:00:00,""BZN|NO3"",""Without Sequence"",""94.20"","""","""""
"04/01/2024 10:00:00 - 04/01/2024 11:00:00,""BZN|NO3"",""Without Sequence"",""91.98"","""","""""
"04/01/2024 11:00:00 - 04/01/2024 12:00:00,""BZN|NO3"",""Without Sequence"",""90.40"","""","""""
"04/01/2024 12:00:00 - 04/01/2024 13:00:00,""BZN|NO3"",""Without Sequence"",""86.69"","""","""""
"04/01/2024 13:00:00 - 04/01/2024 14:00:00,""BZN|NO3"",""Without Sequence"",""85.96"","""","""""
"04/01/2024 14:00:00 - 04/01/2024 15:00:00,""BZN|NO3"",""Without Sequence"",""92.11"","""","""""
"04/01/2024 15:00:00 - 04/01/2024 16:00:00,""BZN|NO3"",""Without Sequence"",""98.62"","""","""""
"04/01/2024 16:00:00 - 04/01/2024 17:00:00,""BZN|NO3"",""Without Sequence"",""105.73"","""","""""
"04/01/2024 17:00:00 - 04/01/2024 18:00:00,""BZN|NO3"",""Without Sequence"",""133.23"","""","""""
"04/01/2024 18:00:00 - 04/01/2024 19:00:00,""BZN|NO3"",""Without Sequence"",""144.65"","""","""""
"04/01/2024 19:00:00 - 04/01/2024 20:00:00,""BZN|NO3"",""Without Sequence"",""121.37"","""","""""
"04/01/2024 20:00:00 - 04/01/2024 21:00:00,""BZN|NO3"",""Without Sequence"",""100.58"","""","""""
"04/01/2024 21:00:00 - 04/01/2024 22:00:00,""BZN|NO3"",""Without Sequence"",""97.11"","""","""""
"04/01/2024 22:00:00 - 04/01/2024 23:00:00,""BZN|NO3"",""Without Sequence"",""94.28"","""","""""
"04/01/2024 23:00:00 - 05/01/2024 00:00:00,""BZN|NO3"",""Without Sequence"",""88.83"","""","""""
"05/01/2024 00:00:00 - 05/01/2024 01:00:00,""BZN|NO3"",""Without Sequence"",""88.83"","""","""""
"05/01/2024 01:00:00 - 05/01/2024 02:00:00,""BZN|NO3"",""Without Sequence"",""83.09"","""","""""
"05/01/2024 02:00:00 - 05/01/2024 03:00:00,""BZN|NO3"",""Without Sequence"",""80.00"","""","""""
"05/01/2024 03:00:00 - 05/01/2024 04:00:00,""BZN|NO3"",""Without Sequence"",""80.17"","""","""""
"05/01/2024 04:00:00 - 05/01/2024 05:00:00,""BZN|NO3"",""Without Sequence"",""82.49"","""","""""
"05/01/2024 05:00:00 - 05/01/2024 06:00:00,""BZN|NO3"",""Without Sequence"",""88.14"","""","""""
"05/01/2024 06:00:00 - 05/01/2024 07:00:00,""BZN|NO3"",""Without Sequence"",""109.79"","""","""""
"05/01/2024 07:00:00 - 05/01/2024 08:00:00,""BZN|NO3"",""Without Sequence"",""165.01"","""","""""
"05/01/2024 08:00:00 - 05/01/2024 09:00:00,""BZN|NO3"",""Without Sequence"",""199.27"","""","""""
"05/01/2024 09:00:00 - 05/01/2024 10:00:00,""BZN|NO3"",""Without Sequence"",""238.31"","""","""""
"05/01/2024 10:00:00 - 05/01/2024 11:00:00,""BZN|NO3"",""Without Sequence"",""255.86"","""","""""
"05/01/2024 11:00:00 - 05/01/2024 12:00:00,""BZN|NO3"",""Without Sequence"",""211.11"","""","""""
"05/01/2024 12:00:00 - 05/01/2024 13:00:00,""BZN|NO3"",""Without Sequence"",""203.28"","""","""""
"05/01/2024 13:00:00 - 05/01/2024 14:00:00,""BZN|NO3"",""Without Sequence"",""196.98"","""","""""
"05/01/2024 14:00:00 - 05/01/2024 15:00:00,""BZN|NO3"",""Without Sequence"",""197.86"","""","""""
"05/01/2024 15:00:00 - 05/01/2024 16:00:00,""BZN|NO3"",""Without Sequence"",""299.94"","""","""""
"05/01/2024 16:00:00 - 05/01/2024 17:00:00,""BZN|NO3"",""Without Sequence"",""449.64"","""","""""
"05/01/2024 17:00:00 - 05/01/2024 18:00:00,""BZN|NO3"",""Without Sequence"",""526.25"","""","""""
"05/01/2024 18:00:00 - 05/01/2024 19:00:00,""BZN|NO3"",""Without Sequence"",""349.95"","""","""""
"05/01/2024 19:00:00 - 05/01/2024 20:00:00,""BZN|NO3"",""Without Sequence"",""181.91"","""","""""
"05/01/2024 20:00:00 - 05/01/2024 21:00:00,""BZN|NO3"",""Without Sequence"",""149.60"","""","""""
"05/01/2024 21:00:00 - 05/01/2024 22:00:00,""BZN|NO3"",""Without Sequence"",""112.82"","""","""""
"05/01/2024 22:00:00 - 05/01/2024 23:00:00,""BZN|NO3"",""Without Sequence"",""100.10"","""","""""
"05/01/2024 23:00:00 - 06/01/2024 00:00:00,""BZN|NO3"",""Without Sequence"",""92.87"","""","""""
"06/01/2024 00:00:00 - 06/01/2024 01:00:00,""BZN|NO3"",""Without Sequence"",""84.88"","""","""""
"06/01/2024 01:00:00 - 06/01/2024 02:00:00,""BZN|NO3"",""Without Sequence"",""83.20"","""","""""
"06/01/2024 02:00:00 - 06/01/2024 03:00:00,""BZN|NO3"",""Without Sequence"",""82.03"","""","""""
"06/01/2024 03:00:00 - 06/01/2024 04:00:00,""BZN|NO3"",""Without Sequence"",""82.18"","""","""""
"06/01/2024 04:00:00 - 06/01/2024 05:00:00,""BZN|NO3"",""Without Sequence"",""82.53"","""","""""
"06/01/2024 05:00:00 - 06/01/2024 06:00:00,""BZN|NO3"",""Without Sequence"",""84.13"","""","""""
"06/01/2024 06:00:00 - 06/01/2024 07:00:00,""BZN|NO3"",""Without Sequence"",""84.48"","""","""""
"06/01/2024 07:00:00 - 06/01/2024 08:00:00,""BZN|NO3"",""Without Sequence"",""87.43"","""","""""
"06/01/2024 08:00:00 - 06/01/2024 09:00:00,""BZN|NO3"",""Without Sequence"",""90.87"","""","""""
"06/01/2024 09:00:00 - 06/01/2024 10:00:00,""BZN|NO3"",""Without Sequence"",""94.98"","""","""""
"06/01/2024 10:00:00 - 06/01/2024 11:00:00,""BZN|NO3"",""Without Sequence"",""100.41"","""","""""
"06/01/2024 11:00:00 - 06/01/2024 12:00:00,""BZN|NO3"",""Without Sequence"",""103.65"","""","""""
"06/01/2024 12:00:00 - 06/01/2024 13:00:00,""BZN|NO3"",""Without Sequence"",""102.33"","""","""""
"06/01/2024 13:00:00 - 06/01/2024 14:00:00,""BZN|NO3"",""Without Sequence"",""97.75"","""","""""
"06/01/2024 14:00:00 - 06/01/2024 15:00:00,""BZN|NO3"",""Without Sequence"",""95.51"","""","""""
"06/01/2024 15:00:00 - 06/01/2024 16:00:00,""BZN|NO3"",""Without Sequence"",""98.50"","""","""""
"06/01/2024 16:00:00 - 06/01/2024 17:00:00,""BZN|NO3"",""Without Sequence"",""110.00"","""","""""
"06/01/2024 17:00:00 - 06/01/2024 18:00:00,""BZN|NO3"",""Without Sequence"",""118.27"","""","""""
"06/01/2024 18:00:00 - 06/01/2024 19:00:00,""BZN|NO3"",""Without Sequence"",""106.94"","""","""""
"06/01/2024 19:00:00 - 06/01/2024 20:00:00,""BZN|NO3"",""Without Sequence"",""102.27"","""","""""
"06/01/2024 20:00:00 - 06/01/2024 21:00:00,""BZN|NO3"",""Without Sequence"",""94.98"","""","""""
"06/01/2024 21:00:00 - 06/01/2024 22:00:00,""BZN|NO3"",""Without Sequence"",""90.63"","""","""""
"06/01/2024 22:00:00 - 06/01/2024 23:00:00,""BZN|NO3"",""Without Sequence"",""89.34"","""","""""
"06/01/2024 23:00:00 - 07/01/2024 00:00:00,""BZN|NO3"",""Without Sequence"",""82.80"","""","""""
"07/01/2024 00:00:00 - 07/01/2024 01:00:00,""BZN|NO3"",""Without Sequence"",""86.15"","""","""""
"07/01/2024 01:00:00 - 07/01/2024 02:00:00,""BZN|NO3"",""Without Sequence"",""82.46"","""","""""
"07/01/2024 02:00:00 - 07/01/2024 03:00:00,""BZN|NO3"",""Without Sequence"",""79.22"","""","""""
"07/01/2024 03:00:00 - 07/01/2024 04:00:00,""BZN|NO3"",""Without Sequence"",""77.53"","""","""""
"07/01/2024 04:00:00 - 07/01/2024 05:00:00,""BZN|NO3"",""Without Sequence"",""76.89"","""","""""
"07/01/2024 05:00:00 - 07/01/2024 06:00:00,""BZN|NO3"",""Without Sequence"",""77.42"","""","""""
"07/01/2024 06:00:00 - 07/01/2024 07:00:00,""BZN|NO3"",""Without Sequence"",""78.45"","""","""""
"07/01/2024 07:00:00 - 07/01/2024 08:00:00,""BZN|NO3"",""Without Sequence"",""80.37"","""","""""
"07/01/2024 08:00:00 - 07/01/2024 09:00:00,""BZN|NO3"",""Without Sequence"",""84.21"","""","""""
"07/01/2024 09:00:00 - 07/01/2024 10:00:00,""BZN|NO3"",""Without Sequence"",""87.57"","""","""""
"07/01/2024 10:00:00 - 07/01/2024 11:00:00,""BZN|NO3"",""Without Sequence"",""89.75"","""","""""
"07/01/2024 11:00:00 - 07/01/2024 12:00:00,""BZN|NO3"",""Without Sequence"",""83.63"","""","""""
"07/01/2024 12:00:00 - 07/01/2024 13:00:00,""BZN|NO3"",""Without Sequence"",""76.05"","""","""""
"07/01/2024 13:00:00 - 07/01/2024 14:00:00,""BZN|NO3"",""Without Sequence"",""68.00"","""","""""
"07/01/2024 14:00:00 - 07/01/2024 15:00:00,""BZN|NO3"",""Without Sequence"",""64.85"","""","""""
"07/01/2024 15:00:00 - 07/01/2024 16:00:00,""BZN|NO3"",""Without Sequence"",""63.75"","""","""""
"07/01/2024 16:00:00 - 07/01/2024 17:00:00,""BZN|NO3"",""Without Sequence"",""60.26"","""","""""
"07/01/2024 17:00:00 - 07/01/2024 18:00:00,""BZN|NO3"",""Without Sequence"",""60.24"","""","""""
"07/01/2024 18:00:00 - 07/01/2024 19:00:00,""BZN|NO3"",""Without Sequence"",""60.19"","""","""""
"07/01/2024 19:00:00 - 07/01/2024 20:00:00,""BZN|NO3"",""Without Sequence"",""57.21"","""","""""
"07/01/2024 20:00:00 - 07/01/2024 21:00:00,""BZN|NO3"",""Without Sequence"",""55.19"","""","""""
"07/01/2024 21:00:00 - 07/01/2024 22:00:00,""BZN|NO3"",""Without Sequence"",""59.83"","""","""""
"07/01/2024 22:00:00 - 07/01/2024 23:00:00,""BZN|NO3"",""Without Sequence"",""58.35"","""","""""
"07/01/2024 23:00:00 - 08/01/2024 00:00:00,""BZN|NO3"",""Without Sequence"",""58.50"","""","""""
"08/01/2024 00:00:00 - 08/01/2024 01:00:00,""BZN|NO3"",""Without Sequence"",""54.06"","""","""""
"08/01/2024 01:00:00 - 08/01/2024 02:00:00,""BZN|NO3"",""Without Sequence"",""54.26"","""","""""
"08/01/2024 02:00:00 - 08/01/2024 03:00:00,""BZN|NO3"",""Without Sequence"",""54.72"","""","""""
"08/01/2024 03:00:00 - 08/01/2024 04:00:00,""BZN|NO3"",""Without Sequence"",""54.99"","""","""""
"08/01/2024 04:00:00 - 08/01/2024 05:00:00,""BZN|NO3"",""Without Sequence"",""56.11"","""","""""
"08/01/2024 05:00:00 - 08/01/2024 06:00:00,""BZN|NO3"",""Without Sequence"",""58.13"","""","""""
"08/01/2024 06:00:00 - 08/01/2024 07:00:00,""BZN|NO3"",""Without Sequence"",""55.01"","""","""""
"08/01/2024 07:00:00 - 08/01/2024 08:00:00,""BZN|NO3"",""Without Sequence"",""63.68"","""","""""
"08/01/2024 08:00:00 - 08/01/2024 09:00:00,""BZN|NO3"",""Without Sequence"",""66.20"","""","""""
"08/01/2024 09:00:00 - 08/01/2024 10:00:00,""BZN|NO3"",""Without Sequence"",""65.09"","""","""""
"08/01/2024 10:00:00 - 08/01/2024 11:00:00,""BZN|NO3"",""Without Sequence"",""59.66"","""","""""
"08/01/2024 11:00:00 - 08/01/2024 12:00:00,""BZN|NO3"",""Without Sequence"",""55.71"","""","""""
"08/01/2024 12:00:00 - 08/01/2024 13:00:00,""BZN|NO3"",""Without Sequence"",""54.59"","""","""""
"08/01/2024 13:00:00 - 08/01/2024 14:00:00,""BZN|NO3"",""Without Sequence"",""52.80"","""","""""
"08/01/2024 14:00:00 - 08/01/2024 15:00:00,""BZN|NO3"",""Without Sequence"",""52.12"","""","""""
"08/01/2024 15:00:00 - 08/01/2024 16:00:00,""BZN|NO3"",""Without Sequence"",""50.55"","""","""""
"08/01/2024 16:00:00 - 08/01/2024 17:00:00,""BZN|NO3"",""Without Sequence"",""50.52"","""","""""
"08/01/2024 17:00:00 - 08/01/2024 18:00:00,""BZN|NO3"",""Without Sequence"",""49.20"","""","""""
"08/01/2024 18:00:00 - 08/01/2024 19:00:00,""BZN|NO3"",""Without Sequence"",""47.14"","""","""""
"08/01/2024 19:00:00 - 08/01/2024 20:00:00,""BZN|NO3"",""Without Sequence"",""47.01"","""","""""
"08/01/2024 20:00:00 - 08/01/2024 21:00:00,""BZN|NO3"",""Without Sequence"",""46.76"","""","""""
"08/01/2024 21:00:00 - 08/01/2024 22:00:00,""BZN|NO3"",""Without Sequence"",""47.87"","""","""""
"08/01/2024 22:00:00 - 08/01/2024 23:00:00,""BZN|NO3"",""Without Sequence"",""48.23"","""","""""
"08/01/2024 23:00:00 - 09/01/2024 00:00:00,""BZN|NO3"",""Without Sequence"",""47.65"","""","""""
"09/01/2024 00:00:00 - 09/01/2024 01:00:00,""BZN|NO3"",""Without Sequence"",""27.71"","""","""""
"09/01/2024 01:00:00 - 09/01/2024 02:00:00,""BZN|NO3"",""Without Sequence"",""26.73"","""","""""
"09/01/2024 02:00:00 - 09/01/2024 03:00:00,""BZN|NO3"",""Without Sequence"",""26.33"","""","""""
"09/01/2024 03:00:00 - 09/01/2024 04:00:00,""BZN|NO3"",""Without Sequence"",""26.27"","""","""""
"09/01/2024 04:00:00 - 09/01/2024 05:00:00,""BZN|NO3"",""Without Sequence"",""26.88"","""","""""
"09/01/2024 05:00:00 - 09/01/2024 06:00:00,""BZN|NO3"",""Without Sequence"",""27.95"","""","""""
"09/01/2024 06:00:00 - 09/01/2024 07:00:00,""BZN|NO3"",""Without Sequence"",""28.26"","""","""""
"09/01/2024 07:00:00 - 09/01/2024 08:00:00,""BZN|NO3"",""Without Sequence"",""43.11"","""","""""
"09/01/2024 08:00:00 - 09/01/2024 09:00:00,""BZN|NO3"",""Without Sequence"",""47.72"","""","""""
"09/01/2024 09:00:00 - 09/01/2024 10:00:00,""BZN|NO3"",""Without Sequence"",""47.96"","""","""""
"09/01/2024 10:00:00 - 09/01/2024 11:00:00,""BZN|NO3"",""Without Sequence"",""48.93"","""","""""
"09/01/2024 11:00:00 - 09/01/2024 12:00:00,""BZN|NO3"",""Without Sequence"",""48.93"","""","""""
"09/01/2024 12:00:00 - 09/01/2024 13:00:00,""BZN|NO3"",""Without Sequence"",""50.28"","""","""""
"09/01/2024 13:00:00 - 09/01/2024 14:00:00,""BZN|NO3"",""Without Sequence"",""50.52"","""","""""
"09/01/2024 14:00:00 - 09/01/2024 15:00:00,""BZN|NO3"",""Without Sequence"",""50.53"","""","""""
"09/01/2024 15:00:00 - 09/01/2024 16:00:00,""BZN|NO3"",""Without Sequence"",""50.97"","""","""""
"09/01/2024 16:00:00 - 09/01/2024 17:00:00,""BZN|NO3"",""Without Sequence"",""51.72"","""","""""
"09/01/2024 17:00:00 - 09/01/2024 18:00:00,""BZN|NO3"",""Without Sequence"",""49.85"","""","""""
"09/01/2024 18:00:00 - 09/01/2024 19:00:00,""BZN|NO3"",""Without Sequence"",""49.83"","""","""""
"09/01/2024 19:00:00 - 09/01/2024 20:00:00,""BZN|NO3"",""Without Sequence"",""48.99"","""","""""
"09/01/2024 20:00:00 - 09/01/2024 21:00:00,""BZN|NO3"",""Without Sequence"",""48.94"","""","""""
"09/01/2024 21:00:00 - 09/01/2024 22:00:00,""BZN|NO3"",""Without Sequence"",""47.00"","""","""""
"09/01/2024 22:00:00 - 09/01/2024 23:00:00,""BZN|NO3"",""Without Sequence"",""48.83"","""","""""
"09/01/2024 23:00:00 - 10/01/2024 00:00:00,""BZN|NO3"",""Without Sequence"",""45.35"","""","""""
"10/01/2024 00:00:00 - 10/01/2024 01:00:00,""BZN|NO3"",""Without Sequence"",""50.99"","""","""""
"10/01/2024 01:00:00 - 10/01/2024 02:00:00,""BZN|NO3"",""Without Sequence"",""49.50"","""","""""
"10/01/2024 02:00:00 - 10/01/2024 03:00:00,""BZN|NO3"",""Without Sequence"",""47.41"","""","""""
"10/01/2024 03:00:00 - 10/01/2024 04:00:00,""BZN|NO3"",""Without Sequence"",""44.97"","""","""""
"10/01/2024 04:00:00 - 10/01/2024 05:00:00,""BZN|NO3"",""Without Sequence"",""41.97"","""","""""
"10/01/2024 05:00:00 - 10/01/2024 06:00:00,""BZN|NO3"",""Without Sequence"",""40.01"","""","""""
"10/01/2024 06:00:00 - 10/01/2024 07:00:00,""BZN|NO3"",""Without Sequence"",""41.92"","""","""""
"10/01/2024 07:00:00 - 10/01/2024 08:00:00,""BZN|NO3"",""Without Sequence"",""46.51"","""","""""
"10/01/2024 08:00:00 - 10/01/2024 09:00:00,""BZN|NO3"",""Without Sequence"",""49.35"","""","""""
"10/01/2024 09:00:00 - 10/01/2024 10:00:00,""BZN|NO3"",""Without Sequence"",""51.37"","""","""""
"10/01/2024 10:00:00 - 10/01/2024 11:00:00,""BZN|NO3"",""Without Sequence"",""51.35"","""","""""
"10/01/2024 11:00:00 - 10/01/2024 12:00:00,""BZN|NO3"",""Without Sequence"",""50.49"","""","""""
"10/01/2024 12:00:00 - 10/01/2024 13:00:00,""BZN|NO3"",""Without Sequence"",""50.57"","""","""""
"10/01/2024 13:00:00 - 10/01/2024 14:00:00,""BZN|NO3"",""Without Sequence"",""50.38"","""","""""
"10/01/2024 14:00:00 - 10/01/2024 15:00:00,""BZN|NO3"",""Without Sequence"",""50.08"","""","""""
"10/01/2024 15:00:00 - 10/01/2024 16:00:00,""BZN|NO3"",""Without Sequence"",""49.96"","""","""""
"10/01/2024 16:00:00 - 10/01/2024 17:00:00,""BZN|NO3"",""Without Sequence"",""50.29"","""","""""
"10/01/2024 17:00:00 - 10/01/2024 18:00:00,""BZN|NO3"",""Without Sequence"",""49.17"","""","""""
"10/01/2024 18:00:00 - 10/01/2024 19:00:00,""BZN|NO3"",""Without Sequence"",""50.14"","""","""""
"10/01/2024 19:00:00 - 10/01/2024 20:00:00,""BZN|NO3"",""Without Sequence"",""49.64"","""","""""
"10/01/2024 20:00:00 - 10/01/2024 21:00:00,""BZN|NO3"",""Without Sequence"",""49.42"","""","""""
"10/01/2024 21:00:00 - 10/01/2024 22:00:00,""BZN|NO3"",""Without Sequence"",""46.85"","""","""""
"10/01/2024 22:00:00 - 10/01/2024 23:00:00,""BZN|NO3"",""Without Sequence"",""44.90"","""","""""
"10/01/2024 23:00:00 - 11/01/2024 00:00:00,""BZN|NO3"",""Without Sequence"",""42.91"","""","""""
"11/01/2024 00:00:00 - 11/01/2024 01:00:00,""BZN|NO3"",""Without Sequence"",""37.83"","""","""""
"11/01/2024 01:00:00 - 11/01/2024 02:00:00,""BZN|NO3"",""Without Sequence"",""38.50"","""","""""
"11/01/2024 02:00:00 - 11/01/2024 03:00:00,""BZN|NO3"",""Without Sequence"",""40.75"","""","""""
"11/01/2024 03:00:00 - 11/01/2024 04:00:00,""BZN|NO3"",""Without Sequence"",""44.46"","""","""""
"11/01/2024 04:00:00 - 11/01/2024 05:00:00,""BZN|NO3"",""Without Sequence"",""50.31"","""","""""
"11/01/2024 05:00:00 - 11/01/2024 06:00:00,""BZN|NO3"",""Without Sequence"",""51.98"","""","""""
"11/01/2024 06:00:00 - 11/01/2024 07:00:00,""BZN|NO3"",""Without Sequence"",""58.95"","""","""""
"11/01/2024 07:00:00 - 11/01/2024 08:00:00,""BZN|NO3"",""Without Sequence"",""70.06"","""","""""
"11/01/2024 08:00:00 - 11/01/2024 09:00:00,""BZN|NO3"",""Without Sequence"",""71.92"","""","""""
"11/01/2024 09:00:00 - 11/01/2024 10:00:00,""BZN|NO3"",""Without Sequence"",""71.64"","""","""""
"11/01/2024 10:00:00 - 11/01/2024 11:00:00,""BZN|NO3"",""Without Sequence"",""72.16"","""","""""
"11/01/2024 11:00:00 - 11/01/2024 12:00:00,""BZN|NO3"",""Without Sequence"",""74.91"","""","""""
"11/01/2024 12:00:00 - 11/01/2024 13:00:00,""BZN|NO3"",""Without Sequence"",""73.37"","""","""""
"11/01/2024 13:00:00 - 11/01/2024 14:00:00,""BZN|NO3"",""Without Sequence"",""73.69"","""","""""
"11/01/2024 14:00:00 - 11/01/2024 15:00:00,""BZN|NO3"",""Without Sequence"",""73.82"","""","""""
"11/01/2024 15:00:00 - 11/01/2024 16:00:00,""BZN|NO3"",""Without Sequence"",""71.03"","""","""""
"11/01/2024 16:00:00 - 11/01/2024 17:00:00,""BZN|NO3"",""Without Sequence"",""62.89"","""","""""
"11/01/2024 17:00:00 - 11/01/2024 18:00:00,""BZN|NO3"",""Without Sequence"",""59.44"","""","""""
"11/01/2024 18:00:00 - 11/01/2024 19:00:00,""BZN|NO3"",""Without Sequence"",""59.21"","""","""""
"11/01/2024 19:00:00 - 11/01/2024 20:00:00,""BZN|NO3"",""Without Sequence"",""54.19"","""","""""
"11/01/2024 20:00:00 - 11/01/2024 21:00:00,""BZN|NO3"",""Without Sequence"",""49.58"","""","""""
"11/01/2024 21:00:00 - 11/01/2024 22:00:00,""BZN|NO3"",""Without Sequence"",""46.31"","""","""""
"11/01/2024 22:00:00 - 11/01/2024 23:00:00,""BZN|NO3"",""Without Sequence"",""43.90"","""","""""
"11/01/2024 23:00:00 - 12/01/2024 00:00:00,""BZN|NO3"",""Without Sequence"",""42.01"","""","""""
"12/01/2024 00:00:00 - 12/01/2024 01:00:00,""BZN|NO3"",""Without Sequence"",""44.96"","""","""""
"12/01/2024 01:00:00 - 12/01/2024 02:00:00,""BZN|NO3"",""Without Sequence"",""45.08"","""","""""
"12/01/2024 02:00:00 - 12/01/2024 03:00:00,""BZN|NO3"",""Without Sequence"",""45.02"","""","""""
"12/01/2024 03:00:00 - 12/01/2024 04:00:00,""BZN|NO3"",""Without Sequence"",""44.45"","""","""""
"12/01/2024 04:00:00 - 12/01/2024 05:00:00,""BZN|NO3"",""Without Sequence"",""44.12"","""","""""
"12/01/2024 05:00:00 - 12/01/2024 06:00:00,""BZN|NO3"",""Without Sequence"",""44.18"","""","""""
"12/01/2024 06:00:00 - 12/01/2024 07:00:00,""BZN|NO3"",""Without Sequence"",""43.94"","""","""""
"12/01/2024 07:00:00 - 12/01/2024 08:00:00,""BZN|NO3"",""Without Sequence"",""46.47"","""","""""
"12/01/2024 08:00:00 - 12/01/2024 09:00:00,""BZN|NO3"",""Without Sequence"",""48.26"","""","""""
"12/01/2024 09:00:00 - 12/01/2024 10:00:00,""BZN|NO3"",""Without Sequence"",""49.55"","""","""""
"12/01/2024 10:00:00 - 12/01/2024 11:00:00,""BZN|NO3"",""Without Sequence"",""52.18"","""","""""
"12/01/2024 11:00:00 - 12/01/2024 12:00:00,""BZN|NO3"",""Without Sequence"",""55.68"","""","""""
"12/01/2024 12:00:00 - 12/01/2024 13:00:00,""BZN|NO3"",""Without Sequence"",""62.39"","""","""""
"12/01/2024 13:00:00 - 12/01/2024 14:00:00,""BZN|NO3"",""Without Sequence"",""66.05"","""","""""
"12/01/2024 14:00:00 - 12/01/2024 15:00:00,""BZN|NO3"",""Without Sequence"",""69.63"","""","""""
"12/01/2024 15:00:00 - 12/01/2024 16:00:00,""BZN|NO3"",""Without Sequence"",""70.26"","""","""""
"12/01/2024 16:00:00 - 12/01/2024 17:00:00,""BZN|NO3"",""Without Sequence"",""69.19"","""","""""
"12/01/2024 17:00:00 - 12/01/2024 18:00:00,""BZN|NO3"",""Without Sequence"",""65.11"","""","""""
"12/01/2024 18:00:00 - 12/01/2024 19:00:00,""BZN|NO3"",""Without Sequence"",""63.79"","""","""""
"12/01/2024 19:00:00 - 12/01/2024 20:00:00,""BZN|NO3"",""Without Sequence"",""58.27"","""","""""
"12/01/2024 20:00:00 - 12/01/2024 21:00:00,""BZN|NO3"",""Without Sequence"",""53.82"","""","""""
"12/01/2024 21:00:00 - 12/01/2024 22:00:00,""BZN|NO3"",""Without Sequence"",""49.22"","""","""""
"12/01/2024 22:00:00 - 12/01/2024 23:00:00,""BZN|NO3"",""Without Sequence"",""48.07"","""","""""
"12/01/2024 23:00:00 - 13/01/2024 00:00:00,""BZN|NO3"",""Without Sequence"",""46.13"","""","""""
"13/01/2024 00:00:00 - 13/01/2024 01:00:00,""BZN|NO3"",""Without Sequence"",""49.69"","""","""""
"13/01/2024 01:00:00 - 13/01/2024 02:00:00,""BZN|NO3"",""Without Sequence"",""46.63"","""","""""
"13/01/2024 02:00:00 - 13/01/2024 03:00:00,""BZN|NO3"",""Without Sequence"",""44.00"","""","""""
"13/01/2024 03:00:00 - 13/01/2024 04:00:00,""BZN|NO3"",""Without Sequence"",""42.47"","""","""""
"13/01/2024 04:00:00 - 13/01/2024 05:00:00,""BZN|NO3"",""Without Sequence"",""42.54"","""","""""
"13/01/2024 05:00:00 - 13/01/2024 06:00:00,""BZN|NO3"",""Without Sequence"",""43.53"","""","""""
"13/01/2024 06:00:00 - 13/01/2024 07:00:00,""BZN|NO3"",""Without Sequence"",""45.62"","""","""""
"13/01/2024 07:00:00 - 13/01/2024 08:00:00,""BZN|NO3"",""Without Sequence"",""51.20"","""","""""
"13/01/2024 08:00:00 - 13/01/2024 09:00:00,""BZN|NO3"",""Without Sequence"",""57.93"","""","""""
"13/01/2024 09:00:00 - 13/01/2024 10:00:00,""BZN|NO3"",""Without Sequence"",""59.17"","""","""""
"13/01/2024 10:00:00 - 13/01/2024 11:00:00,""BZN|NO3"",""Without Sequence"",""59.21"","""","""""
"13/01/2024 11:00:00 - 13/01/2024 12:00:00,""BZN|NO3"",""Without Sequence"",""58.37"","""","""""
"13/01/2024 12:00:00 - 13/01/2024 13:00:00,""BZN|NO3"",""Without Sequence"",""56.20"","""","""""
"13/01/2024 13:00:00 - 13/01/2024 14:00:00,""BZN|NO3"",""Without Sequence"",""56.36"","""","""""
"13/01/2024 14:00:00 - 13/01/2024 15:00:00,""BZN|NO3"",""Without Sequence"",""59.17"","""","""""
"13/01/2024 15:00:00 - 13/01/2024 16:00:00,""BZN|NO3"",""Without Sequence"",""65.73"","""","""""
"13/01/2024 16:00:00 - 13/01/2024 17:00:00,""BZN|NO3"",""Without Sequence"",""65.69"","""","""""
"13/01/2024 17:00:00 - 13/01/2024 18:00:00,""BZN|NO3"",""Without Sequence"",""62.08"","""","""""
"13/01/2024 18:00:00 - 13/01/2024 19:00:00,""BZN|NO3"",""Without Sequence"",""56.07"","""","""""
"13/01/2024 19:00:00 - 13/01/2024 20:00:00,""BZN|NO3"",""Without Sequence"",""55.79"","""","""""
"13/01/2024 20:00:00 - 13/01/2024 21:00:00,""BZN|NO3"",""Without Sequence"",""56.29"","""","""""
"13/01/2024 21:00:00 - 13/01/2024 22:00:00,""BZN|NO3"",""Without Sequence"",""59.15"","""","""""
"13/01/2024 22:00:00 - 13/01/2024 23:00:00,""BZN|NO3"",""Without Sequence"",""62.76"","""","""""
"13/01/2024 23:00:00 - 14/01/2024 00:00:00,""BZN|NO3"",""Without Sequence"",""61.65"","""","""""
"14/01/2024 00:00:00 - 14/01/2024 01:00:00,""BZN|NO3"",""Without Sequence"",""64.02"","""","""""
"14/01/2024 01:00:00 - 14/01/2024 02:00:00,""BZN|NO3"",""Without Sequence"",""62.11"","""","""""
"14/01/2024 02:00:00 - 14/01/2024 03:00:00,""BZN|NO3"",""Without Sequence"",""62.93"","""","""""
"14/01/2024 03:00:00 - 14/01/2024 04:00:00,""BZN|NO3"",""Without Sequence"",""64.01"","""","""""
"14/01/2024 04:00:00 - 14/01/2024 05:00:00,""BZN|NO3"",""Without Sequence"",""64.67"","""","""""
"14/01/2024 05:00:00 - 14/01/2024 06:00:00,""BZN|NO3"",""Without Sequence"",""65.20"","""","""""
"14/01/2024 06:00:00 - 14/01/2024 07:00:00,""BZN|NO3"",""Without Sequence"",""67.31"","""","""""
"14/01/2024 07:00:00 - 14/01/2024 08:00:00,""BZN|NO3"",""Without Sequence"",""71.66"","""","""""
"14/01/2024 08:00:00 - 14/01/2024 09:00:00,""BZN|NO3"",""Without Sequence"",""76.74"","""","""""
"14/01/2024 09:00:00 - 14/01/2024 10:00:00,""BZN|NO3"",""Without Sequence"",""81.14"","""","""""
"14/01/2024 10:00:00 - 14/01/2024 11:00:00,""BZN|NO3"",""Without Sequence"",""80.63"","""","""""
"14/01/2024 11:00:00 - 14/01/2024 12:00:00,""BZN|NO3"",""Without Sequence"",""81.84"","""","""""
"14/01/2024 12:00:00 - 14/01/2024 13:00:00,""BZN|NO3"",""Without Sequence"",""80.39"","""","""""
"14/01/2024 13:00:00 - 14/01/2024 14:00:00,""BZN|NO3"",""Without Sequence"",""77.04"","""","""""
"14/01/2024 14:00:00 - 14/01/2024 15:00:00,""BZN|NO3"",""Without Sequence"",""79.15"","""","""""
"14/01/2024 15:00:00 - 14/01/2024 16:00:00,""BZN|NO3"",""Without Sequence"",""80.13"","""","""""
"14/01/2024 16:00:00 - 14/01/2024 17:00:00,""BZN|NO3"",""Without Sequence"",""77.51"","""","""""
"14/01/2024 17:00:00 - 14/01/2024 18:00:00,""BZN|NO3"",""Without Sequence"",""75.05"","""","""""
"14/01/2024 18:00:00 - 14/01/2024 19:00:00,""BZN|NO3"",""Without Sequence"",""74.86"","""","""""
"14/01/2024 19:00:00 - 14/01/2024 20:00:00,""BZN|NO3"",""Without Sequence"",""73.96"","""","""""
"14/01/2024 20:00:00 - 14/01/2024 21:00:00,""BZN|NO3"",""Without Sequence"",""73.86"","""","""""
"14/01/2024 21:00:00 - 14/01/2024 22:00:00,""BZN|NO3"",""Without Sequence"",""73.70"","""","""""
"14/01/2024 22:00:00 - 14/01/2024 23:00:00,""BZN|NO3"",""Without Sequence"",""73.17"","""","""""
"14/01/2024 23:00:00 - 15/01/2024 00:00:00,""BZN|NO3"",""Without Sequence"",""66.89"","""","""""
"15/01/2024 00:00:00 - 15/01/2024 01:00:00,""BZN|NO3"",""Without Sequence"",""69.65"","""","""""
"15/01/2024 01:00:00 - 15/01/2024 02:00:00,""BZN|NO3"",""Without Sequence"",""67.08"","""","""""
"15/01/2024 02:00:00 - 15/01/2024 03:00:00,""BZN|NO3"",""Without Sequence"",""65.98"","""","""""
"15/01/2024 03:00:00 - 15/01/2024 04:00:00,""BZN|NO3"",""Without Sequence"",""64.03"","""","""""
"15/01/2024 04:00:00 - 15/01/2024 05:00:00,""BZN|NO3"",""Without Sequence"",""64.93"","""","""""
"15/01/2024 05:00:00 - 15/01/2024 06:00:00,""BZN|NO3"",""Without Sequence"",""70.57"","""","""""
"15/01/2024 06:00:00 - 15/01/2024 07:00:00,""BZN|NO3"",""Without Sequence"",""79.95"","""","""""
"15/01/2024 07:00:00 - 15/01/2024 08:00:00,""BZN|NO3"",""Without Sequence"",""83.84"","""","""""
"15/01/2024 08:00:00 - 15/01/2024 09:00:00,""BZN|NO3"",""Without Sequence"",""99.30"","""","""""
"15/01/2024 09:00:00 - 15/01/2024 10:00:00,""BZN|NO3"",""Without Sequence"",""99.99"","""","""""
"15/01/2024 10:00:00 - 15/01/2024 11:00:00,""BZN|NO3"",""Without Sequence"",""94.88"","""","""""
"15/01/2024 11:00:00 - 15/01/2024 12:00:00,""BZN|NO3"",""Without Sequence"",""90.26"","""","""""
"15/01/2024 12:00:00 - 15/01/2024 13:00:00,""BZN|NO3"",""Without Sequence"",""85.40"","""","""""
"15/01/2024 13:00:00 - 15/01/2024 14:00:00,""BZN|NO3"",""Without Sequence"",""82.15"","""","""""
"15/01/2024 14:00:00 - 15/01/2024 15:00:00,""BZN|NO3"",""Without Sequence"",""84.88"","""","""""
"15/01/2024 15:00:00 - 15/01/2024 16:00:00,""BZN|NO3"",""Without Sequence"",""89.44"","""","""""
"15/01/2024 16:00:00 - 15/01/2024 17:00:00,""BZN|NO3"",""Without Sequence"",""97.02"","""","""""
"15/01/2024 17:00:00 - 15/01/2024 18:00:00,""BZN|NO3"",""Without Sequence"",""100.69"","""","""""
"15/01/2024 18:00:00 - 15/01/2024 19:00:00,""BZN|NO3"",""Without Sequence"",""99.37"","""","""""
"15/01/2024 19:00:00 - 15/01/2024 20:00:00,""BZN|NO3"",""Without Sequence"",""94.28"","""","""""
"15/01/2024 20:00:00 - 15/01/2024 21:00:00,""BZN|NO3"",""Without Sequence"",""94.99"","""","""""
"15/01/2024 21:00:00 - 15/01/2024 22:00:00,""BZN|NO3"",""Without Sequence"",""88.71"","""","""""
"15/01/2024 22:00:00 - 15/01/2024 23:00:00,""BZN|NO3"",""Without Sequence"",""86.90"","""","""""
"15/01/2024 23:00:00 - 16/01/2024 00:00:00,""BZN|NO3"",""Without Sequence"",""85.74"","""","""""
"16/01/2024 00:00:00 - 16/01/2024 01:00:00,""BZN|NO3"",""Without Sequence"",""82.19"","""","""""
"16/01/2024 01:00:00 - 16/01/2024 02:00:00,""BZN|NO3"",""Without Sequence"",""81.40"","""","""""
"16/01/2024 02:00:00 - 16/01/2024 03:00:00,""BZN|NO3"",""Without Sequence"",""80.07"","""","""""
"16/01/2024 03:00:00 - 16/01/2024 04:00:00,""BZN|NO3"",""Without Sequence"",""78.26"","""","""""
"16/01/2024 04:00:00 - 16/01/2024 05:00:00,""BZN|NO3"",""Without Sequence"",""77.59"","""","""""
"16/01/2024 05:00:00 - 16/01/2024 06:00:00,""BZN|NO3"",""Without Sequence"",""83.45"","""","""""
"16/01/2024 06:00:00 - 16/01/2024 07:00:00,""BZN|NO3"",""Without Sequence"",""92.57"","""","""""
"16/01/2024 07:00:00 - 16/01/2024 08:00:00,""BZN|NO3"",""Without Sequence"",""100.21"","""","""""
"16/01/2024 08:00:00 - 16/01/2024 09:00:00,""BZN|NO3"",""Without Sequence"",""128.84"","""","""""
"16/01/2024 09:00:00 - 16/01/2024 10:00:00,""BZN|NO3"",""Without Sequence"",""126.06"","""","""""
"16/01/2024 10:00:00 - 16/01/2024 11:00:00,""BZN|NO3"",""Without Sequence"",""108.76"","""","""""
"16/01/2024 11:00:00 - 16/01/2024 12:00:00,""BZN|NO3"",""Without Sequence"",""100.78"","""","""""
"16/01/2024 12:00:00 - 16/01/2024 13:00:00,""BZN|NO3"",""Without Sequence"",""100.43"","""","""""
"16/01/2024 13:00:00 - 16/01/2024 14:00:00,""BZN|NO3"",""Without Sequence"",""94.65"","""","""""
"16/01/2024 14:00:00 - 16/01/2024 15:00:00,""BZN|NO3"",""Without Sequence"",""95.31"","""","""""
"16/01/2024 15:00:00 - 16/01/2024 16:00:00,""BZN|NO3"",""Without Sequence"",""101.57"","""","""""
"16/01/2024 16:00:00 - 16/01/2024 17:00:00,""BZN|NO3"",""Without Sequence"",""108.16"","""","""""
"16/01/2024 17:00:00 - 16/01/2024 18:00:00,""BZN|NO3"",""Without Sequence"",""102.99"","""","""""
"16/01/2024 18:00:00 - 16/01/2024 19:00:00,""BZN|NO3"",""Without Sequence"",""123.62"","""","""""
"16/01/2024 19:00:00 - 16/01/2024 20:00:00,""BZN|NO3"",""Without Sequence"",""111.77"","""","""""
"16/01/2024 20:00:00 - 16/01/2024 21:00:00,""BZN|NO3"",""Without Sequence"",""95.49"","""","""""
"16/01/2024 21:00:00 - 16/01/2024 22:00:00,""BZN|NO3"",""Without Sequence"",""86.21"","""","""""
"16/01/2024 22:00:00 - 16/01/2024 23:00:00,""BZN|NO3"",""Without Sequence"",""82.04"","""","""""
"16/01/2024 23:00:00 - 17/01/2024 00:00:00,""BZN|NO3"",""Without Sequence"",""77.69"","""","""""
"17/01/2024 00:00:00 - 17/01/2024 01:00:00,""BZN|NO3"",""Without Sequence"",""69.89"","""","""""
"17/01/2024 01:00:00 - 17/01/2024 02:00:00,""BZN|NO3"",""Without Sequence"",""69.36"","""","""""
"17/01/2024 02:00:00 - 17/01/2024 03:00:00,""BZN|NO3"",""Without Sequence"",""68.47"","""","""""
"17/01/2024 03:00:00 - 17/01/2024 04:00:00,""BZN|NO3"",""Without Sequence"",""67.56"","""","""""
"17/01/2024 04:00:00 - 17/01/2024 05:00:00,""BZN|NO3"",""Without Sequence"",""67.31"","""","""""
"17/01/2024 05:00:00 - 17/01/2024 06:00:00,""BZN|NO3"",""Without Sequence"",""67.28"","""","""""
"17/01/2024 06:00:00 - 17/01/2024 07:00:00,""BZN|NO3"",""Without Sequence"",""70.65"","""","""""
"17/01/2024 07:00:00 - 17/01/2024 08:00:00,""BZN|NO3"",""Without Sequence"",""79.94"","""","""""
"17/01/2024 08:00:00 - 17/01/2024 09:00:00,""BZN|NO3"",""Without Sequence"",""95.35"","""","""""
"17/01/2024 09:00:00 - 17/01/2024 10:00:00,""BZN|NO3"",""Without Sequence"",""102.87"","""","""""
"17/01/2024 10:00:00 - 17/01/2024 11:00:00,""BZN|NO3"",""Without Sequence"",""106.76"","""","""""
"17/01/2024 11:00:00 - 17/01/2024 12:00:00,""BZN|NO3"",""Without Sequence"",""96.28"","""","""""
"17/01/2024 12:00:00 - 17/01/2024 13:00:00,""BZN|NO3"",""Without Sequence"",""83.97"","""","""""
"17/01/2024 13:00:00 - 17/01/2024 14:00:00,""BZN|NO3"",""Without Sequence"",""78.48"","""","""""
"17/01/2024 14:00:00 - 17/01/2024 15:00:00,""BZN|NO3"",""Without Sequence"",""71.22"","""","""""
"17/01/2024 15:00:00 - 17/01/2024 16:00:00,""BZN|NO3"",""Without Sequence"",""67.45"","""","""""
"17/01/2024 16:00:00 - 17/01/2024 17:00:00,""BZN|NO3"",""Without Sequence"",""69.73"","""","""""
"17/01/2024 17:00:00 - 17/01/2024 18:00:00,""BZN|NO3"",""Without Sequence"",""68.85"","""","""""
"17/01/2024 18:00:00 - 17/01/2024 19:00:00,""BZN|NO3"",""Without Sequence"",""66.82"","""","""""
"17/01/2024 19:00:00 - 17/01/2024 20:00:00,""BZN|NO3"",""Without Sequence"",""70.55"","""","""""
"17/01/2024 20:00:00 - 17/01/2024 21:00:00,""BZN|NO3"",""Without Sequence"",""68.86"","""","""""
"17/01/2024 21:00:00 - 17/01/2024 22:00:00,""BZN|NO3"",""Without Sequence"",""68.36"","""","""""
"17/01/2024 22:00:00 - 17/01/2024 23:00:00,""BZN|NO3"",""Without Sequence"",""67.76"","""","""""
"17/01/2024 23:00:00 - 18/01/2024 00:00:00,""BZN|NO3"",""Without Sequence"",""65.35"","""","""""
"18/01/2024 00:00:00 - 18/01/2024 01:00:00,""BZN|NO3"",""Without Sequence"",""65.93"","""","""""
"18/01/2024 01:00:00 - 18/01/2024 02:00:00,""BZN|NO3"",""Without Sequence"",""64.12"","""","""""
"18/01/2024 02:00:00 - 18/01/2024 03:00:00,""BZN|NO3"",""Without Sequence"",""62.95"","""","""""
"18/01/2024 03:00:00 - 18/01/2024 04:00:00,""BZN|NO3"",""Without Sequence"",""62.15"","""","""""
"18/01/2024 04:00:00 - 18/01/2024 05:00:00,""BZN|NO3"",""Without Sequence"",""54.47"","""","""""
"18/01/2024 05:00:00 - 18/01/2024 06:00:00,""BZN|NO3"",""Without Sequence"",""58.03"","""","""""
"18/01/2024 06:00:00 - 18/01/2024 07:00:00,""BZN|NO3"",""Without Sequence"",""65.74"","""","""""
"18/01/2024 07:00:00 - 18/01/2024 08:00:00,""BZN|NO3"",""Without Sequence"",""68.97"","""","""""
"18/01/2024 08:00:00 - 18/01/2024 09:00:00,""BZN|NO3"",""Without Sequence"",""73.14"","""","""""
"18/01/2024 09:00:00 - 18/01/2024 10:00:00,""BZN|NO3"",""Without Sequence"",""71.98"","""","""""
"18/01/2024 10:00:00 - 18/01/2024 11:00:00,""BZN|NO3"",""Without Sequence"",""69.59"","""","""""
"18/01/2024 11:00:00 - 18/01/2024 12:00:00,""BZN|NO3"",""Without Sequence"",""68.31"","""","""""
"18/01/2024 12:00:00 - 18/01/2024 13:00:00,""BZN|NO3"",""Without Sequence"",""67.17"","""","""""
"18/01/2024 13:00:00 - 18/01/2024 14:00:00,""BZN|NO3"",""Without Sequence"",""65.74"","""","""""
"18/01/2024 14:00:00 - 18/01/2024 15:00:00,""BZN|NO3"",""Without Sequence"",""63.84"","""","""""
"18/01/2024 15:00:00 - 18/01/2024 16:00:00,""BZN|NO3"",""Without Sequence"",""63.91"","""","""""
"18/01/2024 16:00:00 - 18/01/2024 17:00:00,""BZN|NO3"",""Without Sequence"",""64.82"","""","""""
"18/01/2024 17:00:00 - 18/01/2024 18:00:00,""BZN|NO3"",""Without Sequence"",""64.69"","""","""""
"18/01/2024 18:00:00 - 18/01/2024 19:00:00,""BZN|NO3"",""Without Sequence"",""64.23"","""","""""
"18/01/2024 19:00:00 - 18/01/2024 20:00:00,""BZN|NO3"",""Without Sequence"",""61.79"","""","""""
"18/01/2024 20:00:00 - 18/01/2024 21:00:00,""BZN|NO3"",""Without Sequence"",""58.99"","""","""""
"18/01/2024 21:00:00 - 18/01/2024 22:00:00,""BZN|NO3"",""Without Sequence"",""63.10"","""","""""
"18/01/2024 22:00:00 - 18/01/2024 23:00:00,""BZN|NO3"",""Without Sequence"",""59.72"","""","""""
"18/01/2024 23:00:00 - 19/01/2024 00:00:00,""BZN|NO3"",""Without Sequence"",""59.33"","""","""""
"19/01/2024 00:00:00 - 19/01/2024 01:00:00,""BZN|NO3"",""Without Sequence"",""52.93"","""","""""
"19/01/2024 01:00:00 - 19/01/2024 02:00:00,""BZN|NO3"",""Without Sequence"",""51.00"","""","""""
"19/01/2024 02:00:00 - 19/01/2024 03:00:00,""BZN|NO3"",""Without Sequence"",""49.91"","""","""""
"19/01/2024 03:00:00 - 19/01/2024 04:00:00,""BZN|NO3"",""Without Sequence"",""49.82"","""","""""
"19/01/2024 04:00:00 - 19/01/2024 05:00:00,""BZN|NO3"",""Without Sequence"",""50.89"","""","""""
"19/01/2024 05:00:00 - 19/01/2024 06:00:00,""BZN|NO3"",""Without Sequence"",""54.35"","""","""""
"19/01/2024 06:00:00 - 19/01/2024 07:00:00,""BZN|NO3"",""Without Sequence"",""53.15"","""","""""
"19/01/2024 07:00:00 - 19/01/2024 08:00:00,""BZN|NO3"",""Without Sequence"",""61.90"","""","""""
"19/01/2024 08:00:00 - 19/01/2024 09:00:00,""BZN|NO3"",""Without Sequence"",""66.02"","""","""""
"19/01/2024 09:00:00 - 19/01/2024 10:00:00,""BZN|NO3"",""Without Sequence"",""67.33"","""","""""
"19/01/2024 10:00:00 - 19/01/2024 11:00:00,""BZN|NO3"",""Without Sequence"",""68.32"","""","""""
"19/01/2024 11:00:00 - 19/01/2024 12:00:00,""BZN|NO3"",""Without Sequence"",""72.13"","""","""""
"19/01/2024 12:00:00 - 19/01/2024 13:00:00,""BZN|NO3"",""Without Sequence"",""74.59"","""","""""
"19/01/2024 13:00:00 - 19/01/2024 14:00:00,""BZN|NO3"",""Without Sequence"",""75.15"","""","""""
"19/01/2024 14:00:00 - 19/01/2024 15:00:00,""BZN|NO3"",""Without Sequence"",""76.91"","""","""""
"19/01/2024 15:00:00 - 19/01/2024 16:00:00,""BZN|NO3"",""Without Sequence"",""80.16"","""","""""
"19/01/2024 16:00:00 - 19/01/2024 17:00:00,""BZN|NO3"",""Without Sequence"",""89.73"","""","""""
"19/01/2024 17:00:00 - 19/01/2024 18:00:00,""BZN|NO3"",""Without Sequence"",""106.59"","""","""""
"19/01/2024 18:00:00 - 19/01/2024 19:00:00,""BZN|NO3"",""Without Sequence"",""108.49"","""","""""
"19/01/2024 19:00:00 - 19/01/2024 20:00:00,""BZN|NO3"",""Without Sequence"",""85.10"","""","""""
"19/01/2024 20:00:00 - 19/01/2024 21:00:00,""BZN|NO3"",""Without Sequence"",""75.82"","""","""""
"19/01/2024 21:00:00 - 19/01/2024 22:00:00,""BZN|NO3"",""Without Sequence"",""73.01"","""","""""
"19/01/2024 22:00:00 - 19/01/2024 23:00:00,""BZN|NO3"",""Without Sequence"",""70.69"","""","""""
"19/01/2024 23:00:00 - 20/01/2024 00:00:00,""BZN|NO3"",""Without Sequence"",""66.69"","""","""""
"20/01/2024 00:00:00 - 20/01/2024 01:00:00,""BZN|NO3"",""Without Sequence"",""67.62"","""","""""
"20/01/2024 01:00:00 - 20/01/2024 02:00:00,""BZN|NO3"",""Without Sequence"",""65.01"","""","""""
"20/01/2024 02:00:00 - 20/01/2024 03:00:00,""BZN|NO3"",""Without Sequence"",""65.10"","""","""""
"20/01/2024 03:00:00 - 20/01/2024 04:00:00,""BZN|NO3"",""Without Sequence"",""63.34"","""","""""
"20/01/2024 04:00:00 - 20/01/2024 05:00:00,""BZN|NO3"",""Without Sequence"",""63.37"","""","""""
"20/01/2024 05:00:00 - 20/01/2024 06:00:00,""BZN|NO3"",""Without Sequence"",""63.26"","""","""""
"20/01/2024 06:00:00 - 20/01/2024 07:00:00,""BZN|NO3"",""Without Sequence"",""64.45"","""","""""
"20/01/2024 07:00:00 - 20/01/2024 08:00:00,""BZN|NO3"",""Without Sequence"",""67.48"","""","""""
"20/01/2024 08:00:00 - 20/01/2024 09:00:00,""BZN|NO3"",""Without Sequence"",""70.84"","""","""""
"20/01/2024 09:00:00 - 20/01/2024 10:00:00,""BZN|NO3"",""Without Sequence"",""75.08"","""","""""
"20/01/2024 10:00:00 - 20/01/2024 11:00:00,""BZN|NO3"",""Without Sequence"",""73.57"","""","""""
"20/01/2024 11:00:00 - 20/01/2024 12:00:00,""BZN|NO3"",""Without Sequence"",""72.51"","""","""""
"20/01/2024 12:00:00 - 20/01/2024 13:00:00,""BZN|NO3"",""Without Sequence"",""69.75"","""","""""
"20/01/2024 13:00:00 - 20/01/2024 14:00:00,""BZN|NO3"",""Without Sequence"",""67.48"","""","""""
"20/01/2024 14:00:00 - 20/01/2024 15:00:00,""BZN|NO3"",""Without Sequence"",""62.86"","""","""""
"20/01/2024 15:00:00 - 20/01/2024 16:00:00,""BZN|NO3"",""Without Sequence"",""57.33"","""","""""
"20/01/2024 16:00:00 - 20/01/2024 17:00:00,""BZN|NO3"",""Without Sequence"",""47.74"","""","""""
"20/01/2024 17:00:00 - 20/01/2024 18:00:00,""BZN|NO3"",""Without Sequence"",""44.91"","""","""""
"20/01/2024 18:00:00 - 20/01/2024 19:00:00,""BZN|NO3"",""Without Sequence"",""43.87"","""","""""
"20/01/2024 19:00:00 - 20/01/2024 20:00:00,""BZN|NO3"",""Without Sequence"",""43.04"","""","""""
"20/01/2024 20:00:00 - 20/01/2024 21:00:00,""BZN|NO3"",""Without Sequence"",""41.70"","""","""""
"20/01/2024 21:00:00 - 20/01/2024 22:00:00,""BZN|NO3"",""Without Sequence"",""39.45"","""","""""
"20/01/2024 22:00:00 - 20/01/2024 23:00:00,""BZN|NO3"",""Without Sequence"",""37.12"","""","""""
"20/01/2024 23:00:00 - 21/01/2024 00:00:00,""BZN|NO3"",""Without Sequence"",""35.78"","""","""""
"21/01/2024 00:00:00 - 21/01/2024 01:00:00,""BZN|NO3"",""Without Sequence"",""34.78"","""","""""
"21/01/2024 01:00:00 - 21/01/2024 02:00:00,""BZN|NO3"",""Without Sequence"",""34.73"","""","""""
"21/01/2024 02:00:00 - 21/01/2024 03:00:00,""BZN|NO3"",""Without Sequence"",""34.64"","""","""""
"21/01/2024 03:00:00 - 21/01/2024 04:00:00,""BZN|NO3"",""Without Sequence"",""34.40"","""","""""
"21/01/2024 04:00:00 - 21/01/2024 05:00:00,""BZN|NO3"",""Without Sequence"",""34.28"","""","""""
"21/01/2024 05:00:00 - 21/01/2024 06:00:00,""BZN|NO3"",""Without Sequence"",""34.61"","""","""""
"21/01/2024 06:00:00 - 21/01/2024 07:00:00,""BZN|NO3"",""Without Sequence"",""34.30"","""","""""
"21/01/2024 07:00:00 - 21/01/2024 08:00:00,""BZN|NO3"",""Without Sequence"",""34.98"","""","""""
"21/01/2024 08:00:00 - 21/01/2024 09:00:00,""BZN|NO3"",""Without Sequence"",""34.83"","""","""""
"21/01/2024 09:00:00 - 21/01/2024 10:00:00,""BZN|NO3"",""Without Sequence"",""35.58"","""","""""
"21/01/2024 10:00:00 - 21/01/2024 11:00:00,""BZN|NO3"",""Without Sequence"",""36.88"","""","""""
"21/01/2024 11:00:00 - 21/01/2024 12:00:00,""BZN|NO3"",""Without Sequence"",""37.80"","""","""""
"21/01/2024 12:00:00 - 21/01/2024 13:00:00,""BZN|NO3"",""Without Sequence"",""37.31"","""","""""
"21/01/2024 13:00:00 - 21/01/2024 14:00:00,""BZN|NO3"",""Without Sequence"",""36.78"","""","""""
"21/01/2024 14:00:00 - 21/01/2024 15:00:00,""BZN|NO3"",""Without Sequence"",""37.04"","""","""""
"21/01/2024 15:00:00 - 21/01/2024 16:00:00,""BZN|NO3"",""Without Sequence"",""37.53"","""","""""
"21/01/2024 16:00:00 - 21/01/2024 17:00:00,""BZN|NO3"",""Without Sequence"",""37.41"","""","""""
"21/01/2024 17:00:00 - 21/01/2024 18:00:00,""BZN|NO3"",""Without Sequence"",""35.92"","""","""""
"21/01/2024 18:00:00 - 21/01/2024 19:00:00,""BZN|NO3"",""Without Sequence"",""35.53"","""","""""
"21/01/2024 19:00:00 - 21/01/2024 20:00:00,""BZN|NO3"",""Without Sequence"",""34.96"","""","""""
"21/01/2024 20:00:00 - 21/01/2024 21:00:00,""BZN|NO3"",""Without Sequence"",""34.67"","""","""""
"21/01/2024 21:00:00 - 21/01/2024 22:00:00,""BZN|NO3"",""Without Sequence"",""41.67"","""","""""
"21/01/2024 22:00:00 - 21/01/2024 23:00:00,""BZN|NO3"",""Without Sequence"",""40.99"","""","""""
"21/01/2024 23:00:00 - 22/01/2024 00:00:00,""BZN|NO3"",""Without Sequence"",""29.03"","""","""""
"22/01/2024 00:00:00 - 22/01/2024 01:00:00,""BZN|NO3"",""Without Sequence"",""27.30"","""","""""
"22/01/2024 01:00:00 - 22/01/2024 02:00:00,""BZN|NO3"",""Without Sequence"",""22.24"","""","""""
"22/01/2024 02:00:00 - 22/01/2024 03:00:00,""BZN|NO3"",""Without Sequence"",""18.62"","""","""""
"22/01/2024 03:00:00 - 22/01/2024 04:00:00,""BZN|NO3"",""Without Sequence"",""9.62"","""","""""
"22/01/2024 04:00:00 - 22/01/2024 05:00:00,""BZN|NO3"",""Without Sequence"",""7.90"","""","""""
"22/01/2024 05:00:00 - 22/01/2024 06:00:00,""BZN|NO3"",""Without Sequence"",""20.00"","""","""""
"22/01/2024 06:00:00 - 22/01/2024 07:00:00,""BZN|NO3"",""Without Sequence"",""26.05"","""","""""
"22/01/2024 07:00:00 - 22/01/2024 08:00:00,""BZN|NO3"",""Without Sequence"",""33.20"","""","""""
"22/01/2024 08:00:00 - 22/01/2024 09:00:00,""BZN|NO3"",""Without Sequence"",""33.08"","""","""""
"22/01/2024 09:00:00 - 22/01/2024 10:00:00,""BZN|NO3"",""Without Sequence"",""32.87"","""","""""
"22/01/2024 10:00:00 - 22/01/2024 11:00:00,""BZN|NO3"",""Without Sequence"",""31.69"","""","""""
"22/01/2024 11:00:00 - 22/01/2024 12:00:00,""BZN|NO3"",""Without Sequence"",""30.87"","""","""""
"22/01/2024 12:00:00 - 22/01/2024 13:00:00,""BZN|NO3"",""Without Sequence"",""31.24"","""","""""
"22/01/2024 13:00:00 - 22/01/2024 14:00:00,""BZN|NO3"",""Without Sequence"",""42.37"","""","""""
"22/01/2024 14:00:00 - 22/01/2024 15:00:00,""BZN|NO3"",""Without Sequence"",""43.21"","""","""""
"22/01/2024 15:00:00 - 22/01/2024 16:00:00,""BZN|NO3"",""Without Sequence"",""45.15"","""","""""
"22/01/2024 16:00:00 - 22/01/2024 17:00:00,""BZN|NO3"",""Without Sequence"",""46.24"","""","""""
"22/01/2024 17:00:00 - 22/01/2024 18:00:00,""BZN|NO3"",""Without Sequence"",""42.89"","""","""""
"22/01/2024 18:00:00 - 22/01/2024 19:00:00,""BZN|NO3"",""Without Sequence"",""42.03"","""","""""
"22/01/2024 19:00:00 - 22/01/2024 20:00:00,""BZN|NO3"",""Without Sequence"",""33.10"","""","""""
"22/01/2024 20:00:00 - 22/01/2024 21:00:00,""BZN|NO3"",""Without Sequence"",""31.41"","""","""""
"22/01/2024 21:00:00 - 22/01/2024 22:00:00,""BZN|NO3"",""Without Sequence"",""28.84"","""","""""
"22/01/2024 22:00:00 - 22/01/2024 23:00:00,""BZN|NO3"",""Without Sequence"",""26.07"","""","""""
"22/01/2024 23:00:00 - 23/01/2024 00:00:00,""BZN|NO3"",""Without Sequence"",""23.03"","""","""""
"23/01/2024 00:00:00 - 23/01/2024 01:00:00,""BZN|NO3"",""Without Sequence"",""18.45"","""","""""
"23/01/2024 01:00:00 - 23/01/2024 02:00:00,""BZN|NO3"",""Without Sequence"",""19.32"","""","""""
"23/01/2024 02:00:00 - 23/01/2024 03:00:00,""BZN|NO3"",""Without Sequence"",""19.67"","""","""""
"23/01/2024 03:00:00 - 23/01/2024 04:00:00,""BZN|NO3"",""Without Sequence"",""19.88"","""","""""
"23/01/2024 04:00:00 - 23/01/2024 05:00:00,""BZN|NO3"",""Without Sequence"",""19.68"","""","""""
"23/01/2024 05:00:00 - 23/01/2024 06:00:00,""BZN|NO3"",""Without Sequence"",""21.63"","""","""""
"23/01/2024 06:00:00 - 23/01/2024 07:00:00,""BZN|NO3"",""Without Sequence"",""25.73"","""","""""
"23/01/2024 07:00:00 - 23/01/2024 08:00:00,""BZN|NO3"",""Without Sequence"",""29.39"","""","""""
"23/01/2024 08:00:00 - 23/01/2024 09:00:00,""BZN|NO3"",""Without Sequence"",""33.62"","""","""""
"23/01/2024 09:00:00 - 23/01/2024 10:00:00,""BZN|NO3"",""Without Sequence"",""30.82"","""","""""
"23/01/2024 10:00:00 - 23/01/2024 11:00:00,""BZN|NO3"",""Without Sequence"",""29.92"","""","""""
"23/01/2024 11:00:00 - 23/01/2024 12:00:00,""BZN|NO3"",""Without Sequence"",""27.67"","""","""""
"23/01/2024 12:00:00 - 23/01/2024 13:00:00,""BZN|NO3"",""Without Sequence"",""26.58"","""","""""
"23/01/2024 13:00:00 - 23/01/2024 14:00:00,""BZN|NO3"",""Without Sequence"",""26.76"","""","""""
"23/01/2024 14:00:00 - 23/01/2024 15:00:00,""BZN|NO3"",""Without Sequence"",""30.60"","""","""""
"23/01/2024 15:00:00 - 23/01/2024 16:00:00,""BZN|NO3"",""Without Sequence"",""31.86"","""","""""
"23/01/2024 16:00:00 - 23/01/2024 17:00:00,""BZN|NO3"",""Without Sequence"",""43.93"","""","""""
"23/01/2024 17:00:00 - 23/01/2024 18:00:00,""BZN|NO3"",""Without Sequence"",""50.16"","""","""""
"23/01/2024 18:00:00 - 23/01/2024 19:00:00,""BZN|NO3"",""Without Sequence"",""51.65"","""","""""
"23/01/2024 19:00:00 - 23/01/2024 20:00:00,""BZN|NO3"",""Without Sequence"",""54.55"","""","""""
"23/01/2024 20:00:00 - 23/01/2024 21:00:00,""BZN|NO3"",""Without Sequence"",""54.61"","""","""""
"23/01/2024 21:00:00 - 23/01/2024 22:00:00,""BZN|NO3"",""Without Sequence"",""49.22"","""","""""
"23/01/2024 22:00:00 - 23/01/2024 23:00:00,""BZN|NO3"",""Without Sequence"",""42.67"","""","""""
"23/01/2024 23:00:00 - 24/01/2024 00:00:00,""BZN|NO3"",""Without Sequence"",""33.26"","""","""""
"24/01/2024 00:00:00 - 24/01/2024 01:00:00,""BZN|NO3"",""Without Sequence"",""28.61"","""","""""
"24/01/2024 01:00:00 - 24/01/2024 02:00:00,""BZN|NO3"",""Without Sequence"",""25.17"","""","""""
"24/01/2024 02:00:00 - 24/01/2024 03:00:00,""BZN|NO3"",""Without Sequence"",""20.64"","""","""""
"24/01/2024 03:00:00 - 24/01/2024 04:00:00,""BZN|NO3"",""Without Sequence"",""18.82"","""","""""
"24/01/2024 04:00:00 - 24/01/2024 05:00:00,""BZN|NO3"",""Without Sequence"",""18.61"","""","""""
"24/01/2024 05:00:00 - 24/01/2024 06:00:00,""BZN|NO3"",""Without Sequence"",""19.55"","""","""""
"24/01/2024 06:00:00 - 24/01/2024 07:00:00,""BZN|NO3"",""Without Sequence"",""25.50"","""","""""
"24/01/2024 07:00:00 - 24/01/2024 08:00:00,""BZN|NO3"",""Without Sequence"",""38.73"","""","""""
"24/01/2024 08:00:00 - 24/01/2024 09:00:00,""BZN|NO3"",""Without Sequence"",""49.43"","""","""""
"24/01/2024 09:00:00 - 24/01/2024 10:00:00,""BZN|NO3"",""Without Sequence"",""49.54"","""","""""
"24/01/2024 10:00:00 - 24/01/2024 11:00:00,""BZN|NO3"",""Without Sequence"",""50.10"","""","""""
"24/01/2024 11:00:00 - 24/01/2024 12:00:00,""BZN|NO3"",""Without Sequence"",""50.76"","""","""""
"24/01/2024 12:00:00 - 24/01/2024 13:00:00,""BZN|NO3"",""Without Sequence"",""46.77"","""","""""
"24/01/2024 13:00:00 - 24/01/2024 14:00:00,""BZN|NO3"",""Without Sequence"",""48.39"","""","""""
"24/01/2024 14:00:00 - 24/01/2024 15:00:00,""BZN|NO3"",""Without Sequence"",""49.35"","""","""""
"24/01/2024 15:00:00 - 24/01/2024 16:00:00,""BZN|NO3"",""Without Sequence"",""49.95"","""","""""
"24/01/2024 16:00:00 - 24/01/2024 17:00:00,""BZN|NO3"",""Without Sequence"",""50.80"","""","""""
"24/01/2024 17:00:00 - 24/01/2024 18:00:00,""BZN|NO3"",""Without Sequence"",""54.21"","""","""""
"24/01/2024 18:00:00 - 24/01/2024 19:00:00,""BZN|NO3"",""Without Sequence"",""50.79"","""","""""
"24/01/2024 19:00:00 - 24/01/2024 20:00:00,""BZN|NO3"",""Without Sequence"",""49.48"","""","""""
"24/01/2024 20:00:00 - 24/01/2024 21:00:00,""BZN|NO3"",""Without Sequence"",""42.18"","""","""""
"24/01/2024 21:00:00 - 24/01/2024 22:00:00,""BZN|NO3"",""Without Sequence"",""40.04"","""","""""
"24/01/2024 22:00:00 - 24/01/2024 23:00:00,""BZN|NO3"",""Without Sequence"",""42.01"","""","""""
"24/01/2024 23:00:00 - 25/01/2024 00:00:00,""BZN|NO3"",""Without Sequence"",""38.53"","""","""""
"25/01/2024 00:00:00 - 25/01/2024 01:00:00,""BZN|NO3"",""Without Sequence"",""43.84"","""","""""
"25/01/2024 01:00:00 - 25/01/2024 02:00:00,""BZN|NO3"",""Without Sequence"",""43.97"","""","""""
"25/01/2024 02:00:00 - 25/01/2024 03:00:00,""BZN|NO3"",""Without Sequence"",""42.76"","""","""""
"25/01/2024 03:00:00 - 25/01/2024 04:00:00,""BZN|NO3"",""Without Sequence"",""43.85"","""","""""
"25/01/2024 04:00:00 - 25/01/2024 05:00:00,""BZN|NO3"",""Without Sequence"",""45.11"","""","""""
"25/01/2024 05:00:00 - 25/01/2024 06:00:00,""BZN|NO3"",""Without Sequence"",""51.01"","""","""""
"25/01/2024 06:00:00 - 25/01/2024 07:00:00,""BZN|NO3"",""Without Sequence"",""59.39"","""","""""
"25/01/2024 07:00:00 - 25/01/2024 08:00:00,""BZN|NO3"",""Without Sequence"",""66.05"","""","""""
"25/01/2024 08:00:00 - 25/01/2024 09:00:00,""BZN|NO3"",""Without Sequence"",""89.02"","""","""""
"25/01/2024 09:00:00 - 25/01/2024 10:00:00,""BZN|NO3"",""Without Sequence"",""85.25"","""","""""
"25/01/2024 10:00:00 - 25/01/2024 11:00:00,""BZN|NO3"",""Without Sequence"",""81.35"","""","""""
"25/01/2024 11:00:00 - 25/01/2024 12:00:00,""BZN|NO3"",""Without Sequence"",""76.22"","""","""""
"25/01/2024 12:00:00 - 25/01/2024 13:00:00,""BZN|NO3"",""Without Sequence"",""72.63"","""","""""
"25/01/2024 13:00:00 - 25/01/2024 14:00:00,""BZN|NO3"",""Without Sequence"",""75.44"","""","""""
"25/01/2024 14:00:00 - 25/01/2024 15:00:00,""BZN|NO3"",""Without Sequence"",""79.56"","""","""""
"25/01/2024 15:00:00 - 25/01/2024 16:00:00,""BZN|NO3"",""Without Sequence"",""68.95"","""","""""
"25/01/2024 16:00:00 - 25/01/2024 17:00:00,""BZN|NO3"",""Without Sequence"",""71.50"","""","""""
"25/01/2024 17:00:00 - 25/01/2024 18:00:00,""BZN|NO3"",""Without Sequence"",""99.24"","""","""""
"25/01/2024 18:00:00 - 25/01/2024 19:00:00,""BZN|NO3"",""Without Sequence"",""111.96"","""","""""
"25/01/2024 19:00:00 - 25/01/2024 20:00:00,""BZN|NO3"",""Without Sequence"",""72.87"","""","""""
"25/01/2024 20:00:00 - 25/01/2024 21:00:00,""BZN|NO3"",""Without Sequence"",""65.33"","""","""""
"25/01/2024 21:00:00 - 25/01/2024 22:00:00,""BZN|NO3"",""Without Sequence"",""62.09"","""","""""
"25/01/2024 22:00:00 - 25/01/2024 23:00:00,""BZN|NO3"",""Without Sequence"",""51.77"","""","""""
"25/01/2024 23:00:00 - 26/01/2024 00:00:00,""BZN|NO3"",""Without Sequence"",""46.75"","""","""""
"26/01/2024 00:00:00 - 26/01/2024 01:00:00,""BZN|NO3"",""Without Sequence"",""42.07"","""","""""
"26/01/2024 01:00:00 - 26/01/2024 02:00:00,""BZN|NO3"",""Without Sequence"",""40.99"","""","""""
"26/01/2024 02:00:00 - 26/01/2024 03:00:00,""BZN|NO3"",""Without Sequence"",""39.79"","""","""""
"26/01/2024 03:00:00 - 26/01/2024 04:00:00,""BZN|NO3"",""Without Sequence"",""38.23"","""","""""
"26/01/2024 04:00:00 - 26/01/2024 05:00:00,""BZN|NO3"",""Without Sequence"",""36.15"","""","""""
"26/01/2024 05:00:00 - 26/01/2024 06:00:00,""BZN|NO3"",""Without Sequence"",""33.00"","""","""""
"26/01/2024 06:00:00 - 26/01/2024 07:00:00,""BZN|NO3"",""Without Sequence"",""34.35"","""","""""
"26/01/2024 07:00:00 - 26/01/2024 08:00:00,""BZN|NO3"",""Without Sequence"",""35.21"","""","""""
"26/01/2024 08:00:00 - 26/01/2024 09:00:00,""BZN|NO3"",""Without Sequence"",""34.80"","""","""""
"26/01/2024 09:00:00 - 26/01/2024 10:00:00,""BZN|NO3"",""Without Sequence"",""36.05"","""","""""
"26/01/2024 10:00:00 - 26/01/2024 11:00:00,""BZN|NO3"",""Without Sequence"",""36.33"","""","""""
"26/01/2024 11:00:00 - 26/01/2024 12:00:00,""BZN|NO3"",""Without Sequence"",""35.20"","""","""""
"26/01/2024 12:00:00 - 26/01/2024 13:00:00,""BZN|NO3"",""Without Sequence"",""35.86"","""","""""
"26/01/2024 13:00:00 - 26/01/2024 14:00:00,""BZN|NO3"",""Without Sequence"",""34.95"","""","""""
"26/01/2024 14:00:00 - 26/01/2024 15:00:00,""BZN|NO3"",""Without Sequence"",""33.06"","""","""""
"26/01/2024 15:00:00 - 26/01/2024 16:00:00,""BZN|NO3"",""Without Sequence"",""32.22"","""","""""
"26/01/2024 16:00:00 - 26/01/2024 17:00:00,""BZN|NO3"",""Without Sequence"",""33.06"","""","""""
"26/01/2024 17:00:00 - 26/01/2024 18:00:00,""BZN|NO3"",""Without Sequence"",""33.06"","""","""""
"26/01/2024 18:00:00 - 26/01/2024 19:00:00,""BZN|NO3"",""Without Sequence"",""35.97"","""","""""
"26/01/2024 19:00:00 - 26/01/2024 20:00:00,""BZN|NO3"",""Without Sequence"",""33.51"","""","""""
"26/01/2024 20:00:00 - 26/01/2024 21:00:00,""BZN|NO3"",""Without Sequence"",""27.58"","""","""""
"26/01/2024 21:00:00 - 26/01/2024 22:00:00,""BZN|NO3"",""Without Sequence"",""25.76"","""","""""
"26/01/2024 22:00:00 - 26/01/2024 23:00:00,""BZN|NO3"",""Without Sequence"",""24.39"","""","""""
"26/01/2024 23:00:00 - 27/01/2024 00:00:00,""BZN|NO3"",""Without Sequence"",""21.98"","""","""""
"27/01/2024 00:00:00 - 27/01/2024 01:00:00,""BZN|NO3"",""Without Sequence"",""19.32"","""","""""
"27/01/2024 01:00:00 - 27/01/2024 02:00:00,""BZN|NO3"",""Without Sequence"",""18.26"","""","""""
"27/01/2024 02:00:00 - 27/01/2024 03:00:00,""BZN|NO3"",""Without Sequence"",""17.63"","""","""""
"27/01/2024 03:00:00 - 27/01/2024 04:00:00,""BZN|NO3"",""Without Sequence"",""18.02"","""","""""
"27/01/2024 04:00:00 - 27/01/2024 05:00:00,""BZN|NO3"",""Without Sequence"",""18.49"","""","""""
"27/01/2024 05:00:00 - 27/01/2024 06:00:00,""BZN|NO3"",""Without Sequence"",""18.84"","""","""""
"27/01/2024 06:00:00 - 27/01/2024 07:00:00,""BZN|NO3"",""Without Sequence"",""19.41"","""","""""
"27/01/2024 07:00:00 - 27/01/2024 08:00:00,""BZN|NO3"",""Without Sequence"",""20.71"","""","""""
"27/01/2024 08:00:00 - 27/01/2024 09:00:00,""BZN|NO3"",""Without Sequence"",""21.00"","""","""""
"27/01/2024 09:00:00 - 27/01/2024 10:00:00,""BZN|NO3"",""Without Sequence"",""21.03"","""","""""
"27/01/2024 10:00:00 - 27/01/2024 11:00:00,""BZN|NO3"",""Without Sequence"",""21.13"","""","""""
"27/01/2024 11:00:00 - 27/01/2024 12:00:00,""BZN|NO3"",""Without Sequence"",""21.02"","""","""""
"27/01/2024 12:00:00 - 27/01/2024 13:00:00,""BZN|NO3"",""Without Sequence"",""20.53"","""","""""
"27/01/2024 13:00:00 - 27/01/2024 14:00:00,""BZN|NO3"",""Without Sequence"",""20.08"","""","""""
"27/01/2024 14:00:00 - 27/01/2024 15:00:00,""BZN|NO3"",""Without Sequence"",""20.03"","""","""""
"27/01/2024 15:00:00 - 27/01/2024 16:00:00,""BZN|NO3"",""Without Sequence"",""20.17"","""","""""
"27/01/2024 16:00:00 - 27/01/2024 17:00:00,""BZN|NO3"",""Without Sequence"",""20.33"","""","""""
"27/01/2024 17:00:00 - 27/01/2024 18:00:00,""BZN|NO3"",""Without Sequence"",""20.67"","""","""""
"27/01/2024 18:00:00 - 27/01/2024 19:00:00,""BZN|NO3"",""Without Sequence"",""20.41"","""","""""
"27/01/2024 19:00:00 - 27/01/2024 20:00:00,""BZN|NO3"",""Without Sequence"",""18.62"","""","""""
"27/01/2024 20:00:00 - 27/01/2024 21:00:00,""BZN|NO3"",""Without Sequence"",""15.13"","""","""""
"27/01/2024 21:00:00 - 27/01/2024 22:00:00,""BZN|NO3"",""Without Sequence"",""10.14"","""","""""
"27/01/2024 22:00:00 - 27/01/2024 23:00:00,""BZN|NO3"",""Without Sequence"",""4.57"","""","""""
"27/01/2024 23:00:00 - 28/01/2024 00:00:00,""BZN|NO3"",""Without Sequence"",""3.67"","""","""""
"28/01/2024 00:00:00 - 28/01/2024 01:00:00,""BZN|NO3"",""Without Sequence"",""3.00"","""","""""
"28/01/2024 01:00:00 - 28/01/2024 02:00:00,""BZN|NO3"",""Without Sequence"",""3.21"","""","""""
"28/01/2024 02:00:00 - 28/01/2024 03:00:00,""BZN|NO3"",""Without Sequence"",""3.57"","""","""""
"28/01/2024 03:00:00 - 28/01/2024 04:00:00,""BZN|NO3"",""Without Sequence"",""11.48"","""","""""
"28/01/2024 04:00:00 - 28/01/2024 05:00:00,""BZN|NO3"",""Without Sequence"",""15.05"","""","""""
"28/01/2024 05:00:00 - 28/01/2024 06:00:00,""BZN|NO3"",""Without Sequence"",""16.34"","""","""""
"28/01/2024 06:00:00 - 28/01/2024 07:00:00,""BZN|NO3"",""Without Sequence"",""18.22"","""","""""
"28/01/2024 07:00:00 - 28/01/2024 08:00:00,""BZN|NO3"",""Without Sequence"",""18.76"","""","""""
"28/01/2024 08:00:00 - 28/01/2024 09:00:00,""BZN|NO3"",""Without Sequence"",""18.55"","""","""""
"28/01/2024 09:00:00 - 28/01/2024 10:00:00,""BZN|NO3"",""Without Sequence"",""18.66"","""","""""
"28/01/2024 10:00:00 - 28/01/2024 11:00:00,""BZN|NO3"",""Without Sequence"",""18.64"","""","""""
"28/01/2024 11:00:00 - 28/01/2024 12:00:00,""BZN|NO3"",""Without Sequence"",""18.73"","""","""""
"28/01/2024 12:00:00 - 28/01/2024 13:00:00,""BZN|NO3"",""Without Sequence"",""18.49"","""","""""
"28/01/2024 13:00:00 - 28/01/2024 14:00:00,""BZN|NO3"",""Without Sequence"",""18.05"","""","""""
"28/01/2024 14:00:00 - 28/01/2024 15:00:00,""BZN|NO3"",""Without Sequence"",""16.91"","""","""""
"28/01/2024 15:00:00 - 28/01/2024 16:00:00,""BZN|NO3"",""Without Sequence"",""17.91"","""","""""
"28/01/2024 16:00:00 - 28/01/2024 17:00:00,""BZN|NO3"",""Without Sequence"",""18.42"","""","""""
"28/01/2024 17:00:00 - 28/01/2024 18:00:00,""BZN|NO3"",""Without Sequence"",""18.26"","""","""""
"28/01/2024 18:00:00 - 28/01/2024 19:00:00,""BZN|NO3"",""Without Sequence"",""18.16"","""","""""
"28/01/2024 19:00:00 - 28/01/2024 20:00:00,""BZN|NO3"",""Without Sequence"",""13.42"","""","""""
"28/01/2024 20:00:00 - 28/01/2024 21:00:00,""BZN|NO3"",""Without Sequence"",""3.71"","""","""""
"28/01/2024 21:00:00 - 28/01/2024 22:00:00,""BZN|NO3"",""Without Sequence"",""3.20"","""","""""
"28/01/2024 22:00:00 - 28/01/2024 23:00:00,""BZN|NO3"",""Without Sequence"",""2.91"","""","""""
"28/01/2024 23:00:00 - 29/01/2024 00:00:00,""BZN|NO3"",""Without Sequence"",""2.90"","""","""""
"29/01/2024 00:00:00 - 29/01/2024 01:00:00,""BZN|NO3"",""Without Sequence"",""2.90"","""","""""
"29/01/2024 01:00:00 - 29/01/2024 02:00:00,""BZN|NO3"",""Without Sequence"",""2.90"","""","""""
"29/01/2024 02:00:00 - 29/01/2024 03:00:00,""BZN|NO3"",""Without Sequence"",""2.61"","""","""""
"29/01/2024 03:00:00 - 29/01/2024 04:00:00,""BZN|NO3"",""Without Sequence"",""2.90"","""","""""
"29/01/2024 04:00:00 - 29/01/2024 05:00:00,""BZN|NO3"",""Without Sequence"",""2.90"","""","""""
"29/01/2024 05:00:00 - 29/01/2024 06:00:00,""BZN|NO3"",""Without Sequence"",""2.90"","""","""""
"29/01/2024 06:00:00 - 29/01/2024 07:00:00,""BZN|NO3"",""Without Sequence"",""5.91"","""","""""
"29/01/2024 07:00:00 - 29/01/2024 08:00:00,""BZN|NO3"",""Without Sequence"",""19.17"","""","""""
"29/01/2024 08:00:00 - 29/01/2024 09:00:00,""BZN|NO3"",""Without Sequence"",""20.56"","""","""""
"29/01/2024 09:00:00 - 29/01/2024 10:00:00,""BZN|NO3"",""Without Sequence"",""21.75"","""","""""
"29/01/2024 10:00:00 - 29/01/2024 11:00:00,""BZN|NO3"",""Without Sequence"",""21.34"","""","""""
"29/01/2024 11:00:00 - 29/01/2024 12:00:00,""BZN|NO3"",""Without Sequence"",""21.08"","""","""""
"29/01/2024 12:00:00 - 29/01/2024 13:00:00,""BZN|NO3"",""Without Sequence"",""20.03"","""","""""
"29/01/2024 13:00:00 - 29/01/2024 14:00:00,""BZN|NO3"",""Without Sequence"",""19.86"","""","""""
"29/01/2024 14:00:00 - 29/01/2024 15:00:00,""BZN|NO3"",""Without Sequence"",""19.52"","""","""""
"29/01/2024 15:00:00 - 29/01/2024 16:00:00,""BZN|NO3"",""Without Sequence"",""19.52"","""","""""
"29/01/2024 16:00:00 - 29/01/2024 17:00:00,""BZN|NO3"",""Without Sequence"",""19.62"","""","""""
"29/01/2024 17:00:00 - 29/01/2024 18:00:00,""BZN|NO3"",""Without Sequence"",""19.87"","""","""""
"29/01/2024 18:00:00 - 29/01/2024 19:00:00,""BZN|NO3"",""Without Sequence"",""19.59"","""","""""
"29/01/2024 19:00:00 - 29/01/2024 20:00:00,""BZN|NO3"",""Without Sequence"",""19.67"","""","""""
"29/01/2024 20:00:00 - 29/01/2024 21:00:00,""BZN|NO3"",""Without Sequence"",""19.49"","""","""""
"29/01/2024 21:00:00 - 29/01/2024 22:00:00,""BZN|NO3"",""Without Sequence"",""19.17"","""","""""
"29/01/2024 22:00:00 - 29/01/2024 23:00:00,""BZN|NO3"",""Without Sequence"",""19.03"","""","""""
"29/01/2024 23:00:00 - 30/01/2024 00:00:00,""BZN|NO3"",""Without Sequence"",""18.93"","""","""""
"30/01/2024 00:00:00 - 30/01/2024 01:00:00,""BZN|NO3"",""Without Sequence"",""16.86"","""","""""
"30/01/2024 01:00:00 - 30/01/2024 02:00:00,""BZN|NO3"",""Without Sequence"",""17.22"","""","""""
"30/01/2024 02:00:00 - 30/01/2024 03:00:00,""BZN|NO3"",""Without Sequence"",""17.64"","""","""""
"30/01/2024 03:00:00 - 30/01/2024 04:00:00,""BZN|NO3"",""Without Sequence"",""18.21"","""","""""
"30/01/2024 04:00:00 - 30/01/2024 05:00:00,""BZN|NO3"",""Without Sequence"",""18.80"","""","""""
"30/01/2024 05:00:00 - 30/01/2024 06:00:00,""BZN|NO3"",""Without Sequence"",""20.22"","""","""""
"30/01/2024 06:00:00 - 30/01/2024 07:00:00,""BZN|NO3"",""Without Sequence"",""22.07"","""","""""
"30/01/2024 07:00:00 - 30/01/2024 08:00:00,""BZN|NO3"",""Without Sequence"",""23.42"","""","""""
"30/01/2024 08:00:00 - 30/01/2024 09:00:00,""BZN|NO3"",""Without Sequence"",""24.10"","""","""""
"30/01/2024 09:00:00 - 30/01/2024 10:00:00,""BZN|NO3"",""Without Sequence"",""26.81"","""","""""
"30/01/2024 10:00:00 - 30/01/2024 11:00:00,""BZN|NO3"",""Without Sequence"",""28.31"","""","""""
"30/01/2024 11:00:00 - 30/01/2024 12:00:00,""BZN|NO3"",""Without Sequence"",""33.70"","""","""""
"30/01/2024 12:00:00 - 30/01/2024 13:00:00,""BZN|NO3"",""Without Sequence"",""33.34"","""","""""
"30/01/2024 13:00:00 - 30/01/2024 14:00:00,""BZN|NO3"",""Without Sequence"",""33.40"","""","""""
"30/01/2024 14:00:00 - 30/01/2024 15:00:00,""BZN|NO3"",""Without Sequence"",""33.31"","""","""""
"30/01/2024 15:00:00 - 30/01/2024 16:00:00,""BZN|NO3"",""Without Sequence"",""31.55"","""","""""
"30/01/2024 16:00:00 - 30/01/2024 17:00:00,""BZN|NO3"",""Without Sequence"",""27.97"","""","""""
"30/01/2024 17:00:00 - 30/01/2024 18:00:00,""BZN|NO3"",""Without Sequence"",""24.59"","""","""""
"30/01/2024 18:00:00 - 30/01/2024 19:00:00,""BZN|NO3"",""Without Sequence"",""25.08"","""","""""
"30/01/2024 19:00:00 - 30/01/2024 20:00:00,""BZN|NO3"",""Without Sequence"",""24.57"","""","""""
"30/01/2024 20:00:00 - 30/01/2024 21:00:00,""BZN|NO3"",""Without Sequence"",""24.05"","""","""""
"30/01/2024 21:00:00 - 30/01/2024 22:00:00,""BZN|NO3"",""Without Sequence"",""23.54"","""","""""
"30/01/2024 22:00:00 - 30/01/2024 23:00:00,""BZN|NO3"",""Without Sequence"",""22.56"","""","""""
"30/01/2024 23:00:00 - 31/01/2024 00:00:00,""BZN|NO3"",""Without Sequence"",""20.74"","""","""""
"31/01/2024 00:00:00 - 31/01/2024 01:00:00,""BZN|NO3"",""Without Sequence"",""18.39"","""","""""
"31/01/2024 01:00:00 - 31/01/2024 02:00:00,""BZN|NO3"",""Without Sequence"",""18.46"","""","""""
"31/01/2024 02:00:00 - 31/01/2024 03:00:00,""BZN|NO3"",""Without Sequence"",""18.50"","""","""""
"31/01/2024 03:00:00 - 31/01/2024 04:00:00,""BZN|NO3"",""Without Sequence"",""18.58"","""","""""
"31/01/2024 04:00:00 - 31/01/2024 05:00:00,""BZN|NO3"",""Without Sequence"",""18.96"","""","""""
"31/01/2024 05:00:00 - 31/01/2024 06:00:00,""BZN|NO3"",""Without Sequence"",""19.39"","""","""""
"31/01/2024 06:00:00 - 31/01/2024 07:00:00,""BZN|NO3"",""Without Sequence"",""21.88"","""","""""
"31/01/2024 07:00:00 - 31/01/2024 08:00:00,""BZN|NO3"",""Without Sequence"",""22.73"","""","""""
"31/01/2024 08:00:00 - 31/01/2024 09:00:00,""BZN|NO3"",""Without Sequence"",""23.23"","""","""""
"31/01/2024 09:00:00 - 31/01/2024 10:00:00,""BZN|NO3"",""Without Sequence"",""22.22"","""","""""
"31/01/2024 10:00:00 - 31/01/2024 11:00:00,""BZN|NO3"",""Without Sequence"",""20.41"","""","""""
"31/01/2024 11:00:00 - 31/01/2024 12:00:00,""BZN|NO3"",""Without Sequence"",""19.12"","""","""""
"31/01/2024 12:00:00 - 31/01/2024 13:00:00,""BZN|NO3"",""Without Sequence"",""18.54"","""","""""
"31/01/2024 13:00:00 - 31/01/2024 14:00:00,""BZN|NO3"",""Without Sequence"",""17.77"","""","""""
"31/01/2024 14:00:00 - 31/01/2024 15:00:00,""BZN|NO3"",""Without Sequence"",""17.03"","""","""""
"31/01/2024 15:00:00 - 31/01/2024 16:00:00,""BZN|NO3"",""Without Sequence"",""16.79"","""","""""
"31/01/2024 16:00:00 - 31/01/2024 17:00:00,""BZN|NO3"",""Without Sequence"",""16.95"","""","""""
"31/01/2024 17:00:00 - 31/01/2024 18:00:00,""BZN|NO3"",""Without Sequence"",""16.69"","""","""""
"31/01/2024 18:00:00 - 31/01/2024 19:00:00,""BZN|NO3"",""Without Sequence"",""16.68"","""","""""
"31/01/2024 19:00:00 - 31/01/2024 20:00:00,""BZN|NO3"",""Without Sequence"",""16.67"","""","""""
"31/01/2024 20:00:00 - 31/01/2024 21:00:00,""BZN|NO3"",""Without Sequence"",""16.73"","""","""""
"31/01/2024 21:00:00 - 31/01/2024 22:00:00,""BZN|NO3"",""Without Sequence"",""16.82"","""","""""
"31/01/2024 22:00:00 - 31/01/2024 23:00:00,""BZN|NO3"",""Without Sequence"",""16.54"","""","""""
"31/01/2024 23:00:00 - 01/02/2024 00:00:00,""BZN|NO3"",""Without Sequence"",""16.04"","""","""""
"01/02/2024 00:00:00 - 01/02/2024 01:00:00,""BZN|NO3"",""Without Sequence"",""18.06"","""","""""
"01/02/2024 01:00:00 - 01/02/2024 02:00:00,""BZN|NO3"",""Without Sequence"",""18.07"","""","""""
"01/02/2024 02:00:00 - 01/02/2024 03:00:00,""BZN|NO3"",""Without Sequence"",""17.50"","""","""""
"01/02/2024 03:00:00 - 01/02/2024 04:00:00,""BZN|NO3"",""Without Sequence"",""16.69"","""","""""
"01/02/2024 04:00:00 - 01/02/2024 05:00:00,""BZN|NO3"",""Without Sequence"",""16.69"","""","""""
"01/02/2024 05:00:00 - 01/02/2024 06:00:00,""BZN|NO3"",""Without Sequence"",""16.67"","""","""""
"01/02/2024 06:00:00 - 01/02/2024 07:00:00,""BZN|NO3"",""Without Sequence"",""17.47"","""","""""
"01/02/2024 07:00:00 - 01/02/2024 08:00:00,""BZN|NO3"",""Without Sequence"",""18.74"","""","""""
"01/02/2024 08:00:00 - 01/02/2024 09:00:00,""BZN|NO3"",""Without Sequence"",""19.16"","""","""""
"01/02/2024 09:00:00 - 01/02/2024 10:00:00,""BZN|NO3"",""Without Sequence"",""19.23"","""","""""
"01/02/2024 10:00:00 - 01/02/2024 11:00:00,""BZN|NO3"",""Without Sequence"",""18.95"","""","""""
"01/02/2024 11:00:00 - 01/02/2024 12:00:00,""BZN|NO3"",""Without Sequence"",""18.89"","""","""""
"01/02/2024 12:00:00 - 01/02/2024 13:00:00,""BZN|NO3"",""Without Sequence"",""19.10"","""","""""
"01/02/2024 13:00:00 - 01/02/2024 14:00:00,""BZN|NO3"",""Without Sequence"",""19.03"","""","""""
"01/02/2024 14:00:00 - 01/02/2024 15:00:00,""BZN|NO3"",""Without Sequence"",""19.18"","""","""""
"01/02/2024 15:00:00 - 01/02/2024 16:00:00,""BZN|NO3"",""Without Sequence"",""19.23"","""","""""
"01/02/2024 16:00:00 - 01/02/2024 17:00:00,""BZN|NO3"",""Without Sequence"",""19.23"","""","""""
"01/02/2024 17:00:00 - 01/02/2024 18:00:00,""BZN|NO3"",""Without Sequence"",""19.00"","""","""""
"01/02/2024 18:00:00 - 01/02/2024 19:00:00,""BZN|NO3"",""Without Sequence"",""18.76"","""","""""
"01/02/2024 19:00:00 - 01/02/2024 20:00:00,""BZN|NO3"",""Without Sequence"",""18.78"","""","""""
"01/02/2024 20:00:00 - 01/02/2024 21:00:00,""BZN|NO3"",""Without Sequence"",""18.65"","""","""""
"01/02/2024 21:00:00 - 01/02/2024 22:00:00,""BZN|NO3"",""Without Sequence"",""18.45"","""","""""
"01/02/2024 22:00:00 - 01/02/2024 23:00:00,""BZN|NO3"",""Without Sequence"",""18.22"","""","""""
"01/02/2024 23:00:00 - 02/02/2024 00:00:00,""BZN|NO3"",""Without Sequence"",""17.44"","""","""""
"02/02/2024 00:00:00 - 02/02/2024 01:00:00,""BZN|NO3"",""Without Sequence"",""17.30"","""","""""
"02/02/2024 01:00:00 - 02/02/2024 02:00:00,""BZN|NO3"",""Without Sequence"",""17.33"","""","""""
"02/02/2024 02:00:00 - 02/02/2024 03:00:00,""BZN|NO3"",""Without Sequence"",""17.46"","""","""""
"02/02/2024 03:00:00 - 02/02/2024 04:00:00,""BZN|NO3"",""Without Sequence"",""17.78"","""","""""
"02/02/2024 04:00:00 - 02/02/2024 05:00:00,""BZN|NO3"",""Without Sequence"",""18.19"","""","""""
"02/02/2024 05:00:00 - 02/02/2024 06:00:00,""BZN|NO3"",""Without Sequence"",""18.51"","""","""""
"02/02/2024 06:00:00 - 02/02/2024 07:00:00,""BZN|NO3"",""Without Sequence"",""20.27"","""","""""
"02/02/2024 07:00:00 - 02/02/2024 08:00:00,""BZN|NO3"",""Without Sequence"",""32.86"","""","""""
"02/02/2024 08:00:00 - 02/02/2024 09:00:00,""BZN|NO3"",""Without Sequence"",""40.00"","""","""""
"02/02/2024 09:00:00 - 02/02/2024 10:00:00,""BZN|NO3"",""Without Sequence"",""39.74"","""","""""
"02/02/2024 10:00:00 - 02/02/2024 11:00:00,""BZN|NO3"",""Without Sequence"",""34.90"","""","""""
"02/02/2024 11:00:00 - 02/02/2024 12:00:00,""BZN|NO3"",""Without Sequence"",""25.39"","""","""""
"02/02/2024 12:00:00 - 02/02/2024 13:00:00,""BZN|NO3"",""Without Sequence"",""24.53"","""","""""
"02/02/2024 13:00:00 - 02/02/2024 14:00:00,""BZN|NO3"",""Without Sequence"",""23.32"","""","""""
"02/02/2024 14:00:00 - 02/02/2024 15:00:00,""BZN|NO3"",""Without Sequence"",""22.90"","""","""""
"02/02/2024 15:00:00 - 02/02/2024 16:00:00,""BZN|NO3"",""Without Sequence"",""22.99"","""","""""
"02/02/2024 16:00:00 - 02/02/2024 17:00:00,""BZN|NO3"",""Without Sequence"",""21.03"","""","""""
"02/02/2024 17:00:00 - 02/02/2024 18:00:00,""BZN|NO3"",""Without Sequence"",""20.75"","""","""""
"02/02/2024 18:00:00 - 02/02/2024 19:00:00,""BZN|NO3"",""Without Sequence"",""20.32"","""","""""
"02/02/2024 19:00:00 - 02/02/2024 20:00:00,""BZN|NO3"",""Without Sequence"",""20.09"","""","""""
"02/02/2024 20:00:00 - 02/02/2024 21:00:00,""BZN|NO3"",""Without Sequence"",""19.48"","""","""""
"02/02/2024 21:00:00 - 02/02/2024 22:00:00,""BZN|NO3"",""Without Sequence"",""18.46"","""","""""
"02/02/2024 22:00:00 - 02/02/2024 23:00:00,""BZN|NO3"",""Without Sequence"",""18.11"","""","""""
"02/02/2024 23:00:00 - 03/02/2024 00:00:00,""BZN|NO3"",""Without Sequence"",""17.71"","""","""""
"03/02/2024 00:00:00 - 03/02/2024 01:00:00,""BZN|NO3"",""Without Sequence"",""16.42"","""","""""
"03/02/2024 01:00:00 - 03/02/2024 02:00:00,""BZN|NO3"",""Without Sequence"",""16.41"","""","""""
"03/02/2024 02:00:00 - 03/02/2024 03:00:00,""BZN|NO3"",""Without Sequence"",""16.25"","""","""""
"03/02/2024 03:00:00 - 03/02/2024 04:00:00,""BZN|NO3"",""Without Sequence"",""16.16"","""","""""
"03/02/2024 04:00:00 - 03/02/2024 05:00:00,""BZN|NO3"",""Without Sequence"",""16.21"","""","""""
"03/02/2024 05:00:00 - 03/02/2024 06:00:00,""BZN|NO3"",""Without Sequence"",""16.20"","""","""""
"03/02/2024 06:00:00 - 03/02/2024 07:00:00,""BZN|NO3"",""Without Sequence"",""16.48"","""","""""
"03/02/2024 07:00:00 - 03/02/2024 08:00:00,""BZN|NO3"",""Without Sequence"",""16.83"","""","""""
"03/02/2024 08:00:00 - 03/02/2024 09:00:00,""BZN|NO3"",""Without Sequence"",""17.17"","""","""""
"03/02/2024 09:00:00 - 03/02/2024 10:00:00,""BZN|NO3"",""Without Sequence"",""17.30"","""","""""
"03/02/2024 10:00:00 - 03/02/2024 11:00:00,""BZN|NO3"",""Without Sequence"",""17.59"","""","""""
"03/02/2024 11:00:00 - 03/02/2024 12:00:00,""BZN|NO3"",""Without Sequence"",""17.82"","""","""""
"03/02/2024 12:00:00 - 03/02/2024 13:00:00,""BZN|NO3"",""Without Sequence"",""17.77"","""","""""
"03/02/2024 13:00:00 - 03/02/2024 14:00:00,""BZN|NO3"",""Without Sequence"",""17.89"","""","""""
"03/02/2024 14:00:00 - 03/02/2024 15:00:00,""BZN|NO3"",""Without Sequence"",""18.33"","""","""""
"03/02/2024 15:00:00 - 03/02/2024 16:00:00,""BZN|NO3"",""Without Sequence"",""18.54"","""","""""
"03/02/2024 16:00:00 - 03/02/2024 17:00:00,""BZN|NO3"",""Without Sequence"",""18.56"","""","""""
"03/02/2024 17:00:00 - 03/02/2024 18:00:00,""BZN|NO3"",""Without Sequence"",""18.48"","""","""""
"03/02/2024 18:00:00 - 03/02/2024 19:00:00,""BZN|NO3"",""Without Sequence"",""17.93"","""","""""
"03/02/2024 19:00:00 - 03/02/2024 20:00:00,""BZN|NO3"",""Without Sequence"",""17.66"","""","""""
"03/02/2024 20:00:00 - 03/02/2024 21:00:00,""BZN|NO3"",""Without Sequence"",""17.42"","""","""""
"03/02/2024 21:00:00 - 03/02/2024 22:00:00,""BZN|NO3"",""Without Sequence"",""17.19"","""","""""
"03/02/2024 22:00:00 - 03/02/2024 23:00:00,""BZN|NO3"",""Without Sequence"",""17.12"","""","""""
"03/02/2024 23:00:00 - 04/02/2024 00:00:00,""BZN|NO3"",""Without Sequence"",""16.92"","""","""""
"04/02/2024 00:00:00 - 04/02/2024 01:00:00,""BZN|NO3"",""Without Sequence"",""17.26"","""","""""
"04/02/2024 01:00:00 - 04/02/2024 02:00:00,""BZN|NO3"",""Without Sequence"",""17.27"","""","""""
"04/02/2024 02:00:00 - 04/02/2024 03:00:00,""BZN|NO3"",""Without Sequence"",""17.14"","""","""""
"04/02/2024 03:00:00 - 04/02/2024 04:00:00,""BZN|NO3"",""Without Sequence"",""17.36"","""","""""
"04/02/2024 04:00:00 - 04/02/2024 05:00:00,""BZN|NO3"",""Without Sequence"",""17.36"","""","""""
"04/02/2024 05:00:00 - 04/02/2024 06:00:00,""BZN|NO3"",""Without Sequence"",""17.22"","""","""""
"04/02/2024 06:00:00 - 04/02/2024 07:00:00,""BZN|NO3"",""Without Sequence"",""17.92"","""","""""
"04/02/2024 07:00:00 - 04/02/2024 08:00:00,""BZN|NO3"",""Without Sequence"",""18.18"","""","""""
"04/02/2024 08:00:00 - 04/02/2024 09:00:00,""BZN|NO3"",""Without Sequence"",""18.91"","""","""""
"04/02/2024 09:00:00 - 04/02/2024 10:00:00,""BZN|NO3"",""Without Sequence"",""19.61"","""","""""
"04/02/2024 10:00:00 - 04/02/2024 11:00:00,""BZN|NO3"",""Without Sequence"",""20.49"","""","""""
"04/02/2024 11:00:00 - 04/02/2024 12:00:00,""BZN|NO3"",""Without Sequence"",""27.15"","""","""""
"04/02/2024 12:00:00 - 04/02/2024 13:00:00,""BZN|NO3"",""Without Sequence"",""36.48"","""","""""
"04/02/2024 13:00:00 - 04/02/2024 14:00:00,""BZN|NO3"",""Without Sequence"",""38.49"","""","""""
"04/02/2024 14:00:00 - 04/02/2024 15:00:00,""BZN|NO3"",""Without Sequence"",""39.37"","""","""""
"04/02/2024 15:00:00 - 04/02/2024 16:00:00,""BZN|NO3"",""Without Sequence"",""40.54"","""","""""
"04/02/2024 16:00:00 - 04/02/2024 17:00:00,""BZN|NO3"",""Without Sequence"",""46.03"","""","""""
"04/02/2024 17:00:00 - 04/02/2024 18:00:00,""BZN|NO3"",""Without Sequence"",""47.59"","""","""""
"04/02/2024 18:00:00 - 04/02/2024 19:00:00,""BZN|NO3"",""Without Sequence"",""43.69"","""","""""
"04/02/2024 19:00:00 - 04/02/2024 20:00:00,""BZN|NO3"",""Without Sequence"",""46.51"","""","""""
"04/02/2024 20:00:00 - 04/02/2024 21:00:00,""BZN|NO3"",""Without Sequence"",""41.90"","""","""""
"04/02/2024 21:00:00 - 04/02/2024 22:00:00,""BZN|NO3"",""Without Sequence"",""41.55"","""","""""
"04/02/2024 22:00:00 - 04/02/2024 23:00:00,""BZN|NO3"",""Without Sequence"",""40.25"","""","""""
"04/02/2024 23:00:00 - 05/02/2024 00:00:00,""BZN|NO3"",""Without Sequence"",""39.06"","""","""""
"05/02/2024 00:00:00 - 05/02/2024 01:00:00,""BZN|NO3"",""Without Sequence"",""40.50"","""","""""
"05/02/2024 01:00:00 - 05/02/2024 02:00:00,""BZN|NO3"",""Without Sequence"",""39.09"","""","""""
"05/02/2024 02:00:00 - 05/02/2024 03:00:00,""BZN|NO3"",""Without Sequence"",""38.81"","""","""""
"05/02/2024 03:00:00 - 05/02/2024 04:00:00,""BZN|NO3"",""Without Sequence"",""38.06"","""","""""
"05/02/2024 04:00:00 - 05/02/2024 05:00:00,""BZN|NO3"",""Without Sequence"",""35.80"","""","""""
"05/02/2024 05:00:00 - 05/02/2024 06:00:00,""BZN|NO3"",""Without Sequence"",""36.86"","""","""""
"05/02/2024 06:00:00 - 05/02/2024 07:00:00,""BZN|NO3"",""Without Sequence"",""38.95"","""","""""
"05/02/2024 07:00:00 - 05/02/2024 08:00:00,""BZN|NO3"",""Without Sequence"",""41.66"","""","""""
"05/02/2024 08:00:00 - 05/02/2024 09:00:00,""BZN|NO3"",""Without Sequence"",""49.55"","""","""""
"05/02/2024 09:00:00 - 05/02/2024 10:00:00,""BZN|NO3"",""Without Sequence"",""50.09"","""","""""
"05/02/2024 10:00:00 - 05/02/2024 11:00:00,""BZN|NO3"",""Without Sequence"",""53.82"","""","""""
"05/02/2024 11:00:00 - 05/02/2024 12:00:00,""BZN|NO3"",""Without Sequence"",""50.09"","""","""""
"05/02/2024 12:00:00 - 05/02/2024 13:00:00,""BZN|NO3"",""Without Sequence"",""48.02"","""","""""
"05/02/2024 13:00:00 - 05/02/2024 14:00:00,""BZN|NO3"",""Without Sequence"",""48.93"","""","""""
"05/02/2024 14:00:00 - 05/02/2024 15:00:00,""BZN|NO3"",""Without Sequence"",""53.98"","""","""""
"05/02/2024 15:00:00 - 05/02/2024 16:00:00,""BZN|NO3"",""Without Sequence"",""55.79"","""","""""
"05/02/2024 16:00:00 - 05/02/2024 17:00:00,""BZN|NO3"",""Without Sequence"",""60.34"","""","""""
"05/02/2024 17:00:00 - 05/02/2024 18:00:00,""BZN|NO3"",""Without Sequence"",""60.36"","""","""""
"05/02/2024 18:00:00 - 05/02/2024 19:00:00,""BZN|NO3"",""Without Sequence"",""60.52"","""","""""
"05/02/2024 19:00:00 - 05/02/2024 20:00:00,""BZN|NO3"",""Without Sequence"",""61.79"","""","""""
"05/02/2024 20:00:00 - 05/02/2024 21:00:00,""BZN|NO3"",""Without Sequence"",""60.48"","""","""""
"05/02/2024 21:00:00 - 05/02/2024 22:00:00,""BZN|NO3"",""Without Sequence"",""59.65"","""","""""
"05/02/2024 22:00:00 - 05/02/2024 23:00:00,""BZN|NO3"",""Without Sequence"",""56.30"","""","""""
"05/02/2024 23:00:00 - 06/02/2024 00:00:00,""BZN|NO3"",""Without Sequence"",""52.29"","""","""""
"06/02/2024 00:00:00 - 06/02/2024 01:00:00,""BZN|NO3"",""Without Sequence"",""53.80"","""","""""
"06/02/2024 01:00:00 - 06/02/2024 02:00:00,""BZN|NO3"",""Without Sequence"",""53.17"","""","""""
"06/02/2024 02:00:00 - 06/02/2024 03:00:00,""BZN|NO3"",""Without Sequence"",""53.20"","""","""""
"06/02/2024 03:00:00 - 06/02/2024 04:00:00,""BZN|NO3"",""Without Sequence"",""53.21"","""","""""
"06/02/2024 04:00:00 - 06/02/2024 05:00:00,""BZN|NO3"",""Without Sequence"",""54.56"","""","""""
"06/02/2024 05:00:00 - 06/02/2024 06:00:00,""BZN|NO3"",""Without Sequence"",""57.22"","""","""""
"06/02/2024 06:00:00 - 06/02/2024 07:00:00,""BZN|NO3"",""Without Sequence"",""61.14"","""","""""
"06/02/2024 07:00:00 - 06/02/2024 08:00:00,""BZN|NO3"",""Without Sequence"",""69.07"","""","""""
"06/02/2024 08:00:00 - 06/02/2024 09:00:00,""BZN|NO3"",""Without Sequence"",""74.40"","""","""""
"06/02/2024 09:00:00 - 06/02/2024 10:00:00,""BZN|NO3"",""Without Sequence"",""68.29"","""","""""
"06/02/2024 10:00:00 - 06/02/2024 11:00:00,""BZN|NO3"",""Without Sequence"",""63.90"","""","""""
"06/02/2024 11:00:00 - 06/02/2024 12:00:00,""BZN|NO3"",""Without Sequence"",""62.20"","""","""""
"06/02/2024 12:00:00 - 06/02/2024 13:00:00,""BZN|NO3"",""Without Sequence"",""61.60"","""","""""
"06/02/2024 13:00:00 - 06/02/2024 14:00:00,""BZN|NO3"",""Without Sequence"",""61.35"","""","""""
"06/02/2024 14:00:00 - 06/02/2024 15:00:00,""BZN|NO3"",""Without Sequence"",""61.82"","""","""""
"06/02/2024 15:00:00 - 06/02/2024 16:00:00,""BZN|NO3"",""Without Sequence"",""61.85"","""","""""
"06/02/2024 16:00:00 - 06/02/2024 17:00:00,""BZN|NO3"",""Without Sequence"",""62.63"","""","""""
"06/02/2024 17:00:00 - 06/02/2024 18:00:00,""BZN|NO3"",""Without Sequence"",""64.85"","""","""""
"06/02/2024 18:00:00 - 06/02/2024 19:00:00,""BZN|NO3"",""Without Sequence"",""63.81"","""","""""
"06/02/2024 19:00:00 - 06/02/2024 20:00:00,""BZN|NO3"",""Without Sequence"",""62.16"","""","""""
"06/02/2024 20:00:00 - 06/02/2024 21:00:00,""BZN|NO3"",""Without Sequence"",""60.42"","""","""""
"06/02/2024 21:00:00 - 06/02/2024 22:00:00,""BZN|NO3"",""Without Sequence"",""58.85"","""","""""
"06/02/2024 22:00:00 - 06/02/2024 23:00:00,""BZN|NO3"",""Without Sequence"",""58.04"","""","""""
"06/02/2024 23:00:00 - 07/02/2024 00:00:00,""BZN|NO3"",""Without Sequence"",""55.06"","""","""""
"07/02/2024 00:00:00 - 07/02/2024 01:00:00,""BZN|NO3"",""Without Sequence"",""53.23"","""","""""
"07/02/2024 01:00:00 - 07/02/2024 02:00:00,""BZN|NO3"",""Without Sequence"",""52.37"","""","""""
"07/02/2024 02:00:00 - 07/02/2024 03:00:00,""BZN|NO3"",""Without Sequence"",""53.26"","""","""""
"07/02/2024 03:00:00 - 07/02/2024 04:00:00,""BZN|NO3"",""Without Sequence"",""53.89"","""","""""
"07/02/2024 04:00:00 - 07/02/2024 05:00:00,""BZN|NO3"",""Without Sequence"",""56.03"","""","""""
"07/02/2024 05:00:00 - 07/02/2024 06:00:00,""BZN|NO3"",""Without Sequence"",""60.12"","""","""""
"07/02/2024 06:00:00 - 07/02/2024 07:00:00,""BZN|NO3"",""Without Sequence"",""74.35"","""","""""
"07/02/2024 07:00:00 - 07/02/2024 08:00:00,""BZN|NO3"",""Without Sequence"",""86.67"","""","""""
"07/02/2024 08:00:00 - 07/02/2024 09:00:00,""BZN|NO3"",""Without Sequence"",""87.00"","""","""""
"07/02/2024 09:00:00 - 07/02/2024 10:00:00,""BZN|NO3"",""Without Sequence"",""85.53"","""","""""
"07/02/2024 10:00:00 - 07/02/2024 11:00:00,""BZN|NO3"",""Without Sequence"",""81.17"","""","""""
"07/02/2024 11:00:00 - 07/02/2024 12:00:00,""BZN|NO3"",""Without Sequence"",""78.01"","""","""""
"07/02/2024 12:00:00 - 07/02/2024 13:00:00,""BZN|NO3"",""Without Sequence"",""75.82"","""","""""
"07/02/2024 13:00:00 - 07/02/2024 14:00:00,""BZN|NO3"",""Without Sequence"",""78.29"","""","""""
"07/02/2024 14:00:00 - 07/02/2024 15:00:00,""BZN|NO3"",""Without Sequence"",""77.32"","""","""""
"07/02/2024 15:00:00 - 07/02/2024 16:00:00,""BZN|NO3"",""Without Sequence"",""86.74"","""","""""
"07/02/2024 16:00:00 - 07/02/2024 17:00:00,""BZN|NO3"",""Without Sequence"",""97.30"","""","""""
"07/02/2024 17:00:00 - 07/02/2024 18:00:00,""BZN|NO3"",""Without Sequence"",""116.57"","""","""""
"07/02/2024 18:00:00 - 07/02/2024 19:00:00,""BZN|NO3"",""Without Sequence"",""94.90"","""","""""
"07/02/2024 19:00:00 - 07/02/2024 20:00:00,""BZN|NO3"",""Without Sequence"",""83.14"","""","""""
"07/02/2024 20:00:00 - 07/02/2024 21:00:00,""BZN|NO3"",""Without Sequence"",""76.23"","""","""""
"07/02/2024 21:00:00 - 07/02/2024 22:00:00,""BZN|NO3"",""Without Sequence"",""71.34"","""","""""
"07/02/2024 22:00:00 - 07/02/2024 23:00:00,""BZN|NO3"",""Without Sequence"",""71.84"","""","""""
"07/02/2024 23:00:00 - 08/02/2024 00:00:00,""BZN|NO3"",""Without Sequence"",""68.13"","""","""""
"08/02/2024 00:00:00 - 08/02/2024 01:00:00,""BZN|NO3"",""Without Sequence"",""71.41"","""","""""
"08/02/2024 01:00:00 - 08/02/2024 02:00:00,""BZN|NO3"",""Without Sequence"",""71.23"","""","""""
"08/02/2024 02:00:00 - 08/02/2024 03:00:00,""BZN|NO3"",""Without Sequence"",""70.06"","""","""""
"08/02/2024 03:00:00 - 08/02/2024 04:00:00,""BZN|NO3"",""Without Sequence"",""69.12"","""","""""
"08/02/2024 04:00:00 - 08/02/2024 05:00:00,""BZN|NO3"",""Without Sequence"",""70.75"","""","""""
"08/02/2024 05:00:00 - 08/02/2024 06:00:00,""BZN|NO3"",""Without Sequence"",""75.98"","""","""""
"08/02/2024 06:00:00 - 08/02/2024 07:00:00,""BZN|NO3"",""Without Sequence"",""72.36"","""","""""
"08/02/2024 07:00:00 - 08/02/2024 08:00:00,""BZN|NO3"",""Without Sequence"",""76.26"","""","""""
"08/02/2024 08:00:00 - 08/02/2024 09:00:00,""BZN|NO3"",""Without Sequence"",""107.27"","""","""""
"08/02/2024 09:00:00 - 08/02/2024 10:00:00,""BZN|NO3"",""Without Sequence"",""113.55"","""","""""
"08/02/2024 10:00:00 - 08/02/2024 11:00:00,""BZN|NO3"",""Without Sequence"",""97.79"","""","""""
"08/02/2024 11:00:00 - 08/02/2024 12:00:00,""BZN|NO3"",""Without Sequence"",""91.87"","""","""""
"08/02/2024 12:00:00 - 08/02/2024 13:00:00,""BZN|NO3"",""Without Sequence"",""89.38"","""","""""
"08/02/2024 13:00:00 - 08/02/2024 14:00:00,""BZN|NO3"",""Without Sequence"",""90.98"","""","""""
"08/02/2024 14:00:00 - 08/02/2024 15:00:00,""BZN|NO3"",""Without Sequence"",""94.90"","""","""""
"08/02/2024 15:00:00 - 08/02/2024 16:00:00,""BZN|NO3"",""Without Sequence"",""94.38"","""","""""
"08/02/2024 16:00:00 - 08/02/2024 17:00:00,""BZN|NO3"",""Without Sequence"",""78.56"","""","""""
"08/02/2024 17:00:00 - 08/02/2024 18:00:00,""BZN|NO3"",""Without Sequence"",""74.35"","""","""""
"08/02/2024 18:00:00 - 08/02/2024 19:00:00,""BZN|NO3"",""Without Sequence"",""72.26"","""","""""
"08/02/2024 19:00:00 - 08/02/2024 20:00:00,""BZN|NO3"",""Without Sequence"",""71.60"","""","""""
"08/02/2024 20:00:00 - 08/02/2024 21:00:00,""BZN|NO3"",""Without Sequence"",""75.74"","""","""""
"08/02/2024 21:00:00 - 08/02/2024 22:00:00,""BZN|NO3"",""Without Sequence"",""73.04"","""","""""
"08/02/2024 22:00:00 - 08/02/2024 23:00:00,""BZN|NO3"",""Without Sequence"",""74.94"","""","""""
"08/02/2024 23:00:00 - 09/02/2024 00:00:00,""BZN|NO3"",""Without Sequence"",""65.98"","""","""""
"09/02/2024 00:00:00 - 09/02/2024 01:00:00,""BZN|NO3"",""Without Sequence"",""67.27"","""","""""
"09/02/2024 01:00:00 - 09/02/2024 02:00:00,""BZN|NO3"",""Without Sequence"",""65.65"","""","""""
"09/02/2024 02:00:00 - 09/02/2024 03:00:00,""BZN|NO3"",""Without Sequence"",""64.67"","""","""""
"09/02/2024 03:00:00 - 09/02/2024 04:00:00,""BZN|NO3"",""Without Sequence"",""63.57"","""","""""
"09/02/2024 04:00:00 - 09/02/2024 05:00:00,""BZN|NO3"",""Without Sequence"",""62.97"","""","""""
"09/02/2024 05:00:00 - 09/02/2024 06:00:00,""BZN|NO3"",""Without Sequence"",""66.13"","""","""""
"09/02/2024 06:00:00 - 09/02/2024 07:00:00,""BZN|NO3"",""Without Sequence"",""67.42"","""","""""
"09/02/2024 07:00:00 - 09/02/2024 08:00:00,""BZN|NO3"",""Without Sequence"",""69.60"","""","""""
"09/02/2024 08:00:00 - 09/02/2024 09:00:00,""BZN|NO3"",""Without Sequence"",""75.48"","""","""""
"09/02/2024 09:00:00 - 09/02/2024 10:00:00,""BZN|NO3"",""Without Sequence"",""73.68"","""","""""
"09/02/2024 10:00:00 - 09/02/2024 11:00:00,""BZN|NO3"",""Without Sequence"",""71.46"","""","""""
"09/02/2024 11:00:00 - 09/02/2024 12:00:00,""BZN|NO3"",""Without Sequence"",""70.75"","""","""""
"09/02/2024 12:00:00 - 09/02/2024 13:00:00,""BZN|NO3"",""Without Sequence"",""69.52"","""","""""
"09/02/2024 13:00:00 - 09/02/2024 14:00:00,""BZN|NO3"",""Without Sequence"",""69.60"","""","""""
"09/02/2024 14:00:00 - 09/02/2024 15:00:00,""BZN|NO3"",""Without Sequence"",""70.09"","""","""""
"09/02/2024 15:00:00 - 09/02/2024 16:00:00,""BZN|NO3"",""Without Sequence"",""70.12"","""","""""
"09/02/2024 16:00:00 - 09/02/2024 17:00:00,""BZN|NO3"",""Without Sequence"",""70.80"","""","""""
"09/02/2024 17:00:00 - 09/02/2024 18:00:00,""BZN|NO3"",""Without Sequence"",""76.44"","""","""""
"09/02/2024 18:00:00 - 09/02/2024 19:00:00,""BZN|NO3"",""Without Sequence"",""75.94"","""","""""
"09/02/2024 19:00:00 - 09/02/2024 20:00:00,""BZN|NO3"",""Without Sequence"",""70.94"","""","""""
"09/02/2024 20:00:00 - 09/02/2024 21:00:00,""BZN|NO3"",""Without Sequence"",""67.25"","""","""""
"09/02/2024 21:00:00 - 09/02/2024 22:00:00,""BZN|NO3"",""Without Sequence"",""66.15"","""","""""
"09/02/2024 22:00:00 - 09/02/2024 23:00:00,""BZN|NO3"",""Without Sequence"",""64.96"","""","""""
"09/02/2024 23:00:00 - 10/02/2024 00:00:00,""BZN|NO3"",""Without Sequence"",""63.28"","""","""""
"10/02/2024 00:00:00 - 10/02/2024 01:00:00,""BZN|NO3"",""Without Sequence"",""61.14"","""","""""
"10/02/2024 01:00:00 - 10/02/2024 02:00:00,""BZN|NO3"",""Without Sequence"",""62.03"","""","""""
"10/02/2024 02:00:00 - 10/02/2024 03:00:00,""BZN|NO3"",""Without Sequence"",""62.34"","""","""""
"10/02/2024 03:00:00 - 10/02/2024 04:00:00,""BZN|NO3"",""Without Sequence"",""62.33"","""","""""
"10/02/2024 04:00:00 - 10/02/2024 05:00:00,""BZN|NO3"",""Without Sequence"",""62.35"","""","""""
"10/02/2024 05:00:00 - 10/02/2024 06:00:00,""BZN|NO3"",""Without Sequence"",""63.35"","""","""""
"10/02/2024 06:00:00 - 10/02/2024 07:00:00,""BZN|NO3"",""Without Sequence"",""62.64"","""","""""
"10/02/2024 07:00:00 - 10/02/2024 08:00:00,""BZN|NO3"",""Without Sequence"",""63.26"","""","""""
"10/02/2024 08:00:00 - 10/02/2024 09:00:00,""BZN|NO3"",""Without Sequence"",""64.74"","""","""""
"10/02/2024 09:00:00 - 10/02/2024 10:00:00,""BZN|NO3"",""Without Sequence"",""65.72"","""","""""
"10/02/2024 10:00:00 - 10/02/2024 11:00:00,""BZN|NO3"",""Without Sequence"",""67.47"","""","""""
"10/02/2024 11:00:00 - 10/02/2024 12:00:00,""BZN|NO3"",""Without Sequence"",""67.27"","""","""""
"10/02/2024 12:00:00 - 10/02/2024 13:00:00,""BZN|NO3"",""Without Sequence"",""66.18"","""","""""
"10/02/2024 13:00:00 - 10/02/2024 14:00:00,""BZN|NO3"",""Without Sequence"",""65.12"","""","""""
"10/02/2024 14:00:00 - 10/02/2024 15:00:00,""BZN|NO3"",""Without Sequence"",""66.68"","""","""""
"10/02/2024 15:00:00 - 10/02/2024 16:00:00,""BZN|NO3"",""Without Sequence"",""66.67"","""","""""
"10/02/2024 16:00:00 - 10/02/2024 17:00:00,""BZN|NO3"",""Without Sequence"",""67.53"","""","""""
"10/02/2024 17:00:00 - 10/02/2024 18:00:00,""BZN|NO3"",""Without Sequence"",""66.85"","""","""""
"10/02/2024 18:00:00 - 10/02/2024 19:00:00,""BZN|NO3"",""Without Sequence"",""65.98"","""","""""
"10/02/2024 19:00:00 - 10/02/2024 20:00:00,""BZN|NO3"",""Without Sequence"",""65.51"","""","""""
"10/02/2024 20:00:00 - 10/02/2024 21:00:00,""BZN|NO3"",""Without Sequence"",""65.28"","""","""""
"10/02/2024 21:00:00 - 10/02/2024 22:00:00,""BZN|NO3"",""Without Sequence"",""64.18"","""","""""
"10/02/2024 22:00:00 - 10/02/2024 23:00:00,""BZN|NO3"",""Without Sequence"",""63.38"","""","""""
"10/02/2024 23:00:00 - 11/02/2024 00:00:00,""BZN|NO3"",""Without Sequence"",""61.93"","""","""""
"11/02/2024 00:00:00 - 11/02/2024 01:00:00,""BZN|NO3"",""Without Sequence"",""55.48"","""","""""
"11/02/2024 01:00:00 - 11/02/2024 02:00:00,""BZN|NO3"",""Without Sequence"",""53.67"","""","""""
"11/02/2024 02:00:00 - 11/02/2024 03:00:00,""BZN|NO3"",""Without Sequence"",""52.60"","""","""""
"11/02/2024 03:00:00 - 11/02/2024 04:00:00,""BZN|NO3"",""Without Sequence"",""46.83"","""","""""
"11/02/2024 04:00:00 - 11/02/2024 05:00:00,""BZN|NO3"",""Without Sequence"",""43.64"","""","""""
"11/02/2024 05:00:00 - 11/02/2024 06:00:00,""BZN|NO3"",""Without Sequence"",""46.25"","""","""""
"11/02/2024 06:00:00 - 11/02/2024 07:00:00,""BZN|NO3"",""Without Sequence"",""49.19"","""","""""
"11/02/2024 07:00:00 - 11/02/2024 08:00:00,""BZN|NO3"",""Without Sequence"",""53.16"","""","""""
"11/02/2024 08:00:00 - 11/02/2024 09:00:00,""BZN|NO3"",""Without Sequence"",""55.06"","""","""""
"11/02/2024 09:00:00 - 11/02/2024 10:00:00,""BZN|NO3"",""Without Sequence"",""57.97"","""","""""
"11/02/2024 10:00:00 - 11/02/2024 11:00:00,""BZN|NO3"",""Without Sequence"",""61.16"","""","""""
"11/02/2024 11:00:00 - 11/02/2024 12:00:00,""BZN|NO3"",""Without Sequence"",""63.97"","""","""""
"11/02/2024 12:00:00 - 11/02/2024 13:00:00,""BZN|NO3"",""Without Sequence"",""63.05"","""","""""
"11/02/2024 13:00:00 - 11/02/2024 14:00:00,""BZN|NO3"",""Without Sequence"",""61.73"","""","""""
"11/02/2024 14:00:00 - 11/02/2024 15:00:00,""BZN|NO3"",""Without Sequence"",""63.33"","""","""""
"11/02/2024 15:00:00 - 11/02/2024 16:00:00,""BZN|NO3"",""Without Sequence"",""64.71"","""","""""
"11/02/2024 16:00:00 - 11/02/2024 17:00:00,""BZN|NO3"",""Without Sequence"",""68.04"","""","""""
"11/02/2024 17:00:00 - 11/02/2024 18:00:00,""BZN|NO3"",""Without Sequence"",""72.64"","""","""""
"11/02/2024 18:00:00 - 11/02/2024 19:00:00,""BZN|NO3"",""Without Sequence"",""66.99"","""","""""
"11/02/2024 19:00:00 - 11/02/2024 20:00:00,""BZN|NO3"",""Without Sequence"",""65.65"","""","""""
"11/02/2024 20:00:00 - 11/02/2024 21:00:00,""BZN|NO3"",""Without Sequence"",""63.29"","""","""""
"11/02/2024 21:00:00 - 11/02/2024 22:00:00,""BZN|NO3"",""Without Sequence"",""60.37"","""","""""
"11/02/2024 22:00:00 - 11/02/2024 23:00:00,""BZN|NO3"",""Without Sequence"",""56.51"","""","""""
"11/02/2024 23:00:00 - 12/02/2024 00:00:00,""BZN|NO3"",""Without Sequence"",""57.38"","""","""""
"12/02/2024 00:00:00 - 12/02/2024 01:00:00,""BZN|NO3"",""Without Sequence"",""59.92"","""","""""
"12/02/2024 01:00:00 - 12/02/2024 02:00:00,""BZN|NO3"",""Without Sequence"",""58.99"","""","""""
"12/02/2024 02:00:00 - 12/02/2024 03:00:00,""BZN|NO3"",""Without Sequence"",""58.53"","""","""""
"12/02/2024 03:00:00 - 12/02/2024 04:00:00,""BZN|NO3"",""Without Sequence"",""57.77"","""","""""
"12/02/2024 04:00:00 - 12/02/2024 05:00:00,""BZN|NO3"",""Without Sequence"",""58.83"","""","""""
"12/02/2024 05:00:00 - 12/02/2024 06:00:00,""BZN|NO3"",""Without Sequence"",""60.04"","""","""""
"12/02/2024 06:00:00 - 12/02/2024 07:00:00,""BZN|NO3"",""Without Sequence"",""60.71"","""","""""
"12/02/2024 07:00:00 - 12/02/2024 08:00:00,""BZN|NO3"",""Without Sequence"",""62.60"","""","""""
"12/02/2024 08:00:00 - 12/02/2024 09:00:00,""BZN|NO3"",""Without Sequence"",""63.71"","""","""""
"12/02/2024 09:00:00 - 12/02/2024 10:00:00,""BZN|NO3"",""Without Sequence"",""63.73"","""","""""
"12/02/2024 10:00:00 - 12/02/2024 11:00:00,""BZN|NO3"",""Without Sequence"",""63.73"","""","""""
"12/02/2024 11:00:00 - 12/02/2024 12:00:00,""BZN|NO3"",""Without Sequence"",""64.38"","""","""""
"12/02/2024 12:00:00 - 12/02/2024 13:00:00,""BZN|NO3"",""Without Sequence"",""64.71"","""","""""
"12/02/2024 13:00:00 - 12/02/2024 14:00:00,""BZN|NO3"",""Without Sequence"",""63.75"","""","""""
"12/02/2024 14:00:00 - 12/02/2024 15:00:00,""BZN|NO3"",""Without Sequence"",""63.10"","""","""""
"12/02/2024 15:00:00 - 12/02/2024 16:00:00,""BZN|NO3"",""Without Sequence"",""60.45"","""","""""
"12/02/2024 16:00:00 - 12/02/2024 17:00:00,""BZN|NO3"",""Without Sequence"",""59.08"","""","""""
"12/02/2024 17:00:00 - 12/02/2024 18:00:00,""BZN|NO3"",""Without Sequence"",""57.97"","""","""""
"12/02/2024 18:00:00 - 12/02/2024 19:00:00,""BZN|NO3"",""Without Sequence"",""59.71"","""","""""
"12/02/2024 19:00:00 - 12/02/2024 20:00:00,""BZN|NO3"",""Without Sequence"",""57.37"","""","""""
"12/02/2024 20:00:00 - 12/02/2024 21:00:00,""BZN|NO3"",""Without Sequence"",""54.77"","""","""""
"12/02/2024 21:00:00 - 12/02/2024 22:00:00,""BZN|NO3"",""Without Sequence"",""52.75"","""","""""
"12/02/2024 22:00:00 - 12/02/2024 23:00:00,""BZN|NO3"",""Without Sequence"",""51.79"","""","""""
"12/02/2024 23:00:00 - 13/02/2024 00:00:00,""BZN|NO3"",""Without Sequence"",""50.54"","""","""""
"13/02/2024 00:00:00 - 13/02/2024 01:00:00,""BZN|NO3"",""Without Sequence"",""48.93"","""","""""
"13/02/2024 01:00:00 - 13/02/2024 02:00:00,""BZN|NO3"",""Without Sequence"",""48.16"","""","""""
"13/02/2024 02:00:00 - 13/02/2024 03:00:00,""BZN|NO3"",""Without Sequence"",""45.52"","""","""""
"13/02/2024 03:00:00 - 13/02/2024 04:00:00,""BZN|NO3"",""Without Sequence"",""43.89"","""","""""
"13/02/2024 04:00:00 - 13/02/2024 05:00:00,""BZN|NO3"",""Without Sequence"",""44.14"","""","""""
"13/02/2024 05:00:00 - 13/02/2024 06:00:00,""BZN|NO3"",""Without Sequence"",""49.07"","""","""""
"13/02/2024 06:00:00 - 13/02/2024 07:00:00,""BZN|NO3"",""Without Sequence"",""48.22"","""","""""
"13/02/2024 07:00:00 - 13/02/2024 08:00:00,""BZN|NO3"",""Without Sequence"",""48.37"","""","""""
"13/02/2024 08:00:00 - 13/02/2024 09:00:00,""BZN|NO3"",""Without Sequence"",""48.55"","""","""""
"13/02/2024 09:00:00 - 13/02/2024 10:00:00,""BZN|NO3"",""Without Sequence"",""49.00"","""","""""
"13/02/2024 10:00:00 - 13/02/2024 11:00:00,""BZN|NO3"",""Without Sequence"",""49.67"","""","""""
"13/02/2024 11:00:00 - 13/02/2024 12:00:00,""BZN|NO3"",""Without Sequence"",""50.42"","""","""""
"13/02/2024 12:00:00 - 13/02/2024 13:00:00,""BZN|NO3"",""Without Sequence"",""51.11"","""","""""
"13/02/2024 13:00:00 - 13/02/2024 14:00:00,""BZN|NO3"",""Without Sequence"",""49.67"","""","""""
"13/02/2024 14:00:00 - 13/02/2024 15:00:00,""BZN|NO3"",""Without Sequence"",""48.71"","""","""""
"13/02/2024 15:00:00 - 13/02/2024 16:00:00,""BZN|NO3"",""Without Sequence"",""48.44"","""","""""
"13/02/2024 16:00:00 - 13/02/2024 17:00:00,""BZN|NO3"",""Without Sequence"",""49.00"","""","""""
"13/02/2024 17:00:00 - 13/02/2024 18:00:00,""BZN|NO3"",""Without Sequence"",""49.20"","""","""""
"13/02/2024 18:00:00 - 13/02/2024 19:00:00,""BZN|NO3"",""Without Sequence"",""49.35"","""","""""
"13/02/2024 19:00:00 - 13/02/2024 20:00:00,""BZN|NO3"",""Without Sequence"",""49.35"","""","""""
"13/02/2024 20:00:00 - 13/02/2024 21:00:00,""BZN|NO3"",""Without Sequence"",""49.06"","""","""""
"13/02/2024 21:00:00 - 13/02/2024 22:00:00,""BZN|NO3"",""Without Sequence"",""49.90"","""","""""
"13/02/2024 22:00:00 - 13/02/2024 23:00:00,""BZN|NO3"",""Without Sequence"",""50.01"","""","""""
"13/02/2024 23:00:00 - 14/02/2024 00:00:00,""BZN|NO3"",""Without Sequence"",""45.85"","""","""""
"14/02/2024 00:00:00 - 14/02/2024 01:00:00,""BZN|NO3"",""Without Sequence"",""44.93"","""","""""
"14/02/2024 01:00:00 - 14/02/2024 02:00:00,""BZN|NO3"",""Without Sequence"",""45.51"","""","""""
"14/02/2024 02:00:00 - 14/02/2024 03:00:00,""BZN|NO3"",""Without Sequence"",""44.71"","""","""""
"14/02/2024 03:00:00 - 14/02/2024 04:00:00,""BZN|NO3"",""Without Sequence"",""44.42"","""","""""
"14/02/2024 04:00:00 - 14/02/2024 05:00:00,""BZN|NO3"",""Without Sequence"",""43.78"","""","""""
"14/02/2024 05:00:00 - 14/02/2024 06:00:00,""BZN|NO3"",""Without Sequence"",""44.66"","""","""""
"14/02/2024 06:00:00 - 14/02/2024 07:00:00,""BZN|NO3"",""Without Sequence"",""48.00"","""","""""
"14/02/2024 07:00:00 - 14/02/2024 08:00:00,""BZN|NO3"",""Without Sequence"",""49.09"","""","""""
"14/02/2024 08:00:00 - 14/02/2024 09:00:00,""BZN|NO3"",""Without Sequence"",""49.95"","""","""""
"14/02/2024 09:00:00 - 14/02/2024 10:00:00,""BZN|NO3"",""Without Sequence"",""50.00"","""","""""
"14/02/2024 10:00:00 - 14/02/2024 11:00:00,""BZN|NO3"",""Without Sequence"",""50.08"","""","""""
"14/02/2024 11:00:00 - 14/02/2024 12:00:00,""BZN|NO3"",""Without Sequence"",""51.37"","""","""""
"14/02/2024 12:00:00 - 14/02/2024 13:00:00,""BZN|NO3"",""Without Sequence"",""51.27"","""","""""
"14/02/2024 13:00:00 - 14/02/2024 14:00:00,""BZN|NO3"",""Without Sequence"",""50.88"","""","""""
"14/02/2024 14:00:00 - 14/02/2024 15:00:00,""BZN|NO3"",""Without Sequence"",""49.99"","""","""""
"14/02/2024 15:00:00 - 14/02/2024 16:00:00,""BZN|NO3"",""Without Sequence"",""49.38"","""","""""
"14/02/2024 16:00:00 - 14/02/2024 17:00:00,""BZN|NO3"",""Without Sequence"",""50.08"","""","""""
"14/02/2024 17:00:00 - 14/02/2024 18:00:00,""BZN|NO3"",""Without Sequence"",""49.67"","""","""""
"14/02/2024 18:00:00 - 14/02/2024 19:00:00,""BZN|NO3"",""Without Sequence"",""49.07"","""","""""
"14/02/2024 19:00:00 - 14/02/2024 20:00:00,""BZN|NO3"",""Without Sequence"",""48.53"","""","""""
"14/02/2024 20:00:00 - 14/02/2024 21:00:00,""BZN|NO3"",""Without Sequence"",""48.79"","""","""""
"14/02/2024 21:00:00 - 14/02/2024 22:00:00,""BZN|NO3"",""Without Sequence"",""49.93"","""","""""
"14/02/2024 22:00:00 - 14/02/2024 23:00:00,""BZN|NO3"",""Without Sequence"",""48.77"","""","""""
"14/02/2024 23:00:00 - 15/02/2024 00:00:00,""BZN|NO3"",""Without Sequence"",""45.47"","""","""""
"15/02/2024 00:00:00 - 15/02/2024 01:00:00,""BZN|NO3"",""Without Sequence"",""46.67"","""","""""
"15/02/2024 01:00:00 - 15/02/2024 02:00:00,""BZN|NO3"",""Without Sequence"",""46.35"","""","""""
"15/02/2024 02:00:00 - 15/02/2024 03:00:00,""BZN|NO3"",""Without Sequence"",""47.17"","""","""""
"15/02/2024 03:00:00 - 15/02/2024 04:00:00,""BZN|NO3"",""Without Sequence"",""48.00"","""","""""
"15/02/2024 04:00:00 - 15/02/2024 05:00:00,""BZN|NO3"",""Without Sequence"",""48.59"","""","""""
"15/02/2024 05:00:00 - 15/02/2024 06:00:00,""BZN|NO3"",""Without Sequence"",""49.42"","""","""""
"15/02/2024 06:00:00 - 15/02/2024 07:00:00,""BZN|NO3"",""Without Sequence"",""60.01"","""","""""
"15/02/2024 07:00:00 - 15/02/2024 08:00:00,""BZN|NO3"",""Without Sequence"",""65.01"","""","""""
"15/02/2024 08:00:00 - 15/02/2024 09:00:00,""BZN|NO3"",""Without Sequence"",""65.88"","""","""""
"15/02/2024 09:00:00 - 15/02/2024 10:00:00,""BZN|NO3"",""Without Sequence"",""76.17"","""","""""
"15/02/2024 10:00:00 - 15/02/2024 11:00:00,""BZN|NO3"",""Without Sequence"",""72.03"","""","""""
"15/02/2024 11:00:00 - 15/02/2024 12:00:00,""BZN|NO3"",""Without Sequence"",""67.79"","""","""""
"15/02/2024 12:00:00 - 15/02/2024 13:00:00,""BZN|NO3"",""Without Sequence"",""64.84"","""","""""
"15/02/2024 13:00:00 - 15/02/2024 14:00:00,""BZN|NO3"",""Without Sequence"",""64.41"","""","""""
"15/02/2024 14:00:00 - 15/02/2024 15:00:00,""BZN|NO3"",""Without Sequence"",""67.75"","""","""""
"15/02/2024 15:00:00 - 15/02/2024 16:00:00,""BZN|NO3"",""Without Sequence"",""72.88"","""","""""
"15/02/2024 16:00:00 - 15/02/2024 17:00:00,""BZN|NO3"",""Without Sequence"",""76.45"","""","""""
"15/02/2024 17:00:00 - 15/02/2024 18:00:00,""BZN|NO3"",""Without Sequence"",""82.01"","""","""""
"15/02/2024 18:00:00 - 15/02/2024 19:00:00,""BZN|NO3"",""Without Sequence"",""82.01"","""","""""
"15/02/2024 19:00:00 - 15/02/2024 20:00:00,""BZN|NO3"",""Without Sequence"",""69.97"","""","""""
"15/02/2024 20:00:00 - 15/02/2024 21:00:00,""BZN|NO3"",""Without Sequence"",""64.06"","""","""""
"15/02/2024 21:00:00 - 15/02/2024 22:00:00,""BZN|NO3"",""Without Sequence"",""55.45"","""","""""
"15/02/2024 22:00:00 - 15/02/2024 23:00:00,""BZN|NO3"",""Without Sequence"",""51.74"","""","""""
"15/02/2024 23:00:00 - 16/02/2024 00:00:00,""BZN|NO3"",""Without Sequence"",""48.38"","""","""""
"16/02/2024 00:00:00 - 16/02/2024 01:00:00,""BZN|NO3"",""Without Sequence"",""38.19"","""","""""
"16/02/2024 01:00:00 - 16/02/2024 02:00:00,""BZN|NO3"",""Without Sequence"",""34.56"","""","""""
"16/02/2024 02:00:00 - 16/02/2024 03:00:00,""BZN|NO3"",""Without Sequence"",""32.50"","""","""""
"16/02/2024 03:00:00 - 16/02/2024 04:00:00,""BZN|NO3"",""Without Sequence"",""30.16"","""","""""
"16/02/2024 04:00:00 - 16/02/2024 05:00:00,""BZN|NO3"",""Without Sequence"",""29.89"","""","""""
"16/02/2024 05:00:00 - 16/02/2024 06:00:00,""BZN|NO3"",""Without Sequence"",""32.84"","""","""""
"16/02/2024 06:00:00 - 16/02/2024 07:00:00,""BZN|NO3"",""Without Sequence"",""35.81"","""","""""
"16/02/2024 07:00:00 - 16/02/2024 08:00:00,""BZN|NO3"",""Without Sequence"",""45.41"","""","""""
"16/02/2024 08:00:00 - 16/02/2024 09:00:00,""BZN|NO3"",""Without Sequence"",""49.05"","""","""""
"16/02/2024 09:00:00 - 16/02/2024 10:00:00,""BZN|NO3"",""Without Sequence"",""49.11"","""","""""
"16/02/2024 10:00:00 - 16/02/2024 11:00:00,""BZN|NO3"",""Without Sequence"",""49.99"","""","""""
"16/02/2024 11:00:00 - 16/02/2024 12:00:00,""BZN|NO3"",""Without Sequence"",""51.19"","""","""""
"16/02/2024 12:00:00 - 16/02/2024 13:00:00,""BZN|NO3"",""Without Sequence"",""51.83"","""","""""
"16/02/2024 13:00:00 - 16/02/2024 14:00:00,""BZN|NO3"",""Without Sequence"",""51.83"","""","""""
"16/02/2024 14:00:00 - 16/02/2024 15:00:00,""BZN|NO3"",""Without Sequence"",""51.68"","""","""""
"16/02/2024 15:00:00 - 16/02/2024 16:00:00,""BZN|NO3"",""Without Sequence"",""49.88"","""","""""
"16/02/2024 16:00:00 - 16/02/2024 17:00:00,""BZN|NO3"",""Without Sequence"",""49.17"","""","""""
"16/02/2024 17:00:00 - 16/02/2024 18:00:00,""BZN|NO3"",""Without Sequence"",""48.98"","""","""""
"16/02/2024 18:00:00 - 16/02/2024 19:00:00,""BZN|NO3"",""Without Sequence"",""48.88"","""","""""
"16/02/2024 19:00:00 - 16/02/2024 20:00:00,""BZN|NO3"",""Without Sequence"",""48.00"","""","""""
"16/02/2024 20:00:00 - 16/02/2024 21:00:00,""BZN|NO3"",""Without Sequence"",""45.97"","""","""""
"16/02/2024 21:00:00 - 16/02/2024 22:00:00,""BZN|NO3"",""Without Sequence"",""43.49"","""","""""
"16/02/2024 22:00:00 - 16/02/2024 23:00:00,""BZN|NO3"",""Without Sequence"",""33.83"","""","""""
"16/02/2024 23:00:00 - 17/02/2024 00:00:00,""BZN|NO3"",""Without Sequence"",""19.56"","""","""""
"17/02/2024 00:00:00 - 17/02/2024 01:00:00,""BZN|NO3"",""Without Sequence"",""19.32"","""","""""
"17/02/2024 01:00:00 - 17/02/2024 02:00:00,""BZN|NO3"",""Without Sequence"",""18.88"","""","""""
"17/02/2024 02:00:00 - 17/02/2024 03:00:00,""BZN|NO3"",""Without Sequence"",""18.43"","""","""""
"17/02/2024 03:00:00 - 17/02/2024 04:00:00,""BZN|NO3"",""Without Sequence"",""18.49"","""","""""
"17/02/2024 04:00:00 - 17/02/2024 05:00:00,""BZN|NO3"",""Without Sequence"",""18.80"","""","""""
"17/02/2024 05:00:00 - 17/02/2024 06:00:00,""BZN|NO3"",""Without Sequence"",""19.70"","""","""""
"17/02/2024 06:00:00 - 17/02/2024 07:00:00,""BZN|NO3"",""Without Sequence"",""29.90"","""","""""
"17/02/2024 07:00:00 - 17/02/2024 08:00:00,""BZN|NO3"",""Without Sequence"",""37.24"","""","""""
"17/02/2024 08:00:00 - 17/02/2024 09:00:00,""BZN|NO3"",""Without Sequence"",""43.60"","""","""""
"17/02/2024 09:00:00 - 17/02/2024 10:00:00,""BZN|NO3"",""Without Sequence"",""44.85"","""","""""
"17/02/2024 10:00:00 - 17/02/2024 11:00:00,""BZN|NO3"",""Without Sequence"",""45.15"","""","""""
"17/02/2024 11:00:00 - 17/02/2024 12:00:00,""BZN|NO3"",""Without Sequence"",""45.07"","""","""""
"17/02/2024 12:00:00 - 17/02/2024 13:00:00,""BZN|NO3"",""Without Sequence"",""45.01"","""","""""
"17/02/2024 13:00:00 - 17/02/2024 14:00:00,""BZN|NO3"",""Without Sequence"",""45.01"","""","""""
"17/02/2024 14:00:00 - 17/02/2024 15:00:00,""BZN|NO3"",""Without Sequence"",""45.10"","""","""""
"17/02/2024 15:00:00 - 17/02/2024 16:00:00,""BZN|NO3"",""Without Sequence"",""45.17"","""","""""
"17/02/2024 16:00:00 - 17/02/2024 17:00:00,""BZN|NO3"",""Without Sequence"",""48.02"","""","""""
"17/02/2024 17:00:00 - 17/02/2024 18:00:00,""BZN|NO3"",""Without Sequence"",""48.99"","""","""""
"17/02/2024 18:00:00 - 17/02/2024 19:00:00,""BZN|NO3"",""Without Sequence"",""49.48"","""","""""
"17/02/2024 19:00:00 - 17/02/2024 20:00:00,""BZN|NO3"",""Without Sequence"",""49.88"","""","""""
"17/02/2024 20:00:00 - 17/02/2024 21:00:00,""BZN|NO3"",""Without Sequence"",""50.09"","""","""""
"17/02/2024 21:00:00 - 17/02/2024 22:00:00,""BZN|NO3"",""Without Sequence"",""49.74"","""","""""
"17/02/2024 22:00:00 - 17/02/2024 23:00:00,""BZN|NO3"",""Without Sequence"",""49.21"","""","""""
"17/02/2024 23:00:00 - 18/02/2024 00:00:00,""BZN|NO3"",""Without Sequence"",""49.10"","""","""""
"18/02/2024 00:00:00 - 18/02/2024 01:00:00,""BZN|NO3"",""Without Sequence"",""43.48"","""","""""
"18/02/2024 01:00:00 - 18/02/2024 02:00:00,""BZN|NO3"",""Without Sequence"",""40.99"","""","""""
"18/02/2024 02:00:00 - 18/02/2024 03:00:00,""BZN|NO3"",""Without Sequence"",""40.16"","""","""""
"18/02/2024 03:00:00 - 18/02/2024 04:00:00,""BZN|NO3"",""Without Sequence"",""39.29"","""","""""
"18/02/2024 04:00:00 - 18/02/2024 05:00:00,""BZN|NO3"",""Without Sequence"",""38.83"","""","""""
"18/02/2024 05:00:00 - 18/02/2024 06:00:00,""BZN|NO3"",""Without Sequence"",""38.49"","""","""""
"18/02/2024 06:00:00 - 18/02/2024 07:00:00,""BZN|NO3"",""Without Sequence"",""38.27"","""","""""
"18/02/2024 07:00:00 - 18/02/2024 08:00:00,""BZN|NO3"",""Without Sequence"",""39.61"","""","""""
"18/02/2024 08:00:00 - 18/02/2024 09:00:00,""BZN|NO3"",""Without Sequence"",""41.75"","""","""""
"18/02/2024 09:00:00 - 18/02/2024 10:00:00,""BZN|NO3"",""Without Sequence"",""43.03"","""","""""
"18/02/2024 10:00:00 - 18/02/2024 11:00:00,""BZN|NO3"",""Without Sequence"",""40.45"","""","""""
"18/02/2024 11:00:00 - 18/02/2024 12:00:00,""BZN|NO3"",""Without Sequence"",""41.00"","""","""""
"18/02/2024 12:00:00 - 18/02/2024 13:00:00,""BZN|NO3"",""Without Sequence"",""40.40"","""","""""
"18/02/2024 13:00:00 - 18/02/2024 14:00:00,""BZN|NO3"",""Without Sequence"",""40.33"","""","""""
"18/02/2024 14:00:00 - 18/02/2024 15:00:00,""BZN|NO3"",""Without Sequence"",""42.87"","""","""""
"18/02/2024 15:00:00 - 18/02/2024 16:00:00,""BZN|NO3"",""Without Sequence"",""46.66"","""","""""
"18/02/2024 16:00:00 - 18/02/2024 17:00:00,""BZN|NO3"",""Without Sequence"",""46.12"","""","""""
"18/02/2024 17:00:00 - 18/02/2024 18:00:00,""BZN|NO3"",""Without Sequence"",""46.77"","""","""""
"18/02/2024 18:00:00 - 18/02/2024 19:00:00,""BZN|NO3"",""Without Sequence"",""46.05"","""","""""
"18/02/2024 19:00:00 - 18/02/2024 20:00:00,""BZN|NO3"",""Without Sequence"",""43.67"","""","""""
"18/02/2024 20:00:00 - 18/02/2024 21:00:00,""BZN|NO3"",""Without Sequence"",""45.00"","""","""""
"18/02/2024 21:00:00 - 18/02/2024 22:00:00,""BZN|NO3"",""Without Sequence"",""45.01"","""","""""
"18/02/2024 22:00:00 - 18/02/2024 23:00:00,""BZN|NO3"",""Without Sequence"",""45.01"","""","""""
"18/02/2024 23:00:00 - 19/02/2024 00:00:00,""BZN|NO3"",""Without Sequence"",""43.73"","""","""""
"19/02/2024 00:00:00 - 19/02/2024 01:00:00,""BZN|NO3"",""Without Sequence"",""42.94"","""","""""
"19/02/2024 01:00:00 - 19/02/2024 02:00:00,""BZN|NO3"",""Without Sequence"",""42.46"","""","""""
"19/02/2024 02:00:00 - 19/02/2024 03:00:00,""BZN|NO3"",""Without Sequence"",""44.21"","""","""""
"19/02/2024 03:00:00 - 19/02/2024 04:00:00,""BZN|NO3"",""Without Sequence"",""43.91"","""","""""
"19/02/2024 04:00:00 - 19/02/2024 05:00:00,""BZN|NO3"",""Without Sequence"",""44.92"","""","""""
"19/02/2024 05:00:00 - 19/02/2024 06:00:00,""BZN|NO3"",""Without Sequence"",""51.57"","""","""""
"19/02/2024 06:00:00 - 19/02/2024 07:00:00,""BZN|NO3"",""Without Sequence"",""64.99"","""","""""
"19/02/2024 07:00:00 - 19/02/2024 08:00:00,""BZN|NO3"",""Without Sequence"",""79.09"","""","""""
"19/02/2024 08:00:00 - 19/02/2024 09:00:00,""BZN|NO3"",""Without Sequence"",""83.84"","""","""""
"19/02/2024 09:00:00 - 19/02/2024 10:00:00,""BZN|NO3"",""Without Sequence"",""75.03"","""","""""
"19/02/2024 10:00:00 - 19/02/2024 11:00:00,""BZN|NO3"",""Without Sequence"",""70.83"","""","""""
"19/02/2024 11:00:00 - 19/02/2024 12:00:00,""BZN|NO3"",""Without Sequence"",""69.13"","""","""""
"19/02/2024 12:00:00 - 19/02/2024 13:00:00,""BZN|NO3"",""Without Sequence"",""62.47"","""","""""
"19/02/2024 13:00:00 - 19/02/2024 14:00:00,""BZN|NO3"",""Without Sequence"",""60.01"","""","""""
"19/02/2024 14:00:00 - 19/02/2024 15:00:00,""BZN|NO3"",""Without Sequence"",""64.38"","""","""""
"19/02/2024 15:00:00 - 19/02/2024 16:00:00,""BZN|NO3"",""Without Sequence"",""66.60"","""","""""
"19/02/2024 16:00:00 - 19/02/2024 17:00:00,""BZN|NO3"",""Without Sequence"",""69.79"","""","""""
"19/02/2024 17:00:00 - 19/02/2024 18:00:00,""BZN|NO3"",""Without Sequence"",""74.18"","""","""""
"19/02/2024 18:00:00 - 19/02/2024 19:00:00,""BZN|NO3"",""Without Sequence"",""72.03"","""","""""
"19/02/2024 19:00:00 - 19/02/2024 20:00:00,""BZN|NO3"",""Without Sequence"",""66.61"","""","""""
"19/02/2024 20:00:00 - 19/02/2024 21:00:00,""BZN|NO3"",""Without Sequence"",""60.76"","""","""""
"19/02/2024 21:00:00 - 19/02/2024 22:00:00,""BZN|NO3"",""Without Sequence"",""53.08"","""","""""
"19/02/2024 22:00:00 - 19/02/2024 23:00:00,""BZN|NO3"",""Without Sequence"",""49.11"","""","""""
"19/02/2024 23:00:00 - 20/02/2024 00:00:00,""BZN|NO3"",""Without Sequence"",""44.04"","""","""""
"20/02/2024 00:00:00 - 20/02/2024 01:00:00,""BZN|NO3"",""Without Sequence"",""46.43"","""","""""
"20/02/2024 01:00:00 - 20/02/2024 02:00:00,""BZN|NO3"",""Without Sequence"",""44.95"","""","""""
"20/02/2024 02:00:00 - 20/02/2024 03:00:00,""BZN|NO3"",""Without Sequence"",""43.04"","""","""""
"20/02/2024 03:00:00 - 20/02/2024 04:00:00,""BZN|NO3"",""Without Sequence"",""42.27"","""","""""
"20/02/2024 04:00:00 - 20/02/2024 05:00:00,""BZN|NO3"",""Without Sequence"",""42.95"","""","""""
"20/02/2024 05:00:00 - 20/02/2024 06:00:00,""BZN|NO3"",""Without Sequence"",""47.76"","""","""""
"20/02/2024 06:00:00 - 20/02/2024 07:00:00,""BZN|NO3"",""Without Sequence"",""46.97"","""","""""
"20/02/2024 07:00:00 - 20/02/2024 08:00:00,""BZN|NO3"",""Without Sequence"",""54.82"","""","""""
"20/02/2024 08:00:00 - 20/02/2024 09:00:00,""BZN|NO3"",""Without Sequence"",""66.98"","""","""""
"20/02/2024 09:00:00 - 20/02/2024 10:00:00,""BZN|NO3"",""Without Sequence"",""76.27"","""","""""
"20/02/2024 10:00:00 - 20/02/2024 11:00:00,""BZN|NO3"",""Without Sequence"",""69.25"","""","""""
"20/02/2024 11:00:00 - 20/02/2024 12:00:00,""BZN|NO3"",""Without Sequence"",""59.42"","""","""""
"20/02/2024 12:00:00 - 20/02/2024 13:00:00,""BZN|NO3"",""Without Sequence"",""53.52"","""","""""
"20/02/2024 13:00:00 - 20/02/2024 14:00:00,""BZN|NO3"",""Without Sequence"",""51.42"","""","""""
"20/02/2024 14:00:00 - 20/02/2024 15:00:00,""BZN|NO3"",""Without Sequence"",""51.79"","""","""""
"20/02/2024 15:00:00 - 20/02/2024 16:00:00,""BZN|NO3"",""Without Sequence"",""54.81"","""","""""
"20/02/2024 16:00:00 - 20/02/2024 17:00:00,""BZN|NO3"",""Without Sequence"",""54.20"","""","""""
"20/02/2024 17:00:00 - 20/02/2024 18:00:00,""BZN|NO3"",""Without Sequence"",""53.97"","""","""""
"20/02/2024 18:00:00 - 20/02/2024 19:00:00,""BZN|NO3"",""Without Sequence"",""52.12"","""","""""
"20/02/2024 19:00:00 - 20/02/2024 20:00:00,""BZN|NO3"",""Without Sequence"",""46.99"","""","""""
"20/02/2024 20:00:00 - 20/02/2024 21:00:00,""BZN|NO3"",""Without Sequence"",""44.74"","""","""""
"20/02/2024 21:00:00 - 20/02/2024 22:00:00,""BZN|NO3"",""Without Sequence"",""42.38"","""","""""
"20/02/2024 22:00:00 - 20/02/2024 23:00:00,""BZN|NO3"",""Without Sequence"",""39.01"","""","""""
"20/02/2024 23:00:00 - 21/02/2024 00:00:00,""BZN|NO3"",""Without Sequence"",""36.01"","""","""""
"21/02/2024 00:00:00 - 21/02/2024 01:00:00,""BZN|NO3"",""Without Sequence"",""37.37"","""","""""
"21/02/2024 01:00:00 - 21/02/2024 02:00:00,""BZN|NO3"",""Without Sequence"",""36.79"","""","""""
"21/02/2024 02:00:00 - 21/02/2024 03:00:00,""BZN|NO3"",""Without Sequence"",""36.82"","""","""""
"21/02/2024 03:00:00 - 21/02/2024 04:00:00,""BZN|NO3"",""Without Sequence"",""36.82"","""","""""
"21/02/2024 04:00:00 - 21/02/2024 05:00:00,""BZN|NO3"",""Without Sequence"",""37.95"","""","""""
"21/02/2024 05:00:00 - 21/02/2024 06:00:00,""BZN|NO3"",""Without Sequence"",""39.02"","""","""""
"21/02/2024 06:00:00 - 21/02/2024 07:00:00,""BZN|NO3"",""Without Sequence"",""42.74"","""","""""
"21/02/2024 07:00:00 - 21/02/2024 08:00:00,""BZN|NO3"",""Without Sequence"",""53.39"","""","""""
"21/02/2024 08:00:00 - 21/02/2024 09:00:00,""BZN|NO3"",""Without Sequence"",""55.30"","""","""""
"21/02/2024 09:00:00 - 21/02/2024 10:00:00,""BZN|NO3"",""Without Sequence"",""56.18"","""","""""
"21/02/2024 10:00:00 - 21/02/2024 11:00:00,""BZN|NO3"",""Without Sequence"",""55.56"","""","""""
"21/02/2024 11:00:00 - 21/02/2024 12:00:00,""BZN|NO3"",""Without Sequence"",""55.35"","""","""""
"21/02/2024 12:00:00 - 21/02/2024 13:00:00,""BZN|NO3"",""Without Sequence"",""51.74"","""","""""
"21/02/2024 13:00:00 - 21/02/2024 14:00:00,""BZN|NO3"",""Without Sequence"",""49.99"","""","""""
"21/02/2024 14:00:00 - 21/02/2024 15:00:00,""BZN|NO3"",""Without Sequence"",""51.62"","""","""""
"21/02/2024 15:00:00 - 21/02/2024 16:00:00,""BZN|NO3"",""Without Sequence"",""50.64"","""","""""
"21/02/2024 16:00:00 - 21/02/2024 17:00:00,""BZN|NO3"",""Without Sequence"",""52.82"","""","""""
"21/02/2024 17:00:00 - 21/02/2024 18:00:00,""BZN|NO3"",""Without Sequence"",""46.47"","""","""""
"21/02/2024 18:00:00 - 21/02/2024 19:00:00,""BZN|NO3"",""Without Sequence"",""41.90"","""","""""
"21/02/2024 19:00:00 - 21/02/2024 20:00:00,""BZN|NO3"",""Without Sequence"",""39.04"","""","""""
"21/02/2024 20:00:00 - 21/02/2024 21:00:00,""BZN|NO3"",""Without Sequence"",""38.46"","""","""""
"21/02/2024 21:00:00 - 21/02/2024 22:00:00,""BZN|NO3"",""Without Sequence"",""37.65"","""","""""
"21/02/2024 22:00:00 - 21/02/2024 23:00:00,""BZN|NO3"",""Without Sequence"",""36.86"","""","""""
"21/02/2024 23:00:00 - 22/02/2024 00:00:00,""BZN|NO3"",""Without Sequence"",""34.38"","""","""""
"22/02/2024 00:00:00 - 22/02/2024 01:00:00,""BZN|NO3"",""Without Sequence"",""30.98"","""","""""
"22/02/2024 01:00:00 - 22/02/2024 02:00:00,""BZN|NO3"",""Without Sequence"",""27.42"","""","""""
"22/02/2024 02:00:00 - 22/02/2024 03:00:00,""BZN|NO3"",""Without Sequence"",""27.07"","""","""""
"22/02/2024 03:00:00 - 22/02/2024 04:00:00,""BZN|NO3"",""Without Sequence"",""27.95"","""","""""
"22/02/2024 04:00:00 - 22/02/2024 05:00:00,""BZN|NO3"",""Without Sequence"",""30.93"","""","""""
"22/02/2024 05:00:00 - 22/02/2024 06:00:00,""BZN|NO3"",""Without Sequence"",""29.33"","""","""""
"22/02/2024 06:00:00 - 22/02/2024 07:00:00,""BZN|NO3"",""Without Sequence"",""33.85"","""","""""
"22/02/2024 07:00:00 - 22/02/2024 08:00:00,""BZN|NO3"",""Without Sequence"",""34.45"","""","""""
"22/02/2024 08:00:00 - 22/02/2024 09:00:00,""BZN|NO3"",""Without Sequence"",""35.56"","""","""""
"22/02/2024 09:00:00 - 22/02/2024 10:00:00,""BZN|NO3"",""Without Sequence"",""35.94"","""","""""
"22/02/2024 10:00:00 - 22/02/2024 11:00:00,""BZN|NO3"",""Without Sequence"",""35.80"","""","""""
"22/02/2024 11:00:00 - 22/02/2024 12:00:00,""BZN|NO3"",""Without Sequence"",""36.51"","""","""""
"22/02/2024 12:00:00 - 22/02/2024 13:00:00,""BZN|NO3"",""Without Sequence"",""36.25"","""","""""
"22/02/2024 13:00:00 - 22/02/2024 14:00:00,""BZN|NO3"",""Without Sequence"",""35.32"","""","""""
"22/02/2024 14:00:00 - 22/02/2024 15:00:00,""BZN|NO3"",""Without Sequence"",""34.94"","""","""""
"22/02/2024 15:00:00 - 22/02/2024 16:00:00,""BZN|NO3"",""Without Sequence"",""34.45"","""","""""
"22/02/2024 16:00:00 - 22/02/2024 17:00:00,""BZN|NO3"",""Without Sequence"",""34.12"","""","""""
"22/02/2024 17:00:00 - 22/02/2024 18:00:00,""BZN|NO3"",""Without Sequence"",""34.14"","""","""""
"22/02/2024 18:00:00 - 22/02/2024 19:00:00,""BZN|NO3"",""Without Sequence"",""33.82"","""","""""
"22/02/2024 19:00:00 - 22/02/2024 20:00:00,""BZN|NO3"",""Without Sequence"",""31.24"","""","""""
"22/02/2024 20:00:00 - 22/02/2024 21:00:00,""BZN|NO3"",""Without Sequence"",""30.02"","""","""""
"22/02/2024 21:00:00 - 22/02/2024 22:00:00,""BZN|NO3"",""Without Sequence"",""24.44"","""","""""
"22/02/2024 22:00:00 - 22/02/2024 23:00:00,""BZN|NO3"",""Without Sequence"",""17.67"","""","""""
"22/02/2024 23:00:00 - 23/02/2024 00:00:00,""BZN|NO3"",""Without Sequence"",""17.47"","""","""""
"23/02/2024 00:00:00 - 23/02/2024 01:00:00,""BZN|NO3"",""Without Sequence"",""16.68"","""","""""
"23/02/2024 01:00:00 - 23/02/2024 02:00:00,""BZN|NO3"",""Without Sequence"",""16.63"","""","""""
"23/02/2024 02:00:00 - 23/02/2024 03:00:00,""BZN|NO3"",""Without Sequence"",""16.56"","""","""""
"23/02/2024 03:00:00 - 23/02/2024 04:00:00,""BZN|NO3"",""Without Sequence"",""16.48"","""","""""
"23/02/2024 04:00:00 - 23/02/2024 05:00:00,""BZN|NO3"",""Without Sequence"",""16.43"","""","""""
"23/02/2024 05:00:00 - 23/02/2024 06:00:00,""BZN|NO3"",""Without Sequence"",""16.49"","""","""""
"23/02/2024 06:00:00 - 23/02/2024 07:00:00,""BZN|NO3"",""Without Sequence"",""16.68"","""","""""
"23/02/2024 07:00:00 - 23/02/2024 08:00:00,""BZN|NO3"",""Without Sequence"",""20.94"","""","""""
"23/02/2024 08:00:00 - 23/02/2024 09:00:00,""BZN|NO3"",""Without Sequence"",""22.40"","""","""""
"23/02/2024 09:00:00 - 23/02/2024 10:00:00,""BZN|NO3"",""Without Sequence"",""21.66"","""","""""
"23/02/2024 10:00:00 - 23/02/2024 11:00:00,""BZN|NO3"",""Without Sequence"",""22.29"","""","""""
"23/02/2024 11:00:00 - 23/02/2024 12:00:00,""BZN|NO3"",""Without Sequence"",""23.22"","""","""""
"23/02/2024 12:00:00 - 23/02/2024 13:00:00,""BZN|NO3"",""Without Sequence"",""25.01"","""","""""
"23/02/2024 13:00:00 - 23/02/2024 14:00:00,""BZN|NO3"",""Without Sequence"",""22.19"","""","""""
"23/02/2024 14:00:00 - 23/02/2024 15:00:00,""BZN|NO3"",""Without Sequence"",""20.94"","""","""""
"23/02/2024 15:00:00 - 23/02/2024 16:00:00,""BZN|NO3"",""Without Sequence"",""20.26"","""","""""
"23/02/2024 16:00:00 - 23/02/2024 17:00:00,""BZN|NO3"",""Without Sequence"",""16.94"","""","""""
"23/02/2024 17:00:00 - 23/02/2024 18:00:00,""BZN|NO3"",""Without Sequence"",""20.28"","""","""""
"23/02/2024 18:00:00 - 23/02/2024 19:00:00,""BZN|NO3"",""Without Sequence"",""20.63"","""","""""
"23/02/2024 19:00:00 - 23/02/2024 20:00:00,""BZN|NO3"",""Without Sequence"",""16.93"","""","""""
"23/02/2024 20:00:00 - 23/02/2024 21:00:00,""BZN|NO3"",""Without Sequence"",""16.81"","""","""""
"23/02/2024 21:00:00 - 23/02/2024 22:00:00,""BZN|NO3"",""Without Sequence"",""16.61"","""","""""
"23/02/2024 22:00:00 - 23/02/2024 23:00:00,""BZN|NO3"",""Without Sequence"",""16.26"","""","""""
"23/02/2024 23:00:00 - 24/02/2024 00:00:00,""BZN|NO3"",""Without Sequence"",""15.05"","""","""""
"24/02/2024 00:00:00 - 24/02/2024 01:00:00,""BZN|NO3"",""Without Sequence"",""16.03"","""","""""
"24/02/2024 01:00:00 - 24/02/2024 02:00:00,""BZN|NO3"",""Without Sequence"",""14.20"","""","""""
"24/02/2024 02:00:00 - 24/02/2024 03:00:00,""BZN|NO3"",""Without Sequence"",""13.90"","""","""""
"24/02/2024 03:00:00 - 24/02/2024 04:00:00,""BZN|NO3"",""Without Sequence"",""14.03"","""","""""
"24/02/2024 04:00:00 - 24/02/2024 05:00:00,""BZN|NO3"",""Without Sequence"",""16.03"","""","""""
"24/02/2024 05:00:00 - 24/02/2024 06:00:00,""BZN|NO3"",""Without Sequence"",""16.12"","""","""""
"24/02/2024 06:00:00 - 24/02/2024 07:00:00,""BZN|NO3"",""Without Sequence"",""16.33"","""","""""
"24/02/2024 07:00:00 - 24/02/2024 08:00:00,""BZN|NO3"",""Without Sequence"",""18.34"","""","""""
"24/02/2024 08:00:00 - 24/02/2024 09:00:00,""BZN|NO3"",""Without Sequence"",""20.40"","""","""""
"24/02/2024 09:00:00 - 24/02/2024 10:00:00,""BZN|NO3"",""Without Sequence"",""24.41"","""","""""
"24/02/2024 10:00:00 - 24/02/2024 11:00:00,""BZN|NO3"",""Without Sequence"",""27.32"","""","""""
"24/02/2024 11:00:00 - 24/02/2024 12:00:00,""BZN|NO3"",""Without Sequence"",""28.52"","""","""""
"24/02/2024 12:00:00 - 24/02/2024 13:00:00,""BZN|NO3"",""Without Sequence"",""30.09"","""","""""
"24/02/2024 13:00:00 - 24/02/2024 14:00:00,""BZN|NO3"",""Without Sequence"",""30.45"","""","""""
"24/02/2024 14:00:00 - 24/02/2024 15:00:00,""BZN|NO3"",""Without Sequence"",""31.04"","""","""""
"24/02/2024 15:00:00 - 24/02/2024 16:00:00,""BZN|NO3"",""Without Sequence"",""33.43"","""","""""
"24/02/2024 16:00:00 - 24/02/2024 17:00:00,""BZN|NO3"",""Without Sequence"",""34.62"","""","""""
"24/02/2024 17:00:00 - 24/02/2024 18:00:00,""BZN|NO3"",""Without Sequence"",""36.14"","""","""""
"24/02/2024 18:00:00 - 24/02/2024 19:00:00,""BZN|NO3"",""Without Sequence"",""37.13"","""","""""
"24/02/2024 19:00:00 - 24/02/2024 20:00:00,""BZN|NO3"",""Without Sequence"",""38.08"","""","""""
"24/02/2024 20:00:00 - 24/02/2024 21:00:00,""BZN|NO3"",""Without Sequence"",""38.08"","""","""""
"24/02/2024 21:00:00 - 24/02/2024 22:00:00,""BZN|NO3"",""Without Sequence"",""38.35"","""","""""
"24/02/2024 22:00:00 - 24/02/2024 23:00:00,""BZN|NO3"",""Without Sequence"",""38.02"","""","""""
"24/02/2024 23:00:00 - 25/02/2024 00:00:00,""BZN|NO3"",""Without Sequence"",""36.58"","""","""""
"25/02/2024 00:00:00 - 25/02/2024 01:00:00,""BZN|NO3"",""Without Sequence"",""33.35"","""","""""
"25/02/2024 01:00:00 - 25/02/2024 02:00:00,""BZN|NO3"",""Without Sequence"",""33.51"","""","""""
"25/02/2024 02:00:00 - 25/02/2024 03:00:00,""BZN|NO3"",""Without Sequence"",""31.74"","""","""""
"25/02/2024 03:00:00 - 25/02/2024 04:00:00,""BZN|NO3"",""Without Sequence"",""31.27"","""","""""
"25/02/2024 04:00:00 - 25/02/2024 05:00:00,""BZN|NO3"",""Without Sequence"",""30.88"","""","""""
"25/02/2024 05:00:00 - 25/02/2024 06:00:00,""BZN|NO3"",""Without Sequence"",""30.51"","""","""""
"25/02/2024 06:00:00 - 25/02/2024 07:00:00,""BZN|NO3"",""Without Sequence"",""30.72"","""","""""
"25/02/2024 07:00:00 - 25/02/2024 08:00:00,""BZN|NO3"",""Without Sequence"",""31.12"","""","""""
"25/02/2024 08:00:00 - 25/02/2024 09:00:00,""BZN|NO3"",""Without Sequence"",""33.76"","""","""""
"25/02/2024 09:00:00 - 25/02/2024 10:00:00,""BZN|NO3"",""Without Sequence"",""35.08"","""","""""
"25/02/2024 10:00:00 - 25/02/2024 11:00:00,""BZN|NO3"",""Without Sequence"",""35.20"","""","""""
"25/02/2024 11:00:00 - 25/02/2024 12:00:00,""BZN|NO3"",""Without Sequence"",""34.17"","""","""""
"25/02/2024 12:00:00 - 25/02/2024 13:00:00,""BZN|NO3"",""Without Sequence"",""31.58"","""","""""
"25/02/2024 13:00:00 - 25/02/2024 14:00:00,""BZN|NO3"",""Without Sequence"",""33.15"","""","""""
"25/02/2024 14:00:00 - 25/02/2024 15:00:00,""BZN|NO3"",""Without Sequence"",""31.72"","""","""""
"25/02/2024 15:00:00 - 25/02/2024 16:00:00,""BZN|NO3"",""Without Sequence"",""31.70"","""","""""
"25/02/2024 16:00:00 - 25/02/2024 17:00:00,""BZN|NO3"",""Without Sequence"",""31.68"","""","""""
"25/02/2024 17:00:00 - 25/02/2024 18:00:00,""BZN|NO3"",""Without Sequence"",""31.67"","""","""""
"25/02/2024 18:00:00 - 25/02/2024 19:00:00,""BZN|NO3"",""Without Sequence"",""31.57"","""","""""
"25/02/2024 19:00:00 - 25/02/2024 20:00:00,""BZN|NO3"",""Without Sequence"",""30.82"","""","""""
"25/02/2024 20:00:00 - 25/02/2024 21:00:00,""BZN|NO3"",""Without Sequence"",""30.60"","""","""""
"25/02/2024 21:00:00 - 25/02/2024 22:00:00,""BZN|NO3"",""Without Sequence"",""31.00"","""","""""
"25/02/2024 22:00:00 - 25/02/2024 23:00:00,""BZN|NO3"",""Without Sequence"",""30.74"","""","""""
"25/02/2024 23:00:00 - 26/02/2024 00:00:00,""BZN|NO3"",""Without Sequence"",""30.01"","""","""""
"26/02/2024 00:00:00 - 26/02/2024 01:00:00,""BZN|NO3"",""Without Sequence"",""31.13"","""","""""
"26/02/2024 01:00:00 - 26/02/2024 02:00:00,""BZN|NO3"",""Without Sequence"",""34.59"","""","""""
"26/02/2024 02:00:00 - 26/02/2024 03:00:00,""BZN|NO3"",""Without Sequence"",""35.88"","""","""""
"26/02/2024 03:00:00 - 26/02/2024 04:00:00,""BZN|NO3"",""Without Sequence"",""36.12"","""","""""
"26/02/2024 04:00:00 - 26/02/2024 05:00:00,""BZN|NO3"",""Without Sequence"",""36.70"","""","""""
"26/02/2024 05:00:00 - 26/02/2024 06:00:00,""BZN|NO3"",""Without Sequence"",""37.40"","""","""""
"26/02/2024 06:00:00 - 26/02/2024 07:00:00,""BZN|NO3"",""Without Sequence"",""38.90"","""","""""
"26/02/2024 07:00:00 - 26/02/2024 08:00:00,""BZN|NO3"",""Without Sequence"",""40.26"","""","""""
"26/02/2024 08:00:00 - 26/02/2024 09:00:00,""BZN|NO3"",""Without Sequence"",""44.60"","""","""""
"26/02/2024 09:00:00 - 26/02/2024 10:00:00,""BZN|NO3"",""Without Sequence"",""46.28"","""","""""
"26/02/2024 10:00:00 - 26/02/2024 11:00:00,""BZN|NO3"",""Without Sequence"",""48.80"","""","""""
"26/02/2024 11:00:00 - 26/02/2024 12:00:00,""BZN|NO3"",""Without Sequence"",""53.85"","""","""""
"26/02/2024 12:00:00 - 26/02/2024 13:00:00,""BZN|NO3"",""Without Sequence"",""56.61"","""","""""
"26/02/2024 13:00:00 - 26/02/2024 14:00:00,""BZN|NO3"",""Without Sequence"",""56.33"","""","""""
"26/02/2024 14:00:00 - 26/02/2024 15:00:00,""BZN|NO3"",""Without Sequence"",""56.26"","""","""""
"26/02/2024 15:00:00 - 26/02/2024 16:00:00,""BZN|NO3"",""Without Sequence"",""54.04"","""","""""
"26/02/2024 16:00:00 - 26/02/2024 17:00:00,""BZN|NO3"",""Without Sequence"",""50.02"","""","""""
"26/02/2024 17:00:00 - 26/02/2024 18:00:00,""BZN|NO3"",""Without Sequence"",""46.98"","""","""""
"26/02/2024 18:00:00 - 26/02/2024 19:00:00,""BZN|NO3"",""Without Sequence"",""46.61"","""","""""
"26/02/2024 19:00:00 - 26/02/2024 20:00:00,""BZN|NO3"",""Without Sequence"",""44.45"","""","""""
"26/02/2024 20:00:00 - 26/02/2024 21:00:00,""BZN|NO3"",""Without Sequence"",""44.34"","""","""""
"26/02/2024 21:00:00 - 26/02/2024 22:00:00,""BZN|NO3"",""Without Sequence"",""44.64"","""","""""
"26/02/2024 22:00:00 - 26/02/2024 23:00:00,""BZN|NO3"",""Without Sequence"",""43.80"","""","""""
"26/02/2024 23:00:00 - 27/02/2024 00:00:00,""BZN|NO3"",""Without Sequence"",""40.38"","""","""""
"27/02/2024 00:00:00 - 27/02/2024 01:00:00,""BZN|NO3"",""Without Sequence"",""40.58"","""","""""
"27/02/2024 01:00:00 - 27/02/2024 02:00:00,""BZN|NO3"",""Without Sequence"",""40.82"","""","""""
"27/02/2024 02:00:00 - 27/02/2024 03:00:00,""BZN|NO3"",""Without Sequence"",""40.91"","""","""""
"27/02/2024 03:00:00 - 27/02/2024 04:00:00,""BZN|NO3"",""Without Sequence"",""41.59"","""","""""
"27/02/2024 04:00:00 - 27/02/2024 05:00:00,""BZN|NO3"",""Without Sequence"",""41.83"","""","""""
"27/02/2024 05:00:00 - 27/02/2024 06:00:00,""BZN|NO3"",""Without Sequence"",""41.97"","""","""""
"27/02/2024 06:00:00 - 27/02/2024 07:00:00,""BZN|NO3"",""Without Sequence"",""39.81"","""","""""
"27/02/2024 07:00:00 - 27/02/2024 08:00:00,""BZN|NO3"",""Without Sequence"",""39.41"","""","""""
"27/02/2024 08:00:00 - 27/02/2024 09:00:00,""BZN|NO3"",""Without Sequence"",""38.39"","""","""""
"27/02/2024 09:00:00 - 27/02/2024 10:00:00,""BZN|NO3"",""Without Sequence"",""35.40"","""","""""
"27/02/2024 10:00:00 - 27/02/2024 11:00:00,""BZN|NO3"",""Without Sequence"",""34.34"","""","""""
"27/02/2024 11:00:00 - 27/02/2024 12:00:00,""BZN|NO3"",""Without Sequence"",""35.00"","""","""""
"27/02/2024 12:00:00 - 27/02/2024 13:00:00,""BZN|NO3"",""Without Sequence"",""38.90"","""","""""
"27/02/2024 13:00:00 - 27/02/2024 14:00:00,""BZN|NO3"",""Without Sequence"",""38.67"","""","""""
"27/02/2024 14:00:00 - 27/02/2024 15:00:00,""BZN|NO3"",""Without Sequence"",""36.10"","""","""""
"27/02/2024 15:00:00 - 27/02/2024 16:00:00,""BZN|NO3"",""Without Sequence"",""34.21"","""","""""
"27/02/2024 16:00:00 - 27/02/2024 17:00:00,""BZN|NO3"",""Without Sequence"",""32.05"","""","""""
"27/02/2024 17:00:00 - 27/02/2024 18:00:00,""BZN|NO3"",""Without Sequence"",""30.09"","""","""""
"27/02/2024 18:00:00 - 27/02/2024 19:00:00,""BZN|NO3"",""Without Sequence"",""28.84"","""","""""
"27/02/2024 19:00:00 - 27/02/2024 20:00:00,""BZN|NO3"",""Without Sequence"",""30.27"","""","""""
"27/02/2024 20:00:00 - 27/02/2024 21:00:00,""BZN|NO3"",""Without Sequence"",""30.00"","""","""""
"27/02/2024 21:00:00 - 27/02/2024 22:00:00,""BZN|NO3"",""Without Sequence"",""27.87"","""","""""
"27/02/2024 22:00:00 - 27/02/2024 23:00:00,""BZN|NO3"",""Without Sequence"",""24.34"","""","""""
"27/02/2024 23:00:00 - 28/02/2024 00:00:00,""BZN|NO3"",""Without Sequence"",""20.36"","""","""""
"28/02/2024 00:00:00 - 28/02/2024 01:00:00,""BZN|NO3"",""Without Sequence"",""17.15"","""","""""
"28/02/2024 01:00:00 - 28/02/2024 02:00:00,""BZN|NO3"",""Without Sequence"",""16.81"","""","""""
"28/02/2024 02:00:00 - 28/02/2024 03:00:00,""BZN|NO3"",""Without Sequence"",""16.60"","""","""""
"28/02/2024 03:00:00 - 28/02/2024 04:00:00,""BZN|NO3"",""Without Sequence"",""16.61"","""","""""
"28/02/2024 04:00:00 - 28/02/2024 05:00:00,""BZN|NO3"",""Without Sequence"",""17.41"","""","""""
"28/02/2024 05:00:00 - 28/02/2024 06:00:00,""BZN|NO3"",""Without Sequence"",""18.54"","""","""""
"28/02/2024 06:00:00 - 28/02/2024 07:00:00,""BZN|NO3"",""Without Sequence"",""21.22"","""","""""
"28/02/2024 07:00:00 - 28/02/2024 08:00:00,""BZN|NO3"",""Without Sequence"",""25.68"","""","""""
"28/02/2024 08:00:00 - 28/02/2024 09:00:00,""BZN|NO3"",""Without Sequence"",""27.54"","""","""""
"28/02/2024 09:00:00 - 28/02/2024 10:00:00,""BZN|NO3"",""Without Sequence"",""27.42"","""","""""
"28/02/2024 10:00:00 - 28/02/2024 11:00:00,""BZN|NO3"",""Without Sequence"",""26.09"","""","""""
"28/02/2024 11:00:00 - 28/02/2024 12:00:00,""BZN|NO3"",""Without Sequence"",""24.76"","""","""""
"28/02/2024 12:00:00 - 28/02/2024 13:00:00,""BZN|NO3"",""Without Sequence"",""22.37"","""","""""
"28/02/2024 13:00:00 - 28/02/2024 14:00:00,""BZN|NO3"",""Without Sequence"",""21.41"","""","""""
"28/02/2024 14:00:00 - 28/02/2024 15:00:00,""BZN|NO3"",""Without Sequence"",""21.64"","""","""""
"28/02/2024 15:00:00 - 28/02/2024 16:00:00,""BZN|NO3"",""Without Sequence"",""22.13"","""","""""
"28/02/2024 16:00:00 - 28/02/2024 17:00:00,""BZN|NO3"",""Without Sequence"",""22.40"","""","""""
"28/02/2024 17:00:00 - 28/02/2024 18:00:00,""BZN|NO3"",""Without Sequence"",""22.83"","""","""""
"28/02/2024 18:00:00 - 28/02/2024 19:00:00,""BZN|NO3"",""Without Sequence"",""22.38"","""","""""
"28/02/2024 19:00:00 - 28/02/2024 20:00:00,""BZN|NO3"",""Without Sequence"",""26.25"","""","""""
"28/02/2024 20:00:00 - 28/02/2024 21:00:00,""BZN|NO3"",""Without Sequence"",""31.14"","""","""""
"28/02/2024 21:00:00 - 28/02/2024 22:00:00,""BZN|NO3"",""Without Sequence"",""32.47"","""","""""
"28/02/2024 22:00:00 - 28/02/2024 23:00:00,""BZN|NO3"",""Without Sequence"",""32.68"","""","""""
"28/02/2024 23:00:00 - 29/02/2024 00:00:00,""BZN|NO3"",""Without Sequence"",""32.55"","""","""""
"01/03/2024 00:00:00 - 01/03/2024 01:00:00,""BZN|NO3"",""Without Sequence"",""19.99"","""","""""
"01/03/2024 01:00:00 - 01/03/2024 02:00:00,""BZN|NO3"",""Without Sequence"",""18.62"","""","""""
"01/03/2024 02:00:00 - 01/03/2024 03:00:00,""BZN|NO3"",""Without Sequence"",""19.96"","""","""""
"01/03/2024 03:00:00 - 01/03/2024 04:00:00,""BZN|NO3"",""Without Sequence"",""20.11"","""","""""
"01/03/2024 04:00:00 - 01/03/2024 05:00:00,""BZN|NO3"",""Without Sequence"",""20.27"","""","""""
"01/03/2024 05:00:00 - 01/03/2024 06:00:00,""BZN|NO3"",""Without Sequence"",""20.74"","""","""""
"01/03/2024 06:00:00 - 01/03/2024 07:00:00,""BZN|NO3"",""Without Sequence"",""28.16"","""","""""
"01/03/2024 07:00:00 - 01/03/2024 08:00:00,""BZN|NO3"",""Without Sequence"",""35.60"","""","""""
"01/03/2024 08:00:00 - 01/03/2024 09:00:00,""BZN|NO3"",""Without Sequence"",""41.79"","""","""""
"01/03/2024 09:00:00 - 01/03/2024 10:00:00,""BZN|NO3"",""Without Sequence"",""43.14"","""","""""
"01/03/2024 10:00:00 - 01/03/2024 11:00:00,""BZN|NO3"",""Without Sequence"",""43.87"","""","""""
"01/03/2024 11:00:00 - 01/03/2024 12:00:00,""BZN|NO3"",""Without Sequence"",""42.84"","""","""""
"01/03/2024 12:00:00 - 01/03/2024 13:00:00,""BZN|NO3"",""Without Sequence"",""42.40"","""","""""
"01/03/2024 13:00:00 - 01/03/2024 14:00:00,""BZN|NO3"",""Without Sequence"",""39.51"","""","""""
"01/03/2024 14:00:00 - 01/03/2024 15:00:00,""BZN|NO3"",""Without Sequence"",""36.54"","""","""""
"01/03/2024 15:00:00 - 01/03/2024 16:00:00,""BZN|NO3"",""Without Sequence"",""33.98"","""","""""
"01/03/2024 16:00:00 - 01/03/2024 17:00:00,""BZN|NO3"",""Without Sequence"",""32.56"","""","""""
"01/03/2024 17:00:00 - 01/03/2024 18:00:00,""BZN|NO3"",""Without Sequence"",""28.54"","""","""""
"01/03/2024 18:00:00 - 01/03/2024 19:00:00,""BZN|NO3"",""Without Sequence"",""29.46"","""","""""
"01/03/2024 19:00:00 - 01/03/2024 20:00:00,""BZN|NO3"",""Without Sequence"",""29.10"","""","""""
"01/03/2024 20:00:00 - 01/03/2024 21:00:00,""BZN|NO3"",""Without Sequence"",""26.58"","""","""""
"01/03/2024 21:00:00 - 01/03/2024 22:00:00,""BZN|NO3"",""Without Sequence"",""26.39"","""","""""
"01/03/2024 22:00:00 - 01/03/2024 23:00:00,""BZN|NO3"",""Without Sequence"",""26.78"","""","""""
"01/03/2024 23:00:00 - 02/03/2024 00:00:00,""BZN|NO3"",""Without Sequence"",""25.95"","""","""""
"02/03/2024 00:00:00 - 02/03/2024 01:00:00,""BZN|NO3"",""Without Sequence"",""31.17"","""","""""
"02/03/2024 01:00:00 - 02/03/2024 02:00:00,""BZN|NO3"",""Without Sequence"",""33.10"","""","""""
"02/03/2024 02:00:00 - 02/03/2024 03:00:00,""BZN|NO3"",""Without Sequence"",""34.68"","""","""""
"02/03/2024 03:00:00 - 02/03/2024 04:00:00,""BZN|NO3"",""Without Sequence"",""35.43"","""","""""
"02/03/2024 04:00:00 - 02/03/2024 05:00:00,""BZN|NO3"",""Without Sequence"",""37.69"","""","""""
"02/03/2024 05:00:00 - 02/03/2024 06:00:00,""BZN|NO3"",""Without Sequence"",""40.21"","""","""""
"02/03/2024 06:00:00 - 02/03/2024 07:00:00,""BZN|NO3"",""Without Sequence"",""36.45"","""","""""
"02/03/2024 07:00:00 - 02/03/2024 08:00:00,""BZN|NO3"",""Without Sequence"",""37.89"","""","""""
"02/03/2024 08:00:00 - 02/03/2024 09:00:00,""BZN|NO3"",""Without Sequence"",""39.93"","""","""""
"02/03/2024 09:00:00 - 02/03/2024 10:00:00,""BZN|NO3"",""Without Sequence"",""42.09"","""","""""
"02/03/2024 10:00:00 - 02/03/2024 11:00:00,""BZN|NO3"",""Without Sequence"",""41.43"","""","""""
"02/03/2024 11:00:00 - 02/03/2024 12:00:00,""BZN|NO3"",""Without Sequence"",""43.10"","""","""""
"02/03/2024 12:00:00 - 02/03/2024 13:00:00,""BZN|NO3"",""Without Sequence"",""43.72"","""","""""
"02/03/2024 13:00:00 - 02/03/2024 14:00:00,""BZN|NO3"",""Without Sequence"",""47.93"","""","""""
"02/03/2024 14:00:00 - 02/03/2024 15:00:00,""BZN|NO3"",""Without Sequence"",""49.35"","""","""""
"02/03/2024 15:00:00 - 02/03/2024 16:00:00,""BZN|NO3"",""Without Sequence"",""50.64"","""","""""
"02/03/2024 16:00:00 - 02/03/2024 17:00:00,""BZN|NO3"",""Without Sequence"",""52.17"","""","""""
"02/03/2024 17:00:00 - 02/03/2024 18:00:00,""BZN|NO3"",""Without Sequence"",""49.75"","""","""""
"02/03/2024 18:00:00 - 02/03/2024 19:00:00,""BZN|NO3"",""Without Sequence"",""49.42"","""","""""
"02/03/2024 19:00:00 - 02/03/2024 20:00:00,""BZN|NO3"",""Without Sequence"",""48.95"","""","""""
"02/03/2024 20:00:00 - 02/03/2024 21:00:00,""BZN|NO3"",""Without Sequence"",""48.98"","""","""""
"02/03/2024 21:00:00 - 02/03/2024 22:00:00,""BZN|NO3"",""Without Sequence"",""48.07"","""","""""
"02/03/2024 22:00:00 - 02/03/2024 23:00:00,""BZN|NO3"",""Without Sequence"",""45.37"","""","""""
"02/03/2024 23:00:00 - 03/03/2024 00:00:00,""BZN|NO3"",""Without Sequence"",""44.85"","""","""""
"03/03/2024 00:00:00 - 03/03/2024 01:00:00,""BZN|NO3"",""Without Sequence"",""51.57"","""","""""
"03/03/2024 01:00:00 - 03/03/2024 02:00:00,""BZN|NO3"",""Without Sequence"",""51.97"","""","""""
"03/03/2024 02:00:00 - 03/03/2024 03:00:00,""BZN|NO3"",""Without Sequence"",""52.51"","""","""""
"03/03/2024 03:00:00 - 03/03/2024 04:00:00,""BZN|NO3"",""Without Sequence"",""53.49"","""","""""
"03/03/2024 04:00:00 - 03/03/2024 05:00:00,""BZN|NO3"",""Without Sequence"",""53.71"","""","""""
"03/03/2024 05:00:00 - 03/03/2024 06:00:00,""BZN|NO3"",""Without Sequence"",""54.21"","""","""""
"03/03/2024 06:00:00 - 03/03/2024 07:00:00,""BZN|NO3"",""Without Sequence"",""54.66"","""","""""
"03/03/2024 07:00:00 - 03/03/2024 08:00:00,""BZN|NO3"",""Without Sequence"",""55.51"","""","""""
"03/03/2024 08:00:00 - 03/03/2024 09:00:00,""BZN|NO3"",""Without Sequence"",""54.77"","""","""""
"03/03/2024 09:00:00 - 03/03/2024 10:00:00,""BZN|NO3"",""Without Sequence"",""53.99"","""","""""
"03/03/2024 10:00:00 - 03/03/2024 11:00:00,""BZN|NO3"",""Without Sequence"",""52.01"","""","""""
"03/03/2024 11:00:00 - 03/03/2024 12:00:00,""BZN|NO3"",""Without Sequence"",""49.46"","""","""""
"03/03/2024 12:00:00 - 03/03/2024 13:00:00,""BZN|NO3"",""Without Sequence"",""47.51"","""","""""
"03/03/2024 13:00:00 - 03/03/2024 14:00:00,""BZN|NO3"",""Without Sequence"",""42.51"","""","""""
"03/03/2024 14:00:00 - 03/03/2024 15:00:00,""BZN|NO3"",""Without Sequence"",""46.84"","""","""""
"03/03/2024 15:00:00 - 03/03/2024 16:00:00,""BZN|NO3"",""Without Sequence"",""52.63"","""","""""
"03/03/2024 16:00:00 - 03/03/2024 17:00:00,""BZN|NO3"",""Without Sequence"",""51.76"","""","""""
"03/03/2024 17:00:00 - 03/03/2024 18:00:00,""BZN|NO3"",""Without Sequence"",""51.39"","""","""""
"03/03/2024 18:00:00 - 03/03/2024 19:00:00,""BZN|NO3"",""Without Sequence"",""51.26"","""","""""
"03/03/2024 19:00:00 - 03/03/2024 20:00:00,""BZN|NO3"",""Without Sequence"",""51.15"","""","""""
"03/03/2024 20:00:00 - 03/03/2024 21:00:00,""BZN|NO3"",""Without Sequence"",""50.82"","""","""""
"03/03/2024 21:00:00 - 03/03/2024 22:00:00,""BZN|NO3"",""Without Sequence"",""50.40"","""","""""
"03/03/2024 22:00:00 - 03/03/2024 23:00:00,""BZN|NO3"",""Without Sequence"",""49.26"","""","""""
"03/03/2024 23:00:00 - 04/03/2024 00:00:00,""BZN|NO3"",""Without Sequence"",""47.30"","""","""""
"04/03/2024 00:00:00 - 04/03/2024 01:00:00,""BZN|NO3"",""Without Sequence"",""44.50"","""","""""
"04/03/2024 01:00:00 - 04/03/2024 02:00:00,""BZN|NO3"",""Without Sequence"",""44.52"","""","""""
"04/03/2024 02:00:00 - 04/03/2024 03:00:00,""BZN|NO3"",""Without Sequence"",""44.38"","""","""""
"04/03/2024 03:00:00 - 04/03/2024 04:00:00,""BZN|NO3"",""Without Sequence"",""44.38"","""","""""
"04/03/2024 04:00:00 - 04/03/2024 05:00:00,""BZN|NO3"",""Without Sequence"",""44.72"","""","""""
"04/03/2024 05:00:00 - 04/03/2024 06:00:00,""BZN|NO3"",""Without Sequence"",""44.99"","""","""""
"04/03/2024 06:00:00 - 04/03/2024 07:00:00,""BZN|NO3"",""Without Sequence"",""47.44"","""","""""
"04/03/2024 07:00:00 - 04/03/2024 08:00:00,""BZN|NO3"",""Without Sequence"",""51.43"","""","""""
"04/03/2024 08:00:00 - 04/03/2024 09:00:00,""BZN|NO3"",""Without Sequence"",""54.42"","""","""""
"04/03/2024 09:00:00 - 04/03/2024 10:00:00,""BZN|NO3"",""Without Sequence"",""53.96"","""","""""
"04/03/2024 10:00:00 - 04/03/2024 11:00:00,""BZN|NO3"",""Without Sequence"",""52.75"","""","""""
"04/03/2024 11:00:00 - 04/03/2024 12:00:00,""BZN|NO3"",""Without Sequence"",""51.93"","""","""""
"04/03/2024 12:00:00 - 04/03/2024 13:00:00,""BZN|NO3"",""Without Sequence"",""51.33"","""","""""
"04/03/2024 13:00:00 - 04/03/2024 14:00:00,""BZN|NO3"",""Without Sequence"",""51.19"","""","""""
"04/03/2024 14:00:00 - 04/03/2024 15:00:00,""BZN|NO3"",""Without Sequence"",""50.88"","""","""""
"04/03/2024 15:00:00 - 04/03/2024 16:00:00,""BZN|NO3"",""Without Sequence"",""50.60"","""","""""
"04/03/2024 16:00:00 - 04/03/2024 17:00:00,""BZN|NO3"",""Without Sequence"",""50.70"","""","""""
"04/03/2024 17:00:00 - 04/03/2024 18:00:00,""BZN|NO3"",""Without Sequence"",""50.68"","""","""""
"04/03/2024 18:00:00 - 04/03/2024 19:00:00,""BZN|NO3"",""Without Sequence"",""50.92"","""","""""
"04/03/2024 19:00:00 - 04/03/2024 20:00:00,""BZN|NO3"",""Without Sequence"",""50.89"","""","""""
"04/03/2024 20:00:00 - 04/03/2024 21:00:00,""BZN|NO3"",""Without Sequence"",""50.51"","""","""""
"04/03/2024 21:00:00 - 04/03/2024 22:00:00,""BZN|NO3"",""Without Sequence"",""50.42"","""","""""
"04/03/2024 22:00:00 - 04/03/2024 23:00:00,""BZN|NO3"",""Without Sequence"",""50.23"","""","""""
"04/03/2024 23:00:00 - 05/03/2024 00:00:00,""BZN|NO3"",""Without Sequence"",""47.51"","""","""""
"05/03/2024 00:00:00 - 05/03/2024 01:00:00,""BZN|NO3"",""Without Sequence"",""48.52"","""","""""
"05/03/2024 01:00:00 - 05/03/2024 02:00:00,""BZN|NO3"",""Without Sequence"",""47.83"","""","""""
"05/03/2024 02:00:00 - 05/03/2024 03:00:00,""BZN|NO3"",""Without Sequence"",""47.10"","""","""""
"05/03/2024 03:00:00 - 05/03/2024 04:00:00,""BZN|NO3"",""Without Sequence"",""47.95"","""","""""
"05/03/2024 04:00:00 - 05/03/2024 05:00:00,""BZN|NO3"",""Without Sequence"",""48.81"","""","""""
"05/03/2024 05:00:00 - 05/03/2024 06:00:00,""BZN|NO3"",""Without Sequence"",""51.09"","""","""""
"05/03/2024 06:00:00 - 05/03/2024 07:00:00,""BZN|NO3"",""Without Sequence"",""55.97"","""","""""
"05/03/2024 07:00:00 - 05/03/2024 08:00:00,""BZN|NO3"",""Without Sequence"",""58.17"","""","""""
"05/03/2024 08:00:00 - 05/03/2024 09:00:00,""BZN|NO3"",""Without Sequence"",""55.98"","""","""""
"05/03/2024 09:00:00 - 05/03/2024 10:00:00,""BZN|NO3"",""Without Sequence"",""58.45"","""","""""
"05/03/2024 10:00:00 - 05/03/2024 11:00:00,""BZN|NO3"",""Without Sequence"",""57.18"","""","""""
"05/03/2024 11:00:00 - 05/03/2024 12:00:00,""BZN|NO3"",""Without Sequence"",""59.22"","""","""""
"05/03/2024 12:00:00 - 05/03/2024 13:00:00,""BZN|NO3"",""Without Sequence"",""58.61"","""","""""
"05/03/2024 13:00:00 - 05/03/2024 14:00:00,""BZN|NO3"",""Without Sequence"",""58.59"","""","""""
"05/03/2024 14:00:00 - 05/03/2024 15:00:00,""BZN|NO3"",""Without Sequence"",""59.06"","""","""""
"05/03/2024 15:00:00 - 05/03/2024 16:00:00,""BZN|NO3"",""Without Sequence"",""59.65"","""","""""
"05/03/2024 16:00:00 - 05/03/2024 17:00:00,""BZN|NO3"",""Without Sequence"",""60.69"","""","""""
"05/03/2024 17:00:00 - 05/03/2024 18:00:00,""BZN|NO3"",""Without Sequence"",""73.86"","""","""""
"05/03/2024 18:00:00 - 05/03/2024 19:00:00,""BZN|NO3"",""Without Sequence"",""95.72"","""","""""
"05/03/2024 19:00:00 - 05/03/2024 20:00:00,""BZN|NO3"",""Without Sequence"",""78.77"","""","""""
"05/03/2024 20:00:00 - 05/03/2024 21:00:00,""BZN|NO3"",""Without Sequence"",""67.87"","""","""""
"05/03/2024 21:00:00 - 05/03/2024 22:00:00,""BZN|NO3"",""Without Sequence"",""63.73"","""","""""
"05/03/2024 22:00:00 - 05/03/2024 23:00:00,""BZN|NO3"",""Without Sequence"",""61.98"","""","""""
"05/03/2024 23:00:00 - 06/03/2024 00:00:00,""BZN|NO3"",""Without Sequence"",""60.79"","""","""""
"06/03/2024 00:00:00 - 06/03/2024 01:00:00,""BZN|NO3"",""Without Sequence"",""64.02"","""","""""
"06/03/2024 01:00:00 - 06/03/2024 02:00:00,""BZN|NO3"",""Without Sequence"",""62.77"","""","""""
"06/03/2024 02:00:00 - 06/03/2024 03:00:00,""BZN|NO3"",""Without Sequence"",""62.17"","""","""""
"06/03/2024 03:00:00 - 06/03/2024 04:00:00,""BZN|NO3"",""Without Sequence"",""62.74"","""","""""
"06/03/2024 04:00:00 - 06/03/2024 05:00:00,""BZN|NO3"",""Without Sequence"",""64.92"","""","""""
"06/03/2024 05:00:00 - 06/03/2024 06:00:00,""BZN|NO3"",""Without Sequence"",""68.58"","""","""""
"06/03/2024 06:00:00 - 06/03/2024 07:00:00,""BZN|NO3"",""Without Sequence"",""80.97"","""","""""
"06/03/2024 07:00:00 - 06/03/2024 08:00:00,""BZN|NO3"",""Without Sequence"",""103.55"","""","""""
"06/03/2024 08:00:00 - 06/03/2024 09:00:00,""BZN|NO3"",""Without Sequence"",""106.09"","""","""""
"06/03/2024 09:00:00 - 06/03/2024 10:00:00,""BZN|NO3"",""Without Sequence"",""84.68"","""","""""
"06/03/2024 10:00:00 - 06/03/2024 11:00:00,""BZN|NO3"",""Without Sequence"",""73.39"","""","""""
"06/03/2024 11:00:00 - 06/03/2024 12:00:00,""BZN|NO3"",""Without Sequence"",""69.67"","""","""""
"06/03/2024 12:00:00 - 06/03/2024 13:00:00,""BZN|NO3"",""Without Sequence"",""67.32"","""","""""
"06/03/2024 13:00:00 - 06/03/2024 14:00:00,""BZN|NO3"",""Without Sequence"",""67.21"","""","""""
"06/03/2024 14:00:00 - 06/03/2024 15:00:00,""BZN|NO3"",""Without Sequence"",""68.38"","""","""""
"06/03/2024 15:00:00 - 06/03/2024 16:00:00,""BZN|NO3"",""Without Sequence"",""69.96"","""","""""
"06/03/2024 16:00:00 - 06/03/2024 17:00:00,""BZN|NO3"",""Without Sequence"",""77.24"","""","""""
"06/03/2024 17:00:00 - 06/03/2024 18:00:00,""BZN|NO3"",""Without Sequence"",""100.00"","""","""""
"06/03/2024 18:00:00 - 06/03/2024 19:00:00,""BZN|NO3"",""Without Sequence"",""115.87"","""","""""
"06/03/2024 19:00:00 - 06/03/2024 20:00:00,""BZN|NO3"",""Without Sequence"",""89.97"","""","""""
"06/03/2024 20:00:00 - 06/03/2024 21:00:00,""BZN|NO3"",""Without Sequence"",""89.98"","""","""""
"06/03/2024 21:00:00 - 06/03/2024 22:00:00,""BZN|NO3"",""Without Sequence"",""77.67"","""","""""
"06/03/2024 22:00:00 - 06/03/2024 23:00:00,""BZN|NO3"",""Without Sequence"",""72.88"","""","""""
"06/03/2024 23:00:00 - 07/03/2024 00:00:00,""BZN|NO3"",""Without Sequence"",""64.84"","""","""""
"07/03/2024 00:00:00 - 07/03/2024 01:00:00,""BZN|NO3"",""Without Sequence"",""67.86"","""","""""
"07/03/2024 01:00:00 - 07/03/2024 02:00:00,""BZN|NO3"",""Without Sequence"",""65.68"","""","""""
"07/03/2024 02:00:00 - 07/03/2024 03:00:00,""BZN|NO3"",""Without Sequence"",""64.77"","""","""""
"07/03/2024 03:00:00 - 07/03/2024 04:00:00,""BZN|NO3"",""Without Sequence"",""64.33"","""","""""
"07/03/2024 04:00:00 - 07/03/2024 05:00:00,""BZN|NO3"",""Without Sequence"",""64.80"","""","""""
"07/03/2024 05:00:00 - 07/03/2024 06:00:00,""BZN|NO3"",""Without Sequence"",""66.34"","""","""""
"07/03/2024 06:00:00 - 07/03/2024 07:00:00,""BZN|NO3"",""Without Sequence"",""71.19"","""","""""
"07/03/2024 07:00:00 - 07/03/2024 08:00:00,""BZN|NO3"",""Without Sequence"",""69.05"","""","""""
"07/03/2024 08:00:00 - 07/03/2024 09:00:00,""BZN|NO3"",""Without Sequence"",""65.00"","""","""""
"07/03/2024 09:00:00 - 07/03/2024 10:00:00,""BZN|NO3"",""Without Sequence"",""63.85"","""","""""
"07/03/2024 10:00:00 - 07/03/2024 11:00:00,""BZN|NO3"",""Without Sequence"",""63.68"","""","""""
"07/03/2024 11:00:00 - 07/03/2024 12:00:00,""BZN|NO3"",""Without Sequence"",""64.04"","""","""""
"07/03/2024 12:00:00 - 07/03/2024 13:00:00,""BZN|NO3"",""Without Sequence"",""60.98"","""","""""
"07/03/2024 13:00:00 - 07/03/2024 14:00:00,""BZN|NO3"",""Without Sequence"",""60.26"","""","""""
"07/03/2024 14:00:00 - 07/03/2024 15:00:00,""BZN|NO3"",""Without Sequence"",""61.81"","""","""""
"07/03/2024 15:00:00 - 07/03/2024 16:00:00,""BZN|NO3"",""Without Sequence"",""63.55"","""","""""
"07/03/2024 16:00:00 - 07/03/2024 17:00:00,""BZN|NO3"",""Without Sequence"",""63.64"","""","""""
"07/03/2024 17:00:00 - 07/03/2024 18:00:00,""BZN|NO3"",""Without Sequence"",""59.91"","""","""""
"07/03/2024 18:00:00 - 07/03/2024 19:00:00,""BZN|NO3"",""Without Sequence"",""55.56"","""","""""
"07/03/2024 19:00:00 - 07/03/2024 20:00:00,""BZN|NO3"",""Without Sequence"",""55.30"","""","""""
"07/03/2024 20:00:00 - 07/03/2024 21:00:00,""BZN|NO3"",""Without Sequence"",""55.01"","""","""""
"07/03/2024 21:00:00 - 07/03/2024 22:00:00,""BZN|NO3"",""Without Sequence"",""56.92"","""","""""
"07/03/2024 22:00:00 - 07/03/2024 23:00:00,""BZN|NO3"",""Without Sequence"",""59.00"","""","""""
"07/03/2024 23:00:00 - 08/03/2024 00:00:00,""BZN|NO3"",""Without Sequence"",""61.80"","""","""""
"08/03/2024 00:00:00 - 08/03/2024 01:00:00,""BZN|NO3"",""Without Sequence"",""66.11"","""","""""
"08/03/2024 01:00:00 - 08/03/2024 02:00:00,""BZN|NO3"",""Without Sequence"",""64.89"","""","""""
"08/03/2024 02:00:00 - 08/03/2024 03:00:00,""BZN|NO3"",""Without Sequence"",""64.87"","""","""""
"08/03/2024 03:00:00 - 08/03/2024 04:00:00,""BZN|NO3"",""Without Sequence"",""64.01"","""","""""
"08/03/2024 04:00:00 - 08/03/2024 05:00:00,""BZN|NO3"",""Without Sequence"",""64.24"","""","""""
"08/03/2024 05:00:00 - 08/03/2024 06:00:00,""BZN|NO3"",""Without Sequence"",""65.03"","""","""""
"08/03/2024 06:00:00 - 08/03/2024 07:00:00,""BZN|NO3"",""Without Sequence"",""75.54"","""","""""
"08/03/2024 07:00:00 - 08/03/2024 08:00:00,""BZN|NO3"",""Without Sequence"",""95.06"","""","""""
"08/03/2024 08:00:00 - 08/03/2024 09:00:00,""BZN|NO3"",""Without Sequence"",""88.89"","""","""""
"08/03/2024 09:00:00 - 08/03/2024 10:00:00,""BZN|NO3"",""Without Sequence"",""72.57"","""","""""
"08/03/2024 10:00:00 - 08/03/2024 11:00:00,""BZN|NO3"",""Without Sequence"",""59.37"","""","""""
"08/03/2024 11:00:00 - 08/03/2024 12:00:00,""BZN|NO3"",""Without Sequence"",""55.78"","""","""""
"08/03/2024 12:00:00 - 08/03/2024 13:00:00,""BZN|NO3"",""Without Sequence"",""54.17"","""","""""
"08/03/2024 13:00:00 - 08/03/2024 14:00:00,""BZN|NO3"",""Without Sequence"",""52.80"","""","""""
"08/03/2024 14:00:00 - 08/03/2024 15:00:00,""BZN|NO3"",""Without Sequence"",""51.98"","""","""""
"08/03/2024 15:00:00 - 08/03/2024 16:00:00,""BZN|NO3"",""Without Sequence"",""52.72"","""","""""
"08/03/2024 16:00:00 - 08/03/2024 17:00:00,""BZN|NO3"",""Without Sequence"",""58.11"","""","""""
"08/03/2024 17:00:00 - 08/03/2024 18:00:00,""BZN|NO3"",""Without Sequence"",""69.61"","""","""""
"08/03/2024 18:00:00 - 08/03/2024 19:00:00,""BZN|NO3"",""Without Sequence"",""75.94"","""","""""
"08/03/2024 19:00:00 - 08/03/2024 20:00:00,""BZN|NO3"",""Without Sequence"",""77.44"","""","""""
"08/03/2024 20:00:00 - 08/03/2024 21:00:00,""BZN|NO3"",""Without Sequence"",""68.85"","""","""""
"08/03/2024 21:00:00 - 08/03/2024 22:00:00,""BZN|NO3"",""Without Sequence"",""63.29"","""","""""
"08/03/2024 22:00:00 - 08/03/2024 23:00:00,""BZN|NO3"",""Without Sequence"",""63.02"","""","""""
"08/03/2024 23:00:00 - 09/03/2024 00:00:00,""BZN|NO3"",""Without Sequence"",""59.89"","""","""""
"09/03/2024 00:00:00 - 09/03/2024 01:00:00,""BZN|NO3"",""Without Sequence"",""57.95"","""","""""
"09/03/2024 01:00:00 - 09/03/2024 02:00:00,""BZN|NO3"",""Without Sequence"",""54.91"","""","""""
"09/03/2024 02:00:00 - 09/03/2024 03:00:00,""BZN|NO3"",""Without Sequence"",""53.96"","""","""""
"09/03/2024 03:00:00 - 09/03/2024 04:00:00,""BZN|NO3"",""Without Sequence"",""53.42"","""","""""
"09/03/2024 04:00:00 - 09/03/2024 05:00:00,""BZN|NO3"",""Without Sequence"",""50.74"","""","""""
"09/03/2024 05:00:00 - 09/03/2024 06:00:00,""BZN|NO3"",""Without Sequence"",""50.79"","""","""""
"09/03/2024 06:00:00 - 09/03/2024 07:00:00,""BZN|NO3"",""Without Sequence"",""51.63"","""","""""
"09/03/2024 07:00:00 - 09/03/2024 08:00:00,""BZN|NO3"",""Without Sequence"",""53.06"","""","""""
"09/03/2024 08:00:00 - 09/03/2024 09:00:00,""BZN|NO3"",""Without Sequence"",""53.06"","""","""""
"09/03/2024 09:00:00 - 09/03/2024 10:00:00,""BZN|NO3"",""Without Sequence"",""51.41"","""","""""
"09/03/2024 10:00:00 - 09/03/2024 11:00:00,""BZN|NO3"",""Without Sequence"",""51.26"","""","""""
"09/03/2024 11:00:00 - 09/03/2024 12:00:00,""BZN|NO3"",""Without Sequence"",""51.22"","""","""""
"09/03/2024 12:00:00 - 09/03/2024 13:00:00,""BZN|NO3"",""Without Sequence"",""49.28"","""","""""
"09/03/2024 13:00:00 - 09/03/2024 14:00:00,""BZN|NO3"",""Without Sequence"",""46.99"","""","""""
"09/03/2024 14:00:00 - 09/03/2024 15:00:00,""BZN|NO3"",""Without Sequence"",""45.44"","""","""""
"09/03/2024 15:00:00 - 09/03/2024 16:00:00,""BZN|NO3"",""Without Sequence"",""45.49"","""","""""
"09/03/2024 16:00:00 - 09/03/2024 17:00:00,""BZN|NO3"",""Without Sequence"",""53.93"","""","""""
"09/03/2024 17:00:00 - 09/03/2024 18:00:00,""BZN|NO3"",""Without Sequence"",""59.85"","""","""""
"09/03/2024 18:00:00 - 09/03/2024 19:00:00,""BZN|NO3"",""Without Sequence"",""62.06"","""","""""
"09/03/2024 19:00:00 - 09/03/2024 20:00:00,""BZN|NO3"",""Without Sequence"",""60.16"","""","""""
"09/03/2024 20:00:00 - 09/03/2024 21:00:00,""BZN|NO3"",""Without Sequence"",""56.84"","""","""""
"09/03/2024 21:00:00 - 09/03/2024 22:00:00,""BZN|NO3"",""Without Sequence"",""54.02"","""","""""
"09/03/2024 22:00:00 - 09/03/2024 23:00:00,""BZN|NO3"",""Without Sequence"",""52.98"","""","""""
"09/03/2024 23:00:00 - 10/03/2024 00:00:00,""BZN|NO3"",""Without Sequence"",""50.32"","""","""""
"10/03/2024 00:00:00 - 10/03/2024 01:00:00,""BZN|NO3"",""Without Sequence"",""48.65"","""","""""
"10/03/2024 01:00:00 - 10/03/2024 02:00:00,""BZN|NO3"",""Without Sequence"",""46.06"","""","""""
"10/03/2024 02:00:00 - 10/03/2024 03:00:00,""BZN|NO3"",""Without Sequence"",""40.98"","""","""""
"10/03/2024 03:00:00 - 10/03/2024 04:00:00,""BZN|NO3"",""Without Sequence"",""35.55"","""","""""
"10/03/2024 04:00:00 - 10/03/2024 05:00:00,""BZN|NO3"",""Without Sequence"",""32.39"","""","""""
"10/03/2024 05:00:00 - 10/03/2024 06:00:00,""BZN|NO3"",""Without Sequence"",""32.28"","""","""""
"10/03/2024 06:00:00 - 10/03/2024 07:00:00,""BZN|NO3"",""Without Sequence"",""33.91"","""","""""
"10/03/2024 07:00:00 - 10/03/2024 08:00:00,""BZN|NO3"",""Without Sequence"",""39.49"","""","""""
"10/03/2024 08:00:00 - 10/03/2024 09:00:00,""BZN|NO3"",""Without Sequence"",""34.82"","""","""""
"10/03/2024 09:00:00 - 10/03/2024 10:00:00,""BZN|NO3"",""Without Sequence"",""34.51"","""","""""
"10/03/2024 10:00:00 - 10/03/2024 11:00:00,""BZN|NO3"",""Without Sequence"",""44.71"","""","""""
"10/03/2024 11:00:00 - 10/03/2024 12:00:00,""BZN|NO3"",""Without Sequence"",""49.95"","""","""""
"10/03/2024 12:00:00 - 10/03/2024 13:00:00,""BZN|NO3"",""Without Sequence"",""50.94"","""","""""
"10/03/2024 13:00:00 - 10/03/2024 14:00:00,""BZN|NO3"",""Without Sequence"",""50.89"","""","""""
"10/03/2024 14:00:00 - 10/03/2024 15:00:00,""BZN|NO3"",""Without Sequence"",""50.87"","""","""""
"10/03/2024 15:00:00 - 10/03/2024 16:00:00,""BZN|NO3"",""Without Sequence"",""50.85"","""","""""
"10/03/2024 16:00:00 - 10/03/2024 17:00:00,""BZN|NO3"",""Without Sequence"",""52.57"","""","""""
"10/03/2024 17:00:00 - 10/03/2024 18:00:00,""BZN|NO3"",""Without Sequence"",""55.18"","""","""""
"10/03/2024 18:00:00 - 10/03/2024 19:00:00,""BZN|NO3"",""Without Sequence"",""57.64"","""","""""
"10/03/2024 19:00:00 - 10/03/2024 20:00:00,""BZN|NO3"",""Without Sequence"",""55.55"","""","""""
"10/03/2024 20:00:00 - 10/03/2024 21:00:00,""BZN|NO3"",""Without Sequence"",""54.21"","""","""""
"10/03/2024 21:00:00 - 10/03/2024 22:00:00,""BZN|NO3"",""Without Sequence"",""54.76"","""","""""
"10/03/2024 22:00:00 - 10/03/2024 23:00:00,""BZN|NO3"",""Without Sequence"",""54.66"","""","""""
"10/03/2024 23:00:00 - 11/03/2024 00:00:00,""BZN|NO3"",""Without Sequence"",""53.71"","""","""""
"11/03/2024 00:00:00 - 11/03/2024 01:00:00,""BZN|NO3"",""Without Sequence"",""51.95"","""","""""
"11/03/2024 01:00:00 - 11/03/2024 02:00:00,""BZN|NO3"",""Without Sequence"",""50.91"","""","""""
"11/03/2024 02:00:00 - 11/03/2024 03:00:00,""BZN|NO3"",""Without Sequence"",""51.82"","""","""""
"11/03/2024 03:00:00 - 11/03/2024 04:00:00,""BZN|NO3"",""Without Sequence"",""51.15"","""","""""
"11/03/2024 04:00:00 - 11/03/2024 05:00:00,""BZN|NO3"",""Without Sequence"",""53.32"","""","""""
"11/03/2024 05:00:00 - 11/03/2024 06:00:00,""BZN|NO3"",""Without Sequence"",""54.95"","""","""""
"11/03/2024 06:00:00 - 11/03/2024 07:00:00,""BZN|NO3"",""Without Sequence"",""56.44"","""","""""
"11/03/2024 07:00:00 - 11/03/2024 08:00:00,""BZN|NO3"",""Without Sequence"",""62.27"","""","""""
"11/03/2024 08:00:00 - 11/03/2024 09:00:00,""BZN|NO3"",""Without Sequence"",""64.79"","""","""""
"11/03/2024 09:00:00 - 11/03/2024 10:00:00,""BZN|NO3"",""Without Sequence"",""62.85"","""","""""
"11/03/2024 10:00:00 - 11/03/2024 11:00:00,""BZN|NO3"",""Without Sequence"",""61.90"","""","""""
"11/03/2024 11:00:00 - 11/03/2024 12:00:00,""BZN|NO3"",""Without Sequence"",""60.44"","""","""""
"11/03/2024 12:00:00 - 11/03/2024 13:00:00,""BZN|NO3"",""Without Sequence"",""58.85"","""","""""
"11/03/2024 13:00:00 - 11/03/2024 14:00:00,""BZN|NO3"",""Without Sequence"",""58.92"","""","""""
"11/03/2024 14:00:00 - 11/03/2024 15:00:00,""BZN|NO3"",""Without Sequence"",""58.72"","""","""""
"11/03/2024 15:00:00 - 11/03/2024 16:00:00,""BZN|NO3"",""Without Sequence"",""59.95"","""","""""
"11/03/2024 16:00:00 - 11/03/2024 17:00:00,""BZN|NO3"",""Without Sequence"",""61.61"","""","""""
"11/03/2024 17:00:00 - 11/03/2024 18:00:00,""BZN|NO3"",""Without Sequence"",""65.32"","""","""""
"11/03/2024 18:00:00 - 11/03/2024 19:00:00,""BZN|NO3"",""Without Sequence"",""73.01"","""","""""
"11/03/2024 19:00:00 - 11/03/2024 20:00:00,""BZN|NO3"",""Without Sequence"",""70.01"","""","""""
"11/03/2024 20:00:00 - 11/03/2024 21:00:00,""BZN|NO3"",""Without Sequence"",""67.19"","""","""""
"11/03/2024 21:00:00 - 11/03/2024 22:00:00,""BZN|NO3"",""Without Sequence"",""65.59"","""","""""
"11/03/2024 22:00:00 - 11/03/2024 23:00:00,""BZN|NO3"",""Without Sequence"",""63.45"","""","""""
"11/03/2024 23:00:00 - 12/03/2024 00:00:00,""BZN|NO3"",""Without Sequence"",""59.95"","""","""""
"12/03/2024 00:00:00 - 12/03/2024 01:00:00,""BZN|NO3"",""Without Sequence"",""64.56"","""","""""
"12/03/2024 01:00:00 - 12/03/2024 02:00:00,""BZN|NO3"",""Without Sequence"",""63.46"","""","""""
"12/03/2024 02:00:00 - 12/03/2024 03:00:00,""BZN|NO3"",""Without Sequence"",""63.30"","""","""""
"12/03/2024 03:00:00 - 12/03/2024 04:00:00,""BZN|NO3"",""Without Sequence"",""63.11"","""","""""
"12/03/2024 04:00:00 - 12/03/2024 05:00:00,""BZN|NO3"",""Without Sequence"",""63.85"","""","""""
"12/03/2024 05:00:00 - 12/03/2024 06:00:00,""BZN|NO3"",""Without Sequence"",""69.16"","""","""""
"12/03/2024 06:00:00 - 12/03/2024 07:00:00,""BZN|NO3"",""Without Sequence"",""72.41"","""","""""
"12/03/2024 07:00:00 - 12/03/2024 08:00:00,""BZN|NO3"",""Without Sequence"",""94.73"","""","""""
"12/03/2024 08:00:00 - 12/03/2024 09:00:00,""BZN|NO3"",""Without Sequence"",""99.30"","""","""""
"12/03/2024 09:00:00 - 12/03/2024 10:00:00,""BZN|NO3"",""Without Sequence"",""90.91"","""","""""
"12/03/2024 10:00:00 - 12/03/2024 11:00:00,""BZN|NO3"",""Without Sequence"",""83.11"","""","""""
"12/03/2024 11:00:00 - 12/03/2024 12:00:00,""BZN|NO3"",""Without Sequence"",""78.18"","""","""""
"12/03/2024 12:00:00 - 12/03/2024 13:00:00,""BZN|NO3"",""Without Sequence"",""76.17"","""","""""
"12/03/2024 13:00:00 - 12/03/2024 14:00:00,""BZN|NO3"",""Without Sequence"",""73.67"","""","""""
"12/03/2024 14:00:00 - 12/03/2024 15:00:00,""BZN|NO3"",""Without Sequence"",""70.06"","""","""""
"12/03/2024 15:00:00 - 12/03/2024 16:00:00,""BZN|NO3"",""Without Sequence"",""69.01"","""","""""
"12/03/2024 16:00:00 - 12/03/2024 17:00:00,""BZN|NO3"",""Without Sequence"",""69.00"","""","""""
"12/03/2024 17:00:00 - 12/03/2024 18:00:00,""BZN|NO3"",""Without Sequence"",""75.38"","""","""""
"12/03/2024 18:00:00 - 12/03/2024 19:00:00,""BZN|NO3"",""Without Sequence"",""82.33"","""","""""
"12/03/2024 19:00:00 - 12/03/2024 20:00:00,""BZN|NO3"",""Without Sequence"",""99.13"","""","""""
"12/03/2024 20:00:00 - 12/03/2024 21:00:00,""BZN|NO3"",""Without Sequence"",""71.09"","""","""""
"12/03/2024 21:00:00 - 12/03/2024 22:00:00,""BZN|NO3"",""Without Sequence"",""71.41"","""","""""
"12/03/2024 22:00:00 - 12/03/2024 23:00:00,""BZN|NO3"",""Without Sequence"",""68.27"","""","""""
"12/03/2024 23:00:00 - 13/03/2024 00:00:00,""BZN|NO3"",""Without Sequence"",""63.15"","""","""""
"13/03/2024 00:00:00 - 13/03/2024 01:00:00,""BZN|NO3"",""Without Sequence"",""58.86"","""","""""
"13/03/2024 01:00:00 - 13/03/2024 02:00:00,""BZN|NO3"",""Without Sequence"",""57.34"","""","""""
"13/03/2024 02:00:00 - 13/03/2024 03:00:00,""BZN|NO3"",""Without Sequence"",""56.68"","""","""""
"13/03/2024 03:00:00 - 13/03/2024 04:00:00,""BZN|NO3"",""Without Sequence"",""56.18"","""","""""
"13/03/2024 04:00:00 - 13/03/2024 05:00:00,""BZN|NO3"",""Without Sequence"",""56.49"","""","""""
"13/03/2024 05:00:00 - 13/03/2024 06:00:00,""BZN|NO3"",""Without Sequence"",""58.41"","""","""""
"13/03/2024 06:00:00 - 13/03/2024 07:00:00,""BZN|NO3"",""Without Sequence"",""60.25"","""","""""
"13/03/2024 07:00:00 - 13/03/2024 08:00:00,""BZN|NO3"",""Without Sequence"",""72.32"","""","""""
"13/03/2024 08:00:00 - 13/03/2024 09:00:00,""BZN|NO3"",""Without Sequence"",""87.12"","""","""""
"13/03/2024 09:00:00 - 13/03/2024 10:00:00,""BZN|NO3"",""Without Sequence"",""74.28"","""","""""
"13/03/2024 10:00:00 - 13/03/2024 11:00:00,""BZN|NO3"",""Without Sequence"",""65.43"","""","""""
"13/03/2024 11:00:00 - 13/03/2024 12:00:00,""BZN|NO3"",""Without Sequence"",""60.98"","""","""""
"13/03/2024 12:00:00 - 13/03/2024 13:00:00,""BZN|NO3"",""Without Sequence"",""58.51"","""","""""
"13/03/2024 13:00:00 - 13/03/2024 14:00:00,""BZN|NO3"",""Without Sequence"",""54.00"","""","""""
"13/03/2024 14:00:00 - 13/03/2024 15:00:00,""BZN|NO3"",""Without Sequence"",""52.80"","""","""""
"13/03/2024 15:00:00 - 13/03/2024 16:00:00,""BZN|NO3"",""Without Sequence"",""51.90"","""","""""
"13/03/2024 16:00:00 - 13/03/2024 17:00:00,""BZN|NO3"",""Without Sequence"",""51.45"","""","""""
"13/03/2024 17:00:00 - 13/03/2024 18:00:00,""BZN|NO3"",""Without Sequence"",""47.49"","""","""""
"13/03/2024 18:00:00 - 13/03/2024 19:00:00,""BZN|NO3"",""Without Sequence"",""46.24"","""","""""
"13/03/2024 19:00:00 - 13/03/2024 20:00:00,""BZN|NO3"",""Without Sequence"",""43.70"","""","""""
"13/03/2024 20:00:00 - 13/03/2024 21:00:00,""BZN|NO3"",""Without Sequence"",""35.71"","""","""""
"13/03/2024 21:00:00 - 13/03/2024 22:00:00,""BZN|NO3"",""Without Sequence"",""30.89"","""","""""
"13/03/2024 22:00:00 - 13/03/2024 23:00:00,""BZN|NO3"",""Without Sequence"",""29.36"","""","""""
"13/03/2024 23:00:00 - 14/03/2024 00:00:00,""BZN|NO3"",""Without Sequence"",""29.64"","""","""""
"14/03/2024 00:00:00 - 14/03/2024 01:00:00,""BZN|NO3"",""Without Sequence"",""39.63"","""","""""
"14/03/2024 01:00:00 - 14/03/2024 02:00:00,""BZN|NO3"",""Without Sequence"",""40.88"","""","""""
"14/03/2024 02:00:00 - 14/03/2024 03:00:00,""BZN|NO3"",""Without Sequence"",""31.33"","""","""""
"14/03/2024 03:00:00 - 14/03/2024 04:00:00,""BZN|NO3"",""Without Sequence"",""27.86"","""","""""
"14/03/2024 04:00:00 - 14/03/2024 05:00:00,""BZN|NO3"",""Without Sequence"",""27.09"","""","""""
"14/03/2024 05:00:00 - 14/03/2024 06:00:00,""BZN|NO3"",""Without Sequence"",""25.11"","""","""""
"14/03/2024 06:00:00 - 14/03/2024 07:00:00,""BZN|NO3"",""Without Sequence"",""27.54"","""","""""
"14/03/2024 07:00:00 - 14/03/2024 08:00:00,""BZN|NO3"",""Without Sequence"",""30.37"","""","""""
"14/03/2024 08:00:00 - 14/03/2024 09:00:00,""BZN|NO3"",""Without Sequence"",""30.49"","""","""""
"14/03/2024 09:00:00 - 14/03/2024 10:00:00,""BZN|NO3"",""Without Sequence"",""30.13"","""","""""
"14/03/2024 10:00:00 - 14/03/2024 11:00:00,""BZN|NO3"",""Without Sequence"",""30.34"","""","""""
"14/03/2024 11:00:00 - 14/03/2024 12:00:00,""BZN|NO3"",""Without Sequence"",""30.63"","""","""""
"14/03/2024 12:00:00 - 14/03/2024 13:00:00,""BZN|NO3"",""Without Sequence"",""29.97"","""","""""
"14/03/2024 13:00:00 - 14/03/2024 14:00:00,""BZN|NO3"",""Without Sequence"",""29.04"","""","""""
"14/03/2024 14:00:00 - 14/03/2024 15:00:00,""BZN|NO3"",""Without Sequence"",""27.45"","""","""""
"14/03/2024 15:00:00 - 14/03/2024 16:00:00,""BZN|NO3"",""Without Sequence"",""24.94"","""","""""
"14/03/2024 16:00:00 - 14/03/2024 17:00:00,""BZN|NO3"",""Without Sequence"",""25.44"","""","""""
"14/03/2024 17:00:00 - 14/03/2024 18:00:00,""BZN|NO3"",""Without Sequence"",""26.65"","""","""""
"14/03/2024 18:00:00 - 14/03/2024 19:00:00,""BZN|NO3"",""Without Sequence"",""27.42"","""","""""
"14/03/2024 19:00:00 - 14/03/2024 20:00:00,""BZN|NO3"",""Without Sequence"",""27.44"","""","""""
"14/03/2024 20:00:00 - 14/03/2024 21:00:00,""BZN|NO3"",""Without Sequence"",""27.12"","""","""""
"14/03/2024 21:00:00 - 14/03/2024 22:00:00,""BZN|NO3"",""Without Sequence"",""25.07"","""","""""
"14/03/2024 22:00:00 - 14/03/2024 23:00:00,""BZN|NO3"",""Without Sequence"",""22.83"","""","""""
"14/03/2024 23:00:00 - 15/03/2024 00:00:00,""BZN|NO3"",""Without Sequence"",""22.50"","""","""""
"15/03/2024 00:00:00 - 15/03/2024 01:00:00,""BZN|NO3"",""Without Sequence"",""16.94"","""","""""
"15/03/2024 01:00:00 - 15/03/2024 02:00:00,""BZN|NO3"",""Without Sequence"",""19.34"","""","""""
"15/03/2024 02:00:00 - 15/03/2024 03:00:00,""BZN|NO3"",""Without Sequence"",""22.01"","""","""""
"15/03/2024 03:00:00 - 15/03/2024 04:00:00,""BZN|NO3"",""Without Sequence"",""22.69"","""","""""
"15/03/2024 04:00:00 - 15/03/2024 05:00:00,""BZN|NO3"",""Without Sequence"",""25.86"","""","""""
"15/03/2024 05:00:00 - 15/03/2024 06:00:00,""BZN|NO3"",""Without Sequence"",""46.00"","""","""""
"15/03/2024 06:00:00 - 15/03/2024 07:00:00,""BZN|NO3"",""Without Sequence"",""50.75"","""","""""
"15/03/2024 07:00:00 - 15/03/2024 08:00:00,""BZN|NO3"",""Without Sequence"",""53.65"","""","""""
"15/03/2024 08:00:00 - 15/03/2024 09:00:00,""BZN|NO3"",""Without Sequence"",""54.71"","""","""""
"15/03/2024 09:00:00 - 15/03/2024 10:00:00,""BZN|NO3"",""Without Sequence"",""53.23"","""","""""
"15/03/2024 10:00:00 - 15/03/2024 11:00:00,""BZN|NO3"",""Without Sequence"",""51.30"","""","""""
"15/03/2024 11:00:00 - 15/03/2024 12:00:00,""BZN|NO3"",""Without Sequence"",""50.63"","""","""""
"15/03/2024 12:00:00 - 15/03/2024 13:00:00,""BZN|NO3"",""Without Sequence"",""49.36"","""","""""
"15/03/2024 13:00:00 - 15/03/2024 14:00:00,""BZN|NO3"",""Without Sequence"",""48.33"","""","""""
"15/03/2024 14:00:00 - 15/03/2024 15:00:00,""BZN|NO3"",""Without Sequence"",""49.33"","""","""""
"15/03/2024 15:00:00 - 15/03/2024 16:00:00,""BZN|NO3"",""Without Sequence"",""50.31"","""","""""
"15/03/2024 16:00:00 - 15/03/2024 17:00:00,""BZN|NO3"",""Without Sequence"",""51.85"","""","""""
"15/03/2024 17:00:00 - 15/03/2024 18:00:00,""BZN|NO3"",""Without Sequence"",""55.61"","""","""""
"15/03/2024 18:00:00 - 15/03/2024 19:00:00,""BZN|NO3"",""Without Sequence"",""56.79"","""","""""
"15/03/2024 19:00:00 - 15/03/2024 20:00:00,""BZN|NO3"",""Without Sequence"",""52.20"","""","""""
"15/03/2024 20:00:00 - 15/03/2024 21:00:00,""BZN|NO3"",""Without Sequence"",""48.92"","""","""""
"15/03/2024 21:00:00 - 15/03/2024 22:00:00,""BZN|NO3"",""Without Sequence"",""43.94"","""","""""
"15/03/2024 22:00:00 - 15/03/2024 23:00:00,""BZN|NO3"",""Without Sequence"",""40.00"","""","""""
"15/03/2024 23:00:00 - 16/03/2024 00:00:00,""BZN|NO3"",""Without Sequence"",""38.22"","""","""""
"16/03/2024 00:00:00 - 16/03/2024 01:00:00,""BZN|NO3"",""Without Sequence"",""38.05"","""","""""
"16/03/2024 01:00:00 - 16/03/2024 02:00:00,""BZN|NO3"",""Without Sequence"",""38.09"","""","""""
"16/03/2024 02:00:00 - 16/03/2024 03:00:00,""BZN|NO3"",""Without Sequence"",""36.68"","""","""""
"16/03/2024 03:00:00 - 16/03/2024 04:00:00,""BZN|NO3"",""Without Sequence"",""35.62"","""","""""
"16/03/2024 04:00:00 - 16/03/2024 05:00:00,""BZN|NO3"",""Without Sequence"",""34.90"","""","""""
"16/03/2024 05:00:00 - 16/03/2024 06:00:00,""BZN|NO3"",""Without Sequence"",""34.26"","""","""""
"16/03/2024 06:00:00 - 16/03/2024 07:00:00,""BZN|NO3"",""Without Sequence"",""34.28"","""","""""
"16/03/2024 07:00:00 - 16/03/2024 08:00:00,""BZN|NO3"",""Without Sequence"",""35.57"","""","""""
"16/03/2024 08:00:00 - 16/03/2024 09:00:00,""BZN|NO3"",""Without Sequence"",""46.01"","""","""""
"16/03/2024 09:00:00 - 16/03/2024 10:00:00,""BZN|NO3"",""Without Sequence"",""48.15"","""","""""
"16/03/2024 10:00:00 - 16/03/2024 11:00:00,""BZN|NO3"",""Without Sequence"",""46.69"","""","""""
"16/03/2024 11:00:00 - 16/03/2024 12:00:00,""BZN|NO3"",""Without Sequence"",""46.00"","""","""""
"16/03/2024 12:00:00 - 16/03/2024 13:00:00,""BZN|NO3"",""Without Sequence"",""45.99"","""","""""
"16/03/2024 13:00:00 - 16/03/2024 14:00:00,""BZN|NO3"",""Without Sequence"",""45.99"","""","""""
"16/03/2024 14:00:00 - 16/03/2024 15:00:00,""BZN|NO3"",""Without Sequence"",""45.98"","""","""""
"16/03/2024 15:00:00 - 16/03/2024 16:00:00,""BZN|NO3"",""Without Sequence"",""47.20"","""","""""
"16/03/2024 16:00:00 - 16/03/2024 17:00:00,""BZN|NO3"",""Without Sequence"",""49.71"","""","""""
"16/03/2024 17:00:00 - 16/03/2024 18:00:00,""BZN|NO3"",""Without Sequence"",""51.56"","""","""""
"16/03/2024 18:00:00 - 16/03/2024 19:00:00,""BZN|NO3"",""Without Sequence"",""53.56"","""","""""
"16/03/2024 19:00:00 - 16/03/2024 20:00:00,""BZN|NO3"",""Without Sequence"",""53.77"","""","""""
"16/03/2024 20:00:00 - 16/03/2024 21:00:00,""BZN|NO3"",""Without Sequence"",""53.77"","""","""""
"16/03/2024 21:00:00 - 16/03/2024 22:00:00,""BZN|NO3"",""Without Sequence"",""53.74"","""","""""
"16/03/2024 22:00:00 - 16/03/2024 23:00:00,""BZN|NO3"",""Without Sequence"",""53.85"","""","""""
"16/03/2024 23:00:00 - 17/03/2024 00:00:00,""BZN|NO3"",""Without Sequence"",""54.98"","""","""""
"17/03/2024 00:00:00 - 17/03/2024 01:00:00,""BZN|NO3"",""Without Sequence"",""54.72"","""","""""
"17/03/2024 01:00:00 - 17/03/2024 02:00:00,""BZN|NO3"",""Without Sequence"",""54.97"","""","""""
"17/03/2024 02:00:00 - 17/03/2024 03:00:00,""BZN|NO3"",""Without Sequence"",""51.88"","""","""""
"17/03/2024 03:00:00 - 17/03/2024 04:00:00,""BZN|NO3"",""Without Sequence"",""50.00"","""","""""
"17/03/2024 04:00:00 - 17/03/2024 05:00:00,""BZN|NO3"",""Without Sequence"",""35.05"","""","""""
"17/03/2024 05:00:00 - 17/03/2024 06:00:00,""BZN|NO3"",""Without Sequence"",""38.47"","""","""""
"17/03/2024 06:00:00 - 17/03/2024 07:00:00,""BZN|NO3"",""Without Sequence"",""41.29"","""","""""
"17/03/2024 07:00:00 - 17/03/2024 08:00:00,""BZN|NO3"",""Without Sequence"",""49.20"","""","""""
"17/03/2024 08:00:00 - 17/03/2024 09:00:00,""BZN|NO3"",""Without Sequence"",""49.48"","""","""""
"17/03/2024 09:00:00 - 17/03/2024 10:00:00,""BZN|NO3"",""Without Sequence"",""47.15"","""","""""
"17/03/2024 10:00:00 - 17/03/2024 11:00:00,""BZN|NO3"",""Without Sequence"",""45.40"","""","""""
"17/03/2024 11:00:00 - 17/03/2024 12:00:00,""BZN|NO3"",""Without Sequence"",""45.91"","""","""""
"17/03/2024 12:00:00 - 17/03/2024 13:00:00,""BZN|NO3"",""Without Sequence"",""41.81"","""","""""
"17/03/2024 13:00:00 - 17/03/2024 14:00:00,""BZN|NO3"",""Without Sequence"",""40.15"","""","""""
"17/03/2024 14:00:00 - 17/03/2024 15:00:00,""BZN|NO3"",""Without Sequence"",""46.91"","""","""""
"17/03/2024 15:00:00 - 17/03/2024 16:00:00,""BZN|NO3"",""Without Sequence"",""54.32"","""","""""
"17/03/2024 16:00:00 - 17/03/2024 17:00:00,""BZN|NO3"",""Without Sequence"",""57.46"","""","""""
"17/03/2024 17:00:00 - 17/03/2024 18:00:00,""BZN|NO3"",""Without Sequence"",""49.67"","""","""""
"17/03/2024 18:00:00 - 17/03/2024 19:00:00,""BZN|NO3"",""Without Sequence"",""46.47"","""","""""
"17/03/2024 19:00:00 - 17/03/2024 20:00:00,""BZN|NO3"",""Without Sequence"",""39.99"","""","""""
"17/03/2024 20:00:00 - 17/03/2024 21:00:00,""BZN|NO3"",""Without Sequence"",""39.71"","""","""""
"17/03/2024 21:00:00 - 17/03/2024 22:00:00,""BZN|NO3"",""Without Sequence"",""39.26"","""","""""
"17/03/2024 22:00:00 - 17/03/2024 23:00:00,""BZN|NO3"",""Without Sequence"",""39.02"","""","""""
"17/03/2024 23:00:00 - 18/03/2024 00:00:00,""BZN|NO3"",""Without Sequence"",""38.18"","""","""""
"18/03/2024 00:00:00 - 18/03/2024 01:00:00,""BZN|NO3"",""Without Sequence"",""40.90"","""","""""
"18/03/2024 01:00:00 - 18/03/2024 02:00:00,""BZN|NO3"",""Without Sequence"",""41.15"","""","""""
"18/03/2024 02:00:00 - 18/03/2024 03:00:00,""BZN|NO3"",""Without Sequence"",""39.90"","""","""""
"18/03/2024 03:00:00 - 18/03/2024 04:00:00,""BZN|NO3"",""Without Sequence"",""44.88"","""","""""
"18/03/2024 04:00:00 - 18/03/2024 05:00:00,""BZN|NO3"",""Without Sequence"",""47.15"","""","""""
"18/03/2024 05:00:00 - 18/03/2024 06:00:00,""BZN|NO3"",""Without Sequence"",""47.15"","""","""""
"18/03/2024 06:00:00 - 18/03/2024 07:00:00,""BZN|NO3"",""Without Sequence"",""49.77"","""","""""
"18/03/2024 07:00:00 - 18/03/2024 08:00:00,""BZN|NO3"",""Without Sequence"",""51.91"","""","""""
"18/03/2024 08:00:00 - 18/03/2024 09:00:00,""BZN|NO3"",""Without Sequence"",""56.46"","""","""""
"18/03/2024 09:00:00 - 18/03/2024 10:00:00,""BZN|NO3"",""Without Sequence"",""53.91"","""","""""
"18/03/2024 10:00:00 - 18/03/2024 11:00:00,""BZN|NO3"",""Without Sequence"",""51.39"","""","""""
"18/03/2024 11:00:00 - 18/03/2024 12:00:00,""BZN|NO3"",""Without Sequence"",""50.58"","""","""""
"18/03/2024 12:00:00 - 18/03/2024 13:00:00,""BZN|NO3"",""Without Sequence"",""50.92"","""","""""
"18/03/2024 13:00:00 - 18/03/2024 14:00:00,""BZN|NO3"",""Without Sequence"",""52.39"","""","""""
"18/03/2024 14:00:00 - 18/03/2024 15:00:00,""BZN|NO3"",""Without Sequence"",""52.08"","""","""""
"18/03/2024 15:00:00 - 18/03/2024 16:00:00,""BZN|NO3"",""Without Sequence"",""50.05"","""","""""
"18/03/2024 16:00:00 - 18/03/2024 17:00:00,""BZN|NO3"",""Without Sequence"",""49.73"","""","""""
"18/03/2024 17:00:00 - 18/03/2024 18:00:00,""BZN|NO3"",""Without Sequence"",""50.24"","""","""""
"18/03/2024 18:00:00 - 18/03/2024 19:00:00,""BZN|NO3"",""Without Sequence"",""51.37"","""","""""
"18/03/2024 19:00:00 - 18/03/2024 20:00:00,""BZN|NO3"",""Without Sequence"",""52.20"","""","""""
"18/03/2024 20:00:00 - 18/03/2024 21:00:00,""BZN|NO3"",""Without Sequence"",""54.94"","""","""""
"18/03/2024 21:00:00 - 18/03/2024 22:00:00,""BZN|NO3"",""Without Sequence"",""54.88"","""","""""
"18/03/2024 22:00:00 - 18/03/2024 23:00:00,""BZN|NO3"",""Without Sequence"",""53.40"","""","""""
"18/03/2024 23:00:00 - 19/03/2024 00:00:00,""BZN|NO3"",""Without Sequence"",""51.07"","""","""""
"19/03/2024 00:00:00 - 19/03/2024 01:00:00,""BZN|NO3"",""Without Sequence"",""50.10"","""","""""
"19/03/2024 01:00:00 - 19/03/2024 02:00:00,""BZN|NO3"",""Without Sequence"",""47.01"","""","""""
"19/03/2024 02:00:00 - 19/03/2024 03:00:00,""BZN|NO3"",""Without Sequence"",""44.67"","""","""""
"19/03/2024 03:00:00 - 19/03/2024 04:00:00,""BZN|NO3"",""Without Sequence"",""45.99"","""","""""
"19/03/2024 04:00:00 - 19/03/2024 05:00:00,""BZN|NO3"",""Without Sequence"",""48.24"","""","""""
"19/03/2024 05:00:00 - 19/03/2024 06:00:00,""BZN|NO3"",""Without Sequence"",""47.70"","""","""""
"19/03/2024 06:00:00 - 19/03/2024 07:00:00,""BZN|NO3"",""Without Sequence"",""46.91"","""","""""
"19/03/2024 07:00:00 - 19/03/2024 08:00:00,""BZN|NO3"",""Without Sequence"",""49.06"","""","""""
"19/03/2024 08:00:00 - 19/03/2024 09:00:00,""BZN|NO3"",""Without Sequence"",""50.58"","""","""""
"19/03/2024 09:00:00 - 19/03/2024 10:00:00,""BZN|NO3"",""Without Sequence"",""56.18"","""","""""
"19/03/2024 10:00:00 - 19/03/2024 11:00:00,""BZN|NO3"",""Without Sequence"",""61.12"","""","""""
"19/03/2024 11:00:00 - 19/03/2024 12:00:00,""BZN|NO3"",""Without Sequence"",""57.41"","""","""""
"19/03/2024 12:00:00 - 19/03/2024 13:00:00,""BZN|NO3"",""Without Sequence"",""54.47"","""","""""
"19/03/2024 13:00:00 - 19/03/2024 14:00:00,""BZN|NO3"",""Without Sequence"",""54.96"","""","""""
"19/03/2024 14:00:00 - 19/03/2024 15:00:00,""BZN|NO3"",""Without Sequence"",""54.90"","""","""""
"19/03/2024 15:00:00 - 19/03/2024 16:00:00,""BZN|NO3"",""Without Sequence"",""54.00"","""","""""
"19/03/2024 16:00:00 - 19/03/2024 17:00:00,""BZN|NO3"",""Without Sequence"",""51.41"","""","""""
"19/03/2024 17:00:00 - 19/03/2024 18:00:00,""BZN|NO3"",""Without Sequence"",""49.17"","""","""""
"19/03/2024 18:00:00 - 19/03/2024 19:00:00,""BZN|NO3"",""Without Sequence"",""47.70"","""","""""
"19/03/2024 19:00:00 - 19/03/2024 20:00:00,""BZN|NO3"",""Without Sequence"",""47.28"","""","""""
"19/03/2024 20:00:00 - 19/03/2024 21:00:00,""BZN|NO3"",""Without Sequence"",""45.19"","""","""""
"19/03/2024 21:00:00 - 19/03/2024 22:00:00,""BZN|NO3"",""Without Sequence"",""49.38"","""","""""
"19/03/2024 22:00:00 - 19/03/2024 23:00:00,""BZN|NO3"",""Without Sequence"",""47.58"","""","""""
"19/03/2024 23:00:00 - 20/03/2024 00:00:00,""BZN|NO3"",""Without Sequence"",""42.57"","""","""""
"20/03/2024 00:00:00 - 20/03/2024 01:00:00,""BZN|NO3"",""Without Sequence"",""46.05"","""","""""
"20/03/2024 01:00:00 - 20/03/2024 02:00:00,""BZN|NO3"",""Without Sequence"",""45.94"","""","""""
"20/03/2024 02:00:00 - 20/03/2024 03:00:00,""BZN|NO3"",""Without Sequence"",""46.62"","""","""""
"20/03/2024 03:00:00 - 20/03/2024 04:00:00,""BZN|NO3"",""Without Sequence"",""47.75"","""","""""
"20/03/2024 04:00:00 - 20/03/2024 05:00:00,""BZN|NO3"",""Without Sequence"",""50.15"","""","""""
"20/03/2024 05:00:00 - 20/03/2024 06:00:00,""BZN|NO3"",""Without Sequence"",""50.18"","""","""""
"20/03/2024 06:00:00 - 20/03/2024 07:00:00,""BZN|NO3"",""Without Sequence"",""56.46"","""","""""
"20/03/2024 07:00:00 - 20/03/2024 08:00:00,""BZN|NO3"",""Without Sequence"",""63.72"","""","""""
"20/03/2024 08:00:00 - 20/03/2024 09:00:00,""BZN|NO3"",""Without Sequence"",""68.40"","""","""""
"20/03/2024 09:00:00 - 20/03/2024 10:00:00,""BZN|NO3"",""Without Sequence"",""68.92"","""","""""
"20/03/2024 10:00:00 - 20/03/2024 11:00:00,""BZN|NO3"",""Without Sequence"",""65.21"","""","""""
"20/03/2024 11:00:00 - 20/03/2024 12:00:00,""BZN|NO3"",""Without Sequence"",""63.82"","""","""""
"20/03/2024 12:00:00 - 20/03/2024 13:00:00,""BZN|NO3"",""Without Sequence"",""59.96"","""","""""
"20/03/2024 13:00:00 - 20/03/2024 14:00:00,""BZN|NO3"",""Without Sequence"",""61.97"","""","""""
"20/03/2024 14:00:00 - 20/03/2024 15:00:00,""BZN|NO3"",""Without Sequence"",""62.81"","""","""""
"20/03/2024 15:00:00 - 20/03/2024 16:00:00,""BZN|NO3"",""Without Sequence"",""68.13"","""","""""
"20/03/2024 16:00:00 - 20/03/2024 17:00:00,""BZN|NO3"",""Without Sequence"",""73.52"","""","""""
"20/03/2024 17:00:00 - 20/03/2024 18:00:00,""BZN|NO3"",""Without Sequence"",""74.01"","""","""""
"20/03/2024 18:00:00 - 20/03/2024 19:00:00,""BZN|NO3"",""Without Sequence"",""68.30"","""","""""
"20/03/2024 19:00:00 - 20/03/2024 20:00:00,""BZN|NO3"",""Without Sequence"",""68.19"","""","""""
"20/03/2024 20:00:00 - 20/03/2024 21:00:00,""BZN|NO3"",""Without Sequence"",""65.02"","""","""""
"20/03/2024 21:00:00 - 20/03/2024 22:00:00,""BZN|NO3"",""Without Sequence"",""61.19"","""","""""
"20/03/2024 22:00:00 - 20/03/2024 23:00:00,""BZN|NO3"",""Without Sequence"",""59.31"","""","""""
"20/03/2024 23:00:00 - 21/03/2024 00:00:00,""BZN|NO3"",""Without Sequence"",""58.09"","""","""""
"21/03/2024 00:00:00 - 21/03/2024 01:00:00,""BZN|NO3"",""Without Sequence"",""59.41"","""","""""
"21/03/2024 01:00:00 - 21/03/2024 02:00:00,""BZN|NO3"",""Without Sequence"",""58.83"","""","""""
"21/03/2024 02:00:00 - 21/03/2024 03:00:00,""BZN|NO3"",""Without Sequence"",""58.02"","""","""""
"21/03/2024 03:00:00 - 21/03/2024 04:00:00,""BZN|NO3"",""Without Sequence"",""56.84"","""","""""
"21/03/2024 04:00:00 - 21/03/2024 05:00:00,""BZN|NO3"",""Without Sequence"",""57.33"","""","""""
"21/03/2024 05:00:00 - 21/03/2024 06:00:00,""BZN|NO3"",""Without Sequence"",""60.55"","""","""""
"21/03/2024 06:00:00 - 21/03/2024 07:00:00,""BZN|NO3"",""Without Sequence"",""57.81"","""","""""
"21/03/2024 07:00:00 - 21/03/2024 08:00:00,""BZN|NO3"",""Without Sequence"",""66.05"","""","""""
"21/03/2024 08:00:00 - 21/03/2024 09:00:00,""BZN|NO3"",""Without Sequence"",""73.10"","""","""""
"21/03/2024 09:00:00 - 21/03/2024 10:00:00,""BZN|NO3"",""Without Sequence"",""77.68"","""","""""
"21/03/2024 10:00:00 - 21/03/2024 11:00:00,""BZN|NO3"",""Without Sequence"",""72.41"","""","""""
"21/03/2024 11:00:00 - 21/03/2024 12:00:00,""BZN|NO3"",""Without Sequence"",""66.40"","""","""""
"21/03/2024 12:00:00 - 21/03/2024 13:00:00,""BZN|NO3"",""Without Sequence"",""63.06"","""","""""
"21/03/2024 13:00:00 - 21/03/2024 14:00:00,""BZN|NO3"",""Without Sequence"",""59.64"","""","""""
"21/03/2024 14:00:00 - 21/03/2024 15:00:00,""BZN|NO3"",""Without Sequence"",""65.24"","""","""""
"21/03/2024 15:00:00 - 21/03/2024 16:00:00,""BZN|NO3"",""Without Sequence"",""64.69"","""","""""
"21/03/2024 16:00:00 - 21/03/2024 17:00:00,""BZN|NO3"",""Without Sequence"",""61.76"","""","""""
"21/03/2024 17:00:00 - 21/03/2024 18:00:00,""BZN|NO3"",""Without Sequence"",""57.81"","""","""""
"21/03/2024 18:00:00 - 21/03/2024 19:00:00,""BZN|NO3"",""Without Sequence"",""56.20"","""","""""
"21/03/2024 19:00:00 - 21/03/2024 20:00:00,""BZN|NO3"",""Without Sequence"",""50.48"","""","""""
"21/03/2024 20:00:00 - 21/03/2024 21:00:00,""BZN|NO3"",""Without Sequence"",""48.56"","""","""""
"21/03/2024 21:00:00 - 21/03/2024 22:00:00,""BZN|NO3"",""Without Sequence"",""46.14"","""","""""
"21/03/2024 22:00:00 - 21/03/2024 23:00:00,""BZN|NO3"",""Without Sequence"",""43.94"","""","""""
"21/03/2024 23:00:00 - 22/03/2024 00:00:00,""BZN|NO3"",""Without Sequence"",""41.02"","""","""""
"22/03/2024 00:00:00 - 22/03/2024 01:00:00,""BZN|NO3"",""Without Sequence"",""37.68"","""","""""
"22/03/2024 01:00:00 - 22/03/2024 02:00:00,""BZN|NO3"",""Without Sequence"",""34.26"","""","""""
"22/03/2024 02:00:00 - 22/03/2024 03:00:00,""BZN|NO3"",""Without Sequence"",""32.24"","""","""""
"22/03/2024 03:00:00 - 22/03/2024 04:00:00,""BZN|NO3"",""Without Sequence"",""28.92"","""","""""
"22/03/2024 04:00:00 - 22/03/2024 05:00:00,""BZN|NO3"",""Without Sequence"",""31.92"","""","""""
"22/03/2024 05:00:00 - 22/03/2024 06:00:00,""BZN|NO3"",""Without Sequence"",""36.94"","""","""""
"22/03/2024 06:00:00 - 22/03/2024 07:00:00,""BZN|NO3"",""Without Sequence"",""42.32"","""","""""
"22/03/2024 07:00:00 - 22/03/2024 08:00:00,""BZN|NO3"",""Without Sequence"",""48.05"","""","""""
"22/03/2024 08:00:00 - 22/03/2024 09:00:00,""BZN|NO3"",""Without Sequence"",""53.23"","""","""""
"22/03/2024 09:00:00 - 22/03/2024 10:00:00,""BZN|NO3"",""Without Sequence"",""54.97"","""","""""
"22/03/2024 10:00:00 - 22/03/2024 11:00:00,""BZN|NO3"",""Without Sequence"",""51.28"","""","""""
"22/03/2024 11:00:00 - 22/03/2024 12:00:00,""BZN|NO3"",""Without Sequence"",""48.80"","""","""""
"22/03/2024 12:00:00 - 22/03/2024 13:00:00,""BZN|NO3"",""Without Sequence"",""48.60"","""","""""
"22/03/2024 13:00:00 - 22/03/2024 14:00:00,""BZN|NO3"",""Without Sequence"",""50.26"","""","""""
"22/03/2024 14:00:00 - 22/03/2024 15:00:00,""BZN|NO3"",""Without Sequence"",""48.75"","""","""""
"22/03/2024 15:00:00 - 22/03/2024 16:00:00,""BZN|NO3"",""Without Sequence"",""49.81"","""","""""
"22/03/2024 16:00:00 - 22/03/2024 17:00:00,""BZN|NO3"",""Without Sequence"",""53.42"","""","""""
"22/03/2024 17:00:00 - 22/03/2024 18:00:00,""BZN|NO3"",""Without Sequence"",""58.03"","""","""""
"22/03/2024 18:00:00 - 22/03/2024 19:00:00,""BZN|NO3"",""Without Sequence"",""59.51"","""","""""
"22/03/2024 19:00:00 - 22/03/2024 20:00:00,""BZN|NO3"",""Without Sequence"",""59.73"","""","""""
"22/03/2024 20:00:00 - 22/03/2024 21:00:00,""BZN|NO3"",""Without Sequence"",""54.03"","""","""""
"22/03/2024 21:00:00 - 22/03/2024 22:00:00,""BZN|NO3"",""Without Sequence"",""50.64"","""","""""
"22/03/2024 22:00:00 - 22/03/2024 23:00:00,""BZN|NO3"",""Without Sequence"",""49.48"","""","""""
"22/03/2024 23:00:00 - 23/03/2024 00:00:00,""BZN|NO3"",""Without Sequence"",""46.58"","""","""""
"23/03/2024 00:00:00 - 23/03/2024 01:00:00,""BZN|NO3"",""Without Sequence"",""36.79"","""","""""
"23/03/2024 01:00:00 - 23/03/2024 02:00:00,""BZN|NO3"",""Without Sequence"",""37.30"","""","""""
"23/03/2024 02:00:00 - 23/03/2024 03:00:00,""BZN|NO3"",""Without Sequence"",""36.91"","""","""""
"23/03/2024 03:00:00 - 23/03/2024 04:00:00,""BZN|NO3"",""Without Sequence"",""37.91"","""","""""
"23/03/2024 04:00:00 - 23/03/2024 05:00:00,""BZN|NO3"",""Without Sequence"",""38.03"","""","""""
"23/03/2024 05:00:00 - 23/03/2024 06:00:00,""BZN|NO3"",""Without Sequence"",""38.11"","""","""""
"23/03/2024 06:00:00 - 23/03/2024 07:00:00,""BZN|NO3"",""Without Sequence"",""41.95"","""","""""
"23/03/2024 07:00:00 - 23/03/2024 08:00:00,""BZN|NO3"",""Without Sequence"",""43.48"","""","""""
"23/03/2024 08:00:00 - 23/03/2024 09:00:00,""BZN|NO3"",""Without Sequence"",""37.72"","""","""""
"23/03/2024 09:00:00 - 23/03/2024 10:00:00,""BZN|NO3"",""Without Sequence"",""24.83"","""","""""
"23/03/2024 10:00:00 - 23/03/2024 11:00:00,""BZN|NO3"",""Without Sequence"",""28.19"","""","""""
"23/03/2024 11:00:00 - 23/03/2024 12:00:00,""BZN|NO3"",""Without Sequence"",""29.47"","""","""""
"23/03/2024 12:00:00 - 23/03/2024 13:00:00,""BZN|NO3"",""Without Sequence"",""29.08"","""","""""
"23/03/2024 13:00:00 - 23/03/2024 14:00:00,""BZN|NO3"",""Without Sequence"",""30.62"","""","""""
"23/03/2024 14:00:00 - 23/03/2024 15:00:00,""BZN|NO3"",""Without Sequence"",""35.52"","""","""""
"23/03/2024 15:00:00 - 23/03/2024 16:00:00,""BZN|NO3"",""Without Sequence"",""40.00"","""","""""
"23/03/2024 16:00:00 - 23/03/2024 17:00:00,""BZN|NO3"",""Without Sequence"",""39.97"","""","""""
"23/03/2024 17:00:00 - 23/03/2024 18:00:00,""BZN|NO3"",""Without Sequence"",""48.29"","""","""""
"23/03/2024 18:00:00 - 23/03/2024 19:00:00,""BZN|NO3"",""Without Sequence"",""54.89"","""","""""
"23/03/2024 19:00:00 - 23/03/2024 20:00:00,""BZN|NO3"",""Without Sequence"",""58.64"","""","""""
"23/03/2024 20:00:00 - 23/03/2024 21:00:00,""BZN|NO3"",""Without Sequence"",""51.81"","""","""""
"23/03/2024 21:00:00 - 23/03/2024 22:00:00,""BZN|NO3"",""Without Sequence"",""46.97"","""","""""
"23/03/2024 22:00:00 - 23/03/2024 23:00:00,""BZN|NO3"",""Without Sequence"",""43.93"","""","""""
"23/03/2024 23:00:00 - 24/03/2024 00:00:00,""BZN|NO3"",""Without Sequence"",""40.36"","""","""""
"24/03/2024 00:00:00 - 24/03/2024 01:00:00,""BZN|NO3"",""Without Sequence"",""52.60"","""","""""
"24/03/2024 01:00:00 - 24/03/2024 02:00:00,""BZN|NO3"",""Without Sequence"",""51.46"","""","""""
"24/03/2024 02:00:00 - 24/03/2024 03:00:00,""BZN|NO3"",""Without Sequence"",""51.57"","""","""""
"24/03/2024 03:00:00 - 24/03/2024 04:00:00,""BZN|NO3"",""Without Sequence"",""51.59"","""","""""
"24/03/2024 04:00:00 - 24/03/2024 05:00:00,""BZN|NO3"",""Without Sequence"",""51.89"","""","""""
"24/03/2024 05:00:00 - 24/03/2024 06:00:00,""BZN|NO3"",""Without Sequence"",""53.03"","""","""""
"24/03/2024 06:00:00 - 24/03/2024 07:00:00,""BZN|NO3"",""Without Sequence"",""53.38"","""","""""
"24/03/2024 07:00:00 - 24/03/2024 08:00:00,""BZN|NO3"",""Without Sequence"",""53.48"","""","""""
"24/03/2024 08:00:00 - 24/03/2024 09:00:00,""BZN|NO3"",""Without Sequence"",""53.86"","""","""""
"24/03/2024 09:00:00 - 24/03/2024 10:00:00,""BZN|NO3"",""Without Sequence"",""56.52"","""","""""
"24/03/2024 10:00:00 - 24/03/2024 11:00:00,""BZN|NO3"",""Without Sequence"",""56.14"","""","""""
"24/03/2024 11:00:00 - 24/03/2024 12:00:00,""BZN|NO3"",""Without Sequence"",""55.39"","""","""""
"24/03/2024 12:00:00 - 24/03/2024 13:00:00,""BZN|NO3"",""Without Sequence"",""52.80"","""","""""
"24/03/2024 13:00:00 - 24/03/2024 14:00:00,""BZN|NO3"",""Without Sequence"",""49.24"","""","""""
"24/03/2024 14:00:00 - 24/03/2024 15:00:00,""BZN|NO3"",""Without Sequence"",""49.53"","""","""""
"24/03/2024 15:00:00 - 24/03/2024 16:00:00,""BZN|NO3"",""Without Sequence"",""51.23"","""","""""
"24/03/2024 16:00:00 - 24/03/2024 17:00:00,""BZN|NO3"",""Without Sequence"",""54.90"","""","""""
"24/03/2024 17:00:00 - 24/03/2024 18:00:00,""BZN|NO3"",""Without Sequence"",""59.40"","""","""""
"24/03/2024 18:00:00 - 24/03/2024 19:00:00,""BZN|NO3"",""Without Sequence"",""75.00"","""","""""
"24/03/2024 19:00:00 - 24/03/2024 20:00:00,""BZN|NO3"",""Without Sequence"",""74.90"","""","""""
"24/03/2024 20:00:00 - 24/03/2024 21:00:00,""BZN|NO3"",""Without Sequence"",""66.90"","""","""""
"24/03/2024 21:00:00 - 24/03/2024 22:00:00,""BZN|NO3"",""Without Sequence"",""64.77"","""","""""
"24/03/2024 22:00:00 - 24/03/2024 23:00:00,""BZN|NO3"",""Without Sequence"",""64.27"","""","""""
"24/03/2024 23:00:00 - 25/03/2024 00:00:00,""BZN|NO3"",""Without Sequence"",""62.20"","""","""""
"25/03/2024 00:00:00 - 25/03/2024 01:00:00,""BZN|NO3"",""Without Sequence"",""62.51"","""","""""
"25/03/2024 01:00:00 - 25/03/2024 02:00:00,""BZN|NO3"",""Without Sequence"",""62.29"","""","""""
"25/03/2024 02:00:00 - 25/03/2024 03:00:00,""BZN|NO3"",""Without Sequence"",""61.97"","""","""""
"25/03/2024 03:00:00 - 25/03/2024 04:00:00,""BZN|NO3"",""Without Sequence"",""63.95"","""","""""
"25/03/2024 04:00:00 - 25/03/2024 05:00:00,""BZN|NO3"",""Without Sequence"",""66.96"","""","""""
"25/03/2024 05:00:00 - 25/03/2024 06:00:00,""BZN|NO3"",""Without Sequence"",""77.14"","""","""""
"25/03/2024 06:00:00 - 25/03/2024 07:00:00,""BZN|NO3"",""Without Sequence"",""88.43"","""","""""
"25/03/2024 07:00:00 - 25/03/2024 08:00:00,""BZN|NO3"",""Without Sequence"",""113.87"","""","""""
"25/03/2024 08:00:00 - 25/03/2024 09:00:00,""BZN|NO3"",""Without Sequence"",""99.68"","""","""""
"25/03/2024 09:00:00 - 25/03/2024 10:00:00,""BZN|NO3"",""Without Sequence"",""77.43"","""","""""
"25/03/2024 10:00:00 - 25/03/2024 11:00:00,""BZN|NO3"",""Without Sequence"",""70.05"","""","""""
"25/03/2024 11:00:00 - 25/03/2024 12:00:00,""BZN|NO3"",""Without Sequence"",""63.66"","""","""""
"25/03/2024 12:00:00 - 25/03/2024 13:00:00,""BZN|NO3"",""Without Sequence"",""61.85"","""","""""
"25/03/2024 13:00:00 - 25/03/2024 14:00:00,""BZN|NO3"",""Without Sequence"",""63.22"","""","""""
"25/03/2024 14:00:00 - 25/03/2024 15:00:00,""BZN|NO3"",""Without Sequence"",""64.52"","""","""""
"25/03/2024 15:00:00 - 25/03/2024 16:00:00,""BZN|NO3"",""Without Sequence"",""73.97"","""","""""
"25/03/2024 16:00:00 - 25/03/2024 17:00:00,""BZN|NO3"",""Without Sequence"",""81.05"","""","""""
"25/03/2024 17:00:00 - 25/03/2024 18:00:00,""BZN|NO3"",""Without Sequence"",""111.88"","""","""""
"25/03/2024 18:00:00 - 25/03/2024 19:00:00,""BZN|NO3"",""Without Sequence"",""172.15"","""","""""
"25/03/2024 19:00:00 - 25/03/2024 20:00:00,""BZN|NO3"",""Without Sequence"",""149.75"","""","""""
"25/03/2024 20:00:00 - 25/03/2024 21:00:00,""BZN|NO3"",""Without Sequence"",""100.27"","""","""""
"25/03/2024 21:00:00 - 25/03/2024 22:00:00,""BZN|NO3"",""Without Sequence"",""82.39"","""","""""
"25/03/2024 22:00:00 - 25/03/2024 23:00:00,""BZN|NO3"",""Without Sequence"",""79.56"","""","""""
"25/03/2024 23:00:00 - 26/03/2024 00:00:00,""BZN|NO3"",""Without Sequence"",""74.74"","""","""""
"26/03/2024 00:00:00 - 26/03/2024 01:00:00,""BZN|NO3"",""Without Sequence"",""72.15"","""","""""
"26/03/2024 01:00:00 - 26/03/2024 02:00:00,""BZN|NO3"",""Without Sequence"",""70.15"","""","""""
"26/03/2024 02:00:00 - 26/03/2024 03:00:00,""BZN|NO3"",""Without Sequence"",""67.26"","""","""""
"26/03/2024 03:00:00 - 26/03/2024 04:00:00,""BZN|NO3"",""Without Sequence"",""66.35"","""","""""
"26/03/2024 04:00:00 - 26/03/2024 05:00:00,""BZN|NO3"",""Without Sequence"",""68.39"","""","""""
"26/03/2024 05:00:00 - 26/03/2024 06:00:00,""BZN|NO3"",""Without Sequence"",""70.84"","""","""""
"26/03/2024 06:00:00 - 26/03/2024 07:00:00,""BZN|NO3"",""Without Sequence"",""72.92"","""","""""
"26/03/2024 07:00:00 - 26/03/2024 08:00:00,""BZN|NO3"",""Without Sequence"",""79.20"","""","""""
"26/03/2024 08:00:00 - 26/03/2024 09:00:00,""BZN|NO3"",""Without Sequence"",""72.10"","""","""""
"26/03/2024 09:00:00 - 26/03/2024 10:00:00,""BZN|NO3"",""Without Sequence"",""61.76"","""","""""
"26/03/2024 10:00:00 - 26/03/2024 11:00:00,""BZN|NO3"",""Without Sequence"",""59.70"","""","""""
"26/03/2024 11:00:00 - 26/03/2024 12:00:00,""BZN|NO3"",""Without Sequence"",""59.93"","""","""""
"26/03/2024 12:00:00 - 26/03/2024 13:00:00,""BZN|NO3"",""Without Sequence"",""57.48"","""","""""
"26/03/2024 13:00:00 - 26/03/2024 14:00:00,""BZN|NO3"",""Without Sequence"",""57.29"","""","""""
"26/03/2024 14:00:00 - 26/03/2024 15:00:00,""BZN|NO3"",""Without Sequence"",""57.25"","""","""""
"26/03/2024 15:00:00 - 26/03/2024 16:00:00,""BZN|NO3"",""Without Sequence"",""57.28"","""","""""
"26/03/2024 16:00:00 - 26/03/2024 17:00:00,""BZN|NO3"",""Without Sequence"",""63.69"","""","""""
"26/03/2024 17:00:00 - 26/03/2024 18:00:00,""BZN|NO3"",""Without Sequence"",""66.59"","""","""""
"26/03/2024 18:00:00 - 26/03/2024 19:00:00,""BZN|NO3"",""Without Sequence"",""63.43"","""","""""
"26/03/2024 19:00:00 - 26/03/2024 20:00:00,""BZN|NO3"",""Without Sequence"",""59.86"","""","""""
"26/03/2024 20:00:00 - 26/03/2024 21:00:00,""BZN|NO3"",""Without Sequence"",""58.36"","""","""""
"26/03/2024 21:00:00 - 26/03/2024 22:00:00,""BZN|NO3"",""Without Sequence"",""58.01"","""","""""
"26/03/2024 22:00:00 - 26/03/2024 23:00:00,""BZN|NO3"",""Without Sequence"",""56.65"","""","""""
"26/03/2024 23:00:00 - 27/03/2024 00:00:00,""BZN|NO3"",""Without Sequence"",""55.17"","""","""""
"27/03/2024 00:00:00 - 27/03/2024 01:00:00,""BZN|NO3"",""Without Sequence"",""50.55"","""","""""
"27/03/2024 01:00:00 - 27/03/2024 02:00:00,""BZN|NO3"",""Without Sequence"",""48.42"","""","""""
"27/03/2024 02:00:00 - 27/03/2024 03:00:00,""BZN|NO3"",""Without Sequence"",""46.48"","""","""""
"27/03/2024 03:00:00 - 27/03/2024 04:00:00,""BZN|NO3"",""Without Sequence"",""46.46"","""","""""
"27/03/2024 04:00:00 - 27/03/2024 05:00:00,""BZN|NO3"",""Without Sequence"",""46.97"","""","""""
"27/03/2024 05:00:00 - 27/03/2024 06:00:00,""BZN|NO3"",""Without Sequence"",""47.69"","""","""""
"27/03/2024 06:00:00 - 27/03/2024 07:00:00,""BZN|NO3"",""Without Sequence"",""56.89"","""","""""
"27/03/2024 07:00:00 - 27/03/2024 08:00:00,""BZN|NO3"",""Without Sequence"",""58.91"","""","""""
"27/03/2024 08:00:00 - 27/03/2024 09:00:00,""BZN|NO3"",""Without Sequence"",""61.80"","""","""""
"27/03/2024 09:00:00 - 27/03/2024 10:00:00,""BZN|NO3"",""Without Sequence"",""61.39"","""","""""
"27/03/2024 10:00:00 - 27/03/2024 11:00:00,""BZN|NO3"",""Without Sequence"",""63.20"","""","""""
"27/03/2024 11:00:00 - 27/03/2024 12:00:00,""BZN|NO3"",""Without Sequence"",""62.46"","""","""""
"27/03/2024 12:00:00 - 27/03/2024 13:00:00,""BZN|NO3"",""Without Sequence"",""63.24"","""","""""
"27/03/2024 13:00:00 - 27/03/2024 14:00:00,""BZN|NO3"",""Without Sequence"",""63.22"","""","""""
"27/03/2024 14:00:00 - 27/03/2024 15:00:00,""BZN|NO3"",""Without Sequence"",""61.67"","""","""""
"27/03/2024 15:00:00 - 27/03/2024 16:00:00,""BZN|NO3"",""Without Sequence"",""60.95"","""","""""
"27/03/2024 16:00:00 - 27/03/2024 17:00:00,""BZN|NO3"",""Without Sequence"",""60.94"","""","""""
"27/03/2024 17:00:00 - 27/03/2024 18:00:00,""BZN|NO3"",""Without Sequence"",""60.91"","""","""""
"27/03/2024 18:00:00 - 27/03/2024 19:00:00,""BZN|NO3"",""Without Sequence"",""60.53"","""","""""
"27/03/2024 19:00:00 - 27/03/2024 20:00:00,""BZN|NO3"",""Without Sequence"",""60.34"","""","""""
"27/03/2024 20:00:00 - 27/03/2024 21:00:00,""BZN|NO3"",""Without Sequence"",""59.03"","""","""""
"27/03/2024 21:00:00 - 27/03/2024 22:00:00,""BZN|NO3"",""Without Sequence"",""56.59"","""","""""
"27/03/2024 22:00:00 - 27/03/2024 23:00:00,""BZN|NO3"",""Without Sequence"",""48.25"","""","""""
"27/03/2024 23:00:00 - 28/03/2024 00:00:00,""BZN|NO3"",""Without Sequence"",""51.79"","""","""""
"28/03/2024 00:00:00 - 28/03/2024 01:00:00,""BZN|NO3"",""Without Sequence"",""39.56"","""","""""
"28/03/2024 01:00:00 - 28/03/2024 02:00:00,""BZN|NO3"",""Without Sequence"",""40.71"","""","""""
"28/03/2024 02:00:00 - 28/03/2024 03:00:00,""BZN|NO3"",""Without Sequence"",""47.20"","""","""""
"28/03/2024 03:00:00 - 28/03/2024 04:00:00,""BZN|NO3"",""Without Sequence"",""56.46"","""","""""
"28/03/2024 04:00:00 - 28/03/2024 05:00:00,""BZN|NO3"",""Without Sequence"",""55.74"","""","""""
"28/03/2024 05:00:00 - 28/03/2024 06:00:00,""BZN|NO3"",""Without Sequence"",""56.46"","""","""""
"28/03/2024 06:00:00 - 28/03/2024 07:00:00,""BZN|NO3"",""Without Sequence"",""57.66"","""","""""
"28/03/2024 07:00:00 - 28/03/2024 08:00:00,""BZN|NO3"",""Without Sequence"",""59.00"","""","""""
"28/03/2024 08:00:00 - 28/03/2024 09:00:00,""BZN|NO3"",""Without Sequence"",""57.73"","""","""""
"28/03/2024 09:00:00 - 28/03/2024 10:00:00,""BZN|NO3"",""Without Sequence"",""56.28"","""","""""
"28/03/2024 10:00:00 - 28/03/2024 11:00:00,""BZN|NO3"",""Without Sequence"",""54.03"","""","""""
"28/03/2024 11:00:00 - 28/03/2024 12:00:00,""BZN|NO3"",""Without Sequence"",""51.82"","""","""""
"28/03/2024 12:00:00 - 28/03/2024 13:00:00,""BZN|NO3"",""Without Sequence"",""50.75"","""","""""
"28/03/2024 13:00:00 - 28/03/2024 14:00:00,""BZN|NO3"",""Without Sequence"",""49.66"","""","""""
"28/03/2024 14:00:00 - 28/03/2024 15:00:00,""BZN|NO3"",""Without Sequence"",""49.43"","""","""""
"28/03/2024 15:00:00 - 28/03/2024 16:00:00,""BZN|NO3"",""Without Sequence"",""37.10"","""","""""
"28/03/2024 16:00:00 - 28/03/2024 17:00:00,""BZN|NO3"",""Without Sequence"",""36.23"","""","""""
"28/03/2024 17:00:00 - 28/03/2024 18:00:00,""BZN|NO3"",""Without Sequence"",""44.33"","""","""""
"28/03/2024 18:00:00 - 28/03/2024 19:00:00,""BZN|NO3"",""Without Sequence"",""43.69"","""","""""
"28/03/2024 19:00:00 - 28/03/2024 20:00:00,""BZN|NO3"",""Without Sequence"",""42.52"","""","""""
"28/03/2024 20:00:00 - 28/03/2024 21:00:00,""BZN|NO3"",""Without Sequence"",""38.92"","""","""""
"28/03/2024 21:00:00 - 28/03/2024 22:00:00,""BZN|NO3"",""Without Sequence"",""36.10"","""","""""
"28/03/2024 22:00:00 - 28/03/2024 23:00:00,""BZN|NO3"",""Without Sequence"",""31.12"","""","""""
"28/03/2024 23:00:00 - 29/03/2024 00:00:00,""BZN|NO3"",""Without Sequence"",""24.08"","""","""""
"29/03/2024 00:00:00 - 29/03/2024 01:00:00,""BZN|NO3"",""Without Sequence"",""23.29"","""","""""
"29/03/2024 01:00:00 - 29/03/2024 02:00:00,""BZN|NO3"",""Without Sequence"",""22.93"","""","""""
"29/03/2024 02:00:00 - 29/03/2024 03:00:00,""BZN|NO3"",""Without Sequence"",""22.66"","""","""""
"29/03/2024 03:00:00 - 29/03/2024 04:00:00,""BZN|NO3"",""Without Sequence"",""22.47"","""","""""
"29/03/2024 04:00:00 - 29/03/2024 05:00:00,""BZN|NO3"",""Without Sequence"",""22.43"","""","""""
"29/03/2024 05:00:00 - 29/03/2024 06:00:00,""BZN|NO3"",""Without Sequence"",""22.35"","""","""""
"29/03/2024 06:00:00 - 29/03/2024 07:00:00,""BZN|NO3"",""Without Sequence"",""22.63"","""","""""
"29/03/2024 07:00:00 - 29/03/2024 08:00:00,""BZN|NO3"",""Without Sequence"",""23.01"","""","""""
"29/03/2024 08:00:00 - 29/03/2024 09:00:00,""BZN|NO3"",""Without Sequence"",""23.27"","""","""""
"29/03/2024 09:00:00 - 29/03/2024 10:00:00,""BZN|NO3"",""Without Sequence"",""23.62"","""","""""
"29/03/2024 10:00:00 - 29/03/2024 11:00:00,""BZN|NO3"",""Without Sequence"",""23.79"","""","""""
"29/03/2024 11:00:00 - 29/03/2024 12:00:00,""BZN|NO3"",""Without Sequence"",""23.59"","""","""""
"29/03/2024 12:00:00 - 29/03/2024 13:00:00,""BZN|NO3"",""Without Sequence"",""23.58"","""","""""
"29/03/2024 13:00:00 - 29/03/2024 14:00:00,""BZN|NO3"",""Without Sequence"",""23.63"","""","""""
"29/03/2024 14:00:00 - 29/03/2024 15:00:00,""BZN|NO3"",""Without Sequence"",""24.16"","""","""""
"29/03/2024 15:00:00 - 29/03/2024 16:00:00,""BZN|NO3"",""Without Sequence"",""42.12"","""","""""
"29/03/2024 16:00:00 - 29/03/2024 17:00:00,""BZN|NO3"",""Without Sequence"",""39.70"","""","""""
"29/03/2024 17:00:00 - 29/03/2024 18:00:00,""BZN|NO3"",""Without Sequence"",""42.32"","""","""""
"29/03/2024 18:00:00 - 29/03/2024 19:00:00,""BZN|NO3"",""Without Sequence"",""43.56"","""","""""
"29/03/2024 19:00:00 - 29/03/2024 20:00:00,""BZN|NO3"",""Without Sequence"",""45.00"","""","""""
"29/03/2024 20:00:00 - 29/03/2024 21:00:00,""BZN|NO3"",""Without Sequence"",""44.92"","""","""""
"29/03/2024 21:00:00 - 29/03/2024 22:00:00,""BZN|NO3"",""Without Sequence"",""49.91"","""","""""
"29/03/2024 22:00:00 - 29/03/2024 23:00:00,""BZN|NO3"",""Without Sequence"",""51.97"","""","""""
"29/03/2024 23:00:00 - 30/03/2024 00:00:00,""BZN|NO3"",""Without Sequence"",""54.99"","""","""""
"30/03/2024 00:00:00 - 30/03/2024 01:00:00,""BZN|NO3"",""Without Sequence"",""38.45"","""","""""
"30/03/2024 01:00:00 - 30/03/2024 02:00:00,""BZN|NO3"",""Without Sequence"",""38.82"","""","""""
"30/03/2024 02:00:00 - 30/03/2024 03:00:00,""BZN|NO3"",""Without Sequence"",""38.81"","""","""""
"30/03/2024 03:00:00 - 30/03/2024 04:00:00,""BZN|NO3"",""Without Sequence"",""44.93"","""","""""
"30/03/2024 04:00:00 - 30/03/2024 05:00:00,""BZN|NO3"",""Without Sequence"",""56.27"","""","""""
"30/03/2024 05:00:00 - 30/03/2024 06:00:00,""BZN|NO3"",""Without Sequence"",""56.29"","""","""""
"30/03/2024 06:00:00 - 30/03/2024 07:00:00,""BZN|NO3"",""Without Sequence"",""54.53"","""","""""
"30/03/2024 07:00:00 - 30/03/2024 08:00:00,""BZN|NO3"",""Without Sequence"",""52.62"","""","""""
"30/03/2024 08:00:00 - 30/03/2024 09:00:00,""BZN|NO3"",""Without Sequence"",""51.91"","""","""""
"30/03/2024 09:00:00 - 30/03/2024 10:00:00,""BZN|NO3"",""Without Sequence"",""51.85"","""","""""
"30/03/2024 10:00:00 - 30/03/2024 11:00:00,""BZN|NO3"",""Without Sequence"",""51.83"","""","""""
"30/03/2024 11:00:00 - 30/03/2024 12:00:00,""BZN|NO3"",""Without Sequence"",""51.45"","""","""""
"30/03/2024 12:00:00 - 30/03/2024 13:00:00,""BZN|NO3"",""Without Sequence"",""49.66"","""","""""
"30/03/2024 13:00:00 - 30/03/2024 14:00:00,""BZN|NO3"",""Without Sequence"",""49.65"","""","""""
"30/03/2024 14:00:00 - 30/03/2024 15:00:00,""BZN|NO3"",""Without Sequence"",""48.92"","""","""""
"30/03/2024 15:00:00 - 30/03/2024 16:00:00,""BZN|NO3"",""Without Sequence"",""48.91"","""","""""
"30/03/2024 16:00:00 - 30/03/2024 17:00:00,""BZN|NO3"",""Without Sequence"",""51.29"","""","""""
"30/03/2024 17:00:00 - 30/03/2024 18:00:00,""BZN|NO3"",""Without Sequence"",""56.66"","""","""""
"30/03/2024 18:00:00 - 30/03/2024 19:00:00,""BZN|NO3"",""Without Sequence"",""57.49"","""","""""
"30/03/2024 19:00:00 - 30/03/2024 20:00:00,""BZN|NO3"",""Without Sequence"",""57.59"","""","""""
"30/03/2024 20:00:00 - 30/03/2024 21:00:00,""BZN|NO3"",""Without Sequence"",""57.51"","""","""""
"30/03/2024 21:00:00 - 30/03/2024 22:00:00,""BZN|NO3"",""Without Sequence"",""57.32"","""","""""
"30/03/2024 22:00:00 - 30/03/2024 23:00:00,""BZN|NO3"",""Without Sequence"",""57.45"","""","""""
"30/03/2024 23:00:00 - 31/03/2024 00:00:00,""BZN|NO3"",""Without Sequence"",""57.00"","""","""""
"31/03/2024 00:00:00 - 31/03/2024 01:00:00 (CET),""BZN|NO3"",""Without Sequence"",""57.18"","""","""""
"31/03/2024 01:00:00 (CET) - 31/03/2024 03:00:00 (CEST),""BZN|NO3"",""Without Sequence"",""56.96"","""","""""
"31/03/2024 03:00:00 (CEST) - 31/03/2024 04:00:00,""BZN|NO3"",""Without Sequence"",""56.84"","""","""""
"31/03/2024 04:00:00 - 31/03/2024 05:00:00,""BZN|NO3"",""Without Sequence"",""56.85"","""","""""
"31/03/2024 05:00:00 - 31/03/2024 06:00:00,""BZN|NO3"",""Without Sequence"",""56.92"","""","""""
"31/03/2024 06:00:00 - 31/03/2024 07:00:00,""BZN|NO3"",""Without Sequence"",""57.12"","""","""""
"31/03/2024 07:00:00 - 31/03/2024 08:00:00,""BZN|NO3"",""Without Sequence"",""56.98"","""","""""
"31/03/2024 08:00:00 - 31/03/2024 09:00:00,""BZN|NO3"",""Without Sequence"",""56.21"","""","""""
"31/03/2024 09:00:00 - 31/03/2024 10:00:00,""BZN|NO3"",""Without Sequence"",""53.84"","""","""""
"31/03/2024 10:00:00 - 31/03/2024 11:00:00,""BZN|NO3"",""Without Sequence"",""50.64"","""","""""
"31/03/2024 11:00:00 - 31/03/2024 12:00:00,""BZN|NO3"",""Without Sequence"",""50.73"","""","""""
"31/03/2024 12:00:00 - 31/03/2024 13:00:00,""BZN|NO3"",""Without Sequence"",""50.76"","""","""""
"31/03/2024 13:00:00 - 31/03/2024 14:00:00,""BZN|NO3"",""Without Sequence"",""50.79"","""","""""
"31/03/2024 14:00:00 - 31/03/2024 15:00:00,""BZN|NO3"",""Without Sequence"",""53.10"","""","""""
"31/03/2024 15:00:00 - 31/03/2024 16:00:00,""BZN|NO3"",""Without Sequence"",""55.23"","""","""""
"31/03/2024 16:00:00 - 31/03/2024 17:00:00,""BZN|NO3"",""Without Sequence"",""55.42"","""","""""
"31/03/2024 17:00:00 - 31/03/2024 18:00:00,""BZN|NO3"",""Without Sequence"",""55.11"","""","""""
"31/03/2024 18:00:00 - 31/03/2024 19:00:00,""BZN|NO3"",""Without Sequence"",""57.62"","""","""""
"31/03/2024 19:00:00 - 31/03/2024 20:00:00,""BZN|NO3"",""Without Sequence"",""58.60"","""","""""
"31/03/2024 20:00:00 - 31/03/2024 21:00:00,""BZN|NO3"",""Without Sequence"",""58.66"","""","""""
"31/03/2024 21:00:00 - 31/03/2024 22:00:00,""BZN|NO3"",""Without Sequence"",""58.40"","""","""""
"31/03/2024 22:00:00 - 31/03/2024 23:00:00,""BZN|NO3"",""Without Sequence"",""57.64"","""","""""
"31/03/2024 23:00:00 - 01/04/2024 00:00:00,""BZN|NO3"",""Without Sequence"",""55.31"","""","""""
"01/04/2024 00:00:00 - 01/04/2024 01:00:00,""BZN|NO3"",""Without Sequence"",""53.18"","""","""""
"01/04/2024 01:00:00 - 01/04/2024 02:00:00,""BZN|NO3"",""Without Sequence"",""49.65"","""","""""
"01/04/2024 02:00:00 - 01/04/2024 03:00:00,""BZN|NO3"",""Without Sequence"",""47.90"","""","""""
"01/04/2024 03:00:00 - 01/04/2024 04:00:00,""BZN|NO3"",""Without Sequence"",""47.63"","""","""""
"01/04/2024 04:00:00 - 01/04/2024 05:00:00,""BZN|NO3"",""Without Sequence"",""39.56"","""","""""
"01/04/2024 05:00:00 - 01/04/2024 06:00:00,""BZN|NO3"",""Without Sequence"",""36.49"","""","""""
"01/04/2024 06:00:00 - 01/04/2024 07:00:00,""BZN|NO3"",""Without Sequence"",""36.88"","""","""""
"01/04/2024 07:00:00 - 01/04/2024 08:00:00,""BZN|NO3"",""Without Sequence"",""40.25"","""","""""
"01/04/2024 08:00:00 - 01/04/2024 09:00:00,""BZN|NO3"",""Without Sequence"",""42.37"","""","""""
"01/04/2024 09:00:00 - 01/04/2024 10:00:00,""BZN|NO3"",""Without Sequence"",""50.30"","""","""""
"01/04/2024 10:00:00 - 01/04/2024 11:00:00,""BZN|NO3"",""Without Sequence"",""54.11"","""","""""
"01/04/2024 11:00:00 - 01/04/2024 12:00:00,""BZN|NO3"",""Without Sequence"",""49.83"","""","""""
"01/04/2024 12:00:00 - 01/04/2024 13:00:00,""BZN|NO3"",""Without Sequence"",""48.86"","""","""""
"01/04/2024 13:00:00 - 01/04/2024 14:00:00,""BZN|NO3"",""Without Sequence"",""48.99"","""","""""
"01/04/2024 14:00:00 - 01/04/2024 15:00:00,""BZN|NO3"",""Without Sequence"",""48.86"","""","""""
"01/04/2024 15:00:00 - 01/04/2024 16:00:00,""BZN|NO3"",""Without Sequence"",""48.86"","""","""""
"01/04/2024 16:00:00 - 01/04/2024 17:00:00,""BZN|NO3"",""Without Sequence"",""48.72"","""","""""
"01/04/2024 17:00:00 - 01/04/2024 18:00:00,""BZN|NO3"",""Without Sequence"",""48.74"","""","""""
"01/04/2024 18:00:00 - 01/04/2024 19:00:00,""BZN|NO3"",""Without Sequence"",""48.86"","""","""""
"01/04/2024 19:00:00 - 01/04/2024 20:00:00,""BZN|NO3"",""Without Sequence"",""50.08"","""","""""
"01/04/2024 20:00:00 - 01/04/2024 21:00:00,""BZN|NO3"",""Without Sequence"",""51.48"","""","""""
"01/04/2024 21:00:00 - 01/04/2024 22:00:00,""BZN|NO3"",""Without Sequence"",""48.99"","""","""""
"01/04/2024 22:00:00 - 01/04/2024 23:00:00,""BZN|NO3"",""Without Sequence"",""48.86"","""","""""
"01/04/2024 23:00:00 - 02/04/2024 00:00:00,""BZN|NO3"",""Without Sequence"",""48.85"","""","""""
"02/04/2024 00:00:00 - 02/04/2024 01:00:00,""BZN|NO3"",""Without Sequence"",""45.12"","""","""""
"02/04/2024 01:00:00 - 02/04/2024 02:00:00,""BZN|NO3"",""Without Sequence"",""42.56"","""","""""
"02/04/2024 02:00:00 - 02/04/2024 03:00:00,""BZN|NO3"",""Without Sequence"",""44.83"","""","""""
"02/04/2024 03:00:00 - 02/04/2024 04:00:00,""BZN|NO3"",""Without Sequence"",""44.88"","""","""""
"02/04/2024 04:00:00 - 02/04/2024 05:00:00,""BZN|NO3"",""Without Sequence"",""45.21"","""","""""
"02/04/2024 05:00:00 - 02/04/2024 06:00:00,""BZN|NO3"",""Without Sequence"",""46.62"","""","""""
"02/04/2024 06:00:00 - 02/04/2024 07:00:00,""BZN|NO3"",""Without Sequence"",""50.58"","""","""""
"02/04/2024 07:00:00 - 02/04/2024 08:00:00,""BZN|NO3"",""Without Sequence"",""55.59"","""","""""
"02/04/2024 08:00:00 - 02/04/2024 09:00:00,""BZN|NO3"",""Without Sequence"",""56.05"","""","""""
"02/04/2024 09:00:00 - 02/04/2024 10:00:00,""BZN|NO3"",""Without Sequence"",""51.96"","""","""""
"02/04/2024 10:00:00 - 02/04/2024 11:00:00,""BZN|NO3"",""Without Sequence"",""50.24"","""","""""
"02/04/2024 11:00:00 - 02/04/2024 12:00:00,""BZN|NO3"",""Without Sequence"",""50.10"","""","""""
"02/04/2024 12:00:00 - 02/04/2024 13:00:00,""BZN|NO3"",""Without Sequence"",""49.63"","""","""""
"02/04/2024 13:00:00 - 02/04/2024 14:00:00,""BZN|NO3"",""Without Sequence"",""48.84"","""","""""
"02/04/2024 14:00:00 - 02/04/2024 15:00:00,""BZN|NO3"",""Without Sequence"",""48.40"","""","""""
"02/04/2024 15:00:00 - 02/04/2024 16:00:00,""BZN|NO3"",""Without Sequence"",""47.96"","""","""""
"02/04/2024 16:00:00 - 02/04/2024 17:00:00,""BZN|NO3"",""Without Sequence"",""49.98"","""","""""
"02/04/2024 17:00:00 - 02/04/2024 18:00:00,""BZN|NO3"",""Without Sequence"",""49.67"","""","""""
"02/04/2024 18:00:00 - 02/04/2024 19:00:00,""BZN|NO3"",""Without Sequence"",""48.08"","""","""""
"02/04/2024 19:00:00 - 02/04/2024 20:00:00,""BZN|NO3"",""Without Sequence"",""49.65"","""","""""
"02/04/2024 20:00:00 - 02/04/2024 21:00:00,""BZN|NO3"",""Without Sequence"",""52.38"","""","""""
"02/04/2024 21:00:00 - 02/04/2024 22:00:00,""BZN|NO3"",""Without Sequence"",""54.19"","""","""""
"02/04/2024 22:00:00 - 02/04/2024 23:00:00,""BZN|NO3"",""Without Sequence"",""57.55"","""","""""
"02/04/2024 23:00:00 - 03/04/2024 00:00:00,""BZN|NO3"",""Without Sequence"",""57.20"","""","""""
"03/04/2024 00:00:00 - 03/04/2024 01:00:00,""BZN|NO3"",""Without Sequence"",""51.63"","""","""""
"03/04/2024 01:00:00 - 03/04/2024 02:00:00,""BZN|NO3"",""Without Sequence"",""52.62"","""","""""
"03/04/2024 02:00:00 - 03/04/2024 03:00:00,""BZN|NO3"",""Without Sequence"",""53.73"","""","""""
"03/04/2024 03:00:00 - 03/04/2024 04:00:00,""BZN|NO3"",""Without Sequence"",""54.19"","""","""""
"03/04/2024 04:00:00 - 03/04/2024 05:00:00,""BZN|NO3"",""Without Sequence"",""54.08"","""","""""
"03/04/2024 05:00:00 - 03/04/2024 06:00:00,""BZN|NO3"",""Without Sequence"",""55.07"","""","""""
"03/04/2024 06:00:00 - 03/04/2024 07:00:00,""BZN|NO3"",""Without Sequence"",""56.66"","""","""""
"03/04/2024 07:00:00 - 03/04/2024 08:00:00,""BZN|NO3"",""Without Sequence"",""59.09"","""","""""
"03/04/2024 08:00:00 - 03/04/2024 09:00:00,""BZN|NO3"",""Without Sequence"",""60.00"","""","""""
"03/04/2024 09:00:00 - 03/04/2024 10:00:00,""BZN|NO3"",""Without Sequence"",""59.81"","""","""""
"03/04/2024 10:00:00 - 03/04/2024 11:00:00,""BZN|NO3"",""Without Sequence"",""59.88"","""","""""
"03/04/2024 11:00:00 - 03/04/2024 12:00:00,""BZN|NO3"",""Without Sequence"",""59.29"","""","""""
"03/04/2024 12:00:00 - 03/04/2024 13:00:00,""BZN|NO3"",""Without Sequence"",""58.81"","""","""""
"03/04/2024 13:00:00 - 03/04/2024 14:00:00,""BZN|NO3"",""Without Sequence"",""59.31"","""","""""
"03/04/2024 14:00:00 - 03/04/2024 15:00:00,""BZN|NO3"",""Without Sequence"",""58.51"","""","""""
"03/04/2024 15:00:00 - 03/04/2024 16:00:00,""BZN|NO3"",""Without Sequence"",""57.07"","""","""""
"03/04/2024 16:00:00 - 03/04/2024 17:00:00,""BZN|NO3"",""Without Sequence"",""56.90"","""","""""
"03/04/2024 17:00:00 - 03/04/2024 18:00:00,""BZN|NO3"",""Without Sequence"",""59.26"","""","""""
"03/04/2024 18:00:00 - 03/04/2024 19:00:00,""BZN|NO3"",""Without Sequence"",""62.97"","""","""""
"03/04/2024 19:00:00 - 03/04/2024 20:00:00,""BZN|NO3"",""Without Sequence"",""64.23"","""","""""
"03/04/2024 20:00:00 - 03/04/2024 21:00:00,""BZN|NO3"",""Without Sequence"",""61.53"","""","""""
"03/04/2024 21:00:00 - 03/04/2024 22:00:00,""BZN|NO3"",""Without Sequence"",""58.46"","""","""""
"03/04/2024 22:00:00 - 03/04/2024 23:00:00,""BZN|NO3"",""Without Sequence"",""57.67"","""","""""
"03/04/2024 23:00:00 - 04/04/2024 00:00:00,""BZN|NO3"",""Without Sequence"",""55.33"","""","""""
"04/04/2024 00:00:00 - 04/04/2024 01:00:00,""BZN|NO3"",""Without Sequence"",""54.52"","""","""""
"04/04/2024 01:00:00 - 04/04/2024 02:00:00,""BZN|NO3"",""Without Sequence"",""52.01"","""","""""
"04/04/2024 02:00:00 - 04/04/2024 03:00:00,""BZN|NO3"",""Without Sequence"",""50.17"","""","""""
"04/04/2024 03:00:00 - 04/04/2024 04:00:00,""BZN|NO3"",""Without Sequence"",""51.57"","""","""""
"04/04/2024 04:00:00 - 04/04/2024 05:00:00,""BZN|NO3"",""Without Sequence"",""51.94"","""","""""
"04/04/2024 05:00:00 - 04/04/2024 06:00:00,""BZN|NO3"",""Without Sequence"",""54.08"","""","""""
"04/04/2024 06:00:00 - 04/04/2024 07:00:00,""BZN|NO3"",""Without Sequence"",""57.21"","""","""""
"04/04/2024 07:00:00 - 04/04/2024 08:00:00,""BZN|NO3"",""Without Sequence"",""63.57"","""","""""
"04/04/2024 08:00:00 - 04/04/2024 09:00:00,""BZN|NO3"",""Without Sequence"",""73.15"","""","""""
"04/04/2024 09:00:00 - 04/04/2024 10:00:00,""BZN|NO3"",""Without Sequence"",""69.71"","""","""""
"04/04/2024 10:00:00 - 04/04/2024 11:00:00,""BZN|NO3"",""Without Sequence"",""67.17"","""","""""
"04/04/2024 11:00:00 - 04/04/2024 12:00:00,""BZN|NO3"",""Without Sequence"",""63.06"","""","""""
"04/04/2024 12:00:00 - 04/04/2024 13:00:00,""BZN|NO3"",""Without Sequence"",""58.08"","""","""""
"04/04/2024 13:00:00 - 04/04/2024 14:00:00,""BZN|NO3"",""Without Sequence"",""56.22"","""","""""
"04/04/2024 14:00:00 - 04/04/2024 15:00:00,""BZN|NO3"",""Without Sequence"",""55.49"","""","""""
"04/04/2024 15:00:00 - 04/04/2024 16:00:00,""BZN|NO3"",""Without Sequence"",""56.17"","""","""""
"04/04/2024 16:00:00 - 04/04/2024 17:00:00,""BZN|NO3"",""Without Sequence"",""57.08"","""","""""
"04/04/2024 17:00:00 - 04/04/2024 18:00:00,""BZN|NO3"",""Without Sequence"",""57.83"","""","""""
"04/04/2024 18:00:00 - 04/04/2024 19:00:00,""BZN|NO3"",""Without Sequence"",""57.50"","""","""""
"04/04/2024 19:00:00 - 04/04/2024 20:00:00,""BZN|NO3"",""Without Sequence"",""57.28"","""","""""
"04/04/2024 20:00:00 - 04/04/2024 21:00:00,""BZN|NO3"",""Without Sequence"",""57.65"","""","""""
"04/04/2024 21:00:00 - 04/04/2024 22:00:00,""BZN|NO3"",""Without Sequence"",""58.85"","""","""""
"04/04/2024 22:00:00 - 04/04/2024 23:00:00,""BZN|NO3"",""Without Sequence"",""57.21"","""","""""
"04/04/2024 23:00:00 - 05/04/2024 00:00:00,""BZN|NO3"",""Without Sequence"",""56.00"","""","""""
"05/04/2024 00:00:00 - 05/04/2024 01:00:00,""BZN|NO3"",""Without Sequence"",""46.78"","""","""""
"05/04/2024 01:00:00 - 05/04/2024 02:00:00,""BZN|NO3"",""Without Sequence"",""48.27"","""","""""
"05/04/2024 02:00:00 - 05/04/2024 03:00:00,""BZN|NO3"",""Without Sequence"",""47.52"","""","""""
"05/04/2024 03:00:00 - 05/04/2024 04:00:00,""BZN|NO3"",""Without Sequence"",""46.53"","""","""""
"05/04/2024 04:00:00 - 05/04/2024 05:00:00,""BZN|NO3"",""Without Sequence"",""47.34"","""","""""
"05/04/2024 05:00:00 - 05/04/2024 06:00:00,""BZN|NO3"",""Without Sequence"",""47.29"","""","""""
"05/04/2024 06:00:00 - 05/04/2024 07:00:00,""BZN|NO3"",""Without Sequence"",""50.99"","""","""""
"05/04/2024 07:00:00 - 05/04/2024 08:00:00,""BZN|NO3"",""Without Sequence"",""56.92"","""","""""
"05/04/2024 08:00:00 - 05/04/2024 09:00:00,""BZN|NO3"",""Without Sequence"",""61.27"","""","""""
"05/04/2024 09:00:00 - 05/04/2024 10:00:00,""BZN|NO3"",""Without Sequence"",""59.96"","""","""""
"05/04/2024 10:00:00 - 05/04/2024 11:00:00,""BZN|NO3"",""Without Sequence"",""50.50"","""","""""
"05/04/2024 11:00:00 - 05/04/2024 12:00:00,""BZN|NO3"",""Without Sequence"",""47.32"","""","""""
"05/04/2024 12:00:00 - 05/04/2024 13:00:00,""BZN|NO3"",""Without Sequence"",""48.00"","""","""""
"05/04/2024 13:00:00 - 05/04/2024 14:00:00,""BZN|NO3"",""Without Sequence"",""48.02"","""","""""
"05/04/2024 14:00:00 - 05/04/2024 15:00:00,""BZN|NO3"",""Without Sequence"",""48.08"","""","""""
"05/04/2024 15:00:00 - 05/04/2024 16:00:00,""BZN|NO3"",""Without Sequence"",""48.10"","""","""""
"05/04/2024 16:00:00 - 05/04/2024 17:00:00,""BZN|NO3"",""Without Sequence"",""48.12"","""","""""
"05/04/2024 17:00:00 - 05/04/2024 18:00:00,""BZN|NO3"",""Without Sequence"",""47.52"","""","""""
"05/04/2024 18:00:00 - 05/04/2024 19:00:00,""BZN|NO3"",""Without Sequence"",""49.65"","""","""""
"05/04/2024 19:00:00 - 05/04/2024 20:00:00,""BZN|NO3"",""Without Sequence"",""53.40"","""","""""
"05/04/2024 20:00:00 - 05/04/2024 21:00:00,""BZN|NO3"",""Without Sequence"",""53.92"","""","""""
"05/04/2024 21:00:00 - 05/04/2024 22:00:00,""BZN|NO3"",""Without Sequence"",""53.40"","""","""""
"05/04/2024 22:00:00 - 05/04/2024 23:00:00,""BZN|NO3"",""Without Sequence"",""52.73"","""","""""
"05/04/2024 23:00:00 - 06/04/2024 00:00:00,""BZN|NO3"",""Without Sequence"",""49.62"","""","""""
"06/04/2024 00:00:00 - 06/04/2024 01:00:00,""BZN|NO3"",""Without Sequence"",""46.26"","""","""""
"06/04/2024 01:00:00 - 06/04/2024 02:00:00,""BZN|NO3"",""Without Sequence"",""45.08"","""","""""
"06/04/2024 02:00:00 - 06/04/2024 03:00:00,""BZN|NO3"",""Without Sequence"",""45.31"","""","""""
"06/04/2024 03:00:00 - 06/04/2024 04:00:00,""BZN|NO3"",""Without Sequence"",""46.09"","""","""""
"06/04/2024 04:00:00 - 06/04/2024 05:00:00,""BZN|NO3"",""Without Sequence"",""47.51"","""","""""
"06/04/2024 05:00:00 - 06/04/2024 06:00:00,""BZN|NO3"",""Without Sequence"",""48.25"","""","""""
"06/04/2024 06:00:00 - 06/04/2024 07:00:00,""BZN|NO3"",""Without Sequence"",""49.94"","""","""""
"06/04/2024 07:00:00 - 06/04/2024 08:00:00,""BZN|NO3"",""Without Sequence"",""51.26"","""","""""
"06/04/2024 08:00:00 - 06/04/2024 09:00:00,""BZN|NO3"",""Without Sequence"",""50.23"","""","""""
"06/04/2024 09:00:00 - 06/04/2024 10:00:00,""BZN|NO3"",""Without Sequence"",""48.25"","""","""""
"06/04/2024 10:00:00 - 06/04/2024 11:00:00,""BZN|NO3"",""Without Sequence"",""46.24"","""","""""
"06/04/2024 11:00:00 - 06/04/2024 12:00:00,""BZN|NO3"",""Without Sequence"",""45.71"","""","""""
"06/04/2024 12:00:00 - 06/04/2024 13:00:00,""BZN|NO3"",""Without Sequence"",""45.68"","""","""""
"06/04/2024 13:00:00 - 06/04/2024 14:00:00,""BZN|NO3"",""Without Sequence"",""45.52"","""","""""
"06/04/2024 14:00:00 - 06/04/2024 15:00:00,""BZN|NO3"",""Without Sequence"",""45.11"","""","""""
"06/04/2024 15:00:00 - 06/04/2024 16:00:00,""BZN|NO3"",""Without Sequence"",""44.62"","""","""""
"06/04/2024 16:00:00 - 06/04/2024 17:00:00,""BZN|NO3"",""Without Sequence"",""44.30"","""","""""
"06/04/2024 17:00:00 - 06/04/2024 18:00:00,""BZN|NO3"",""Without Sequence"",""46.28"","""","""""
"06/04/2024 18:00:00 - 06/04/2024 19:00:00,""BZN|NO3"",""Without Sequence"",""52.70"","""","""""
"06/04/2024 19:00:00 - 06/04/2024 20:00:00,""BZN|NO3"",""Without Sequence"",""50.96"","""","""""
"06/04/2024 20:00:00 - 06/04/2024 21:00:00,""BZN|NO3"",""Without Sequence"",""48.28"","""","""""
"06/04/2024 21:00:00 - 06/04/2024 22:00:00,""BZN|NO3"",""Without Sequence"",""45.02"","""","""""
"06/04/2024 22:00:00 - 06/04/2024 23:00:00,""BZN|NO3"",""Without Sequence"",""39.86"","""","""""
"06/04/2024 23:00:00 - 07/04/2024 00:00:00,""BZN|NO3"",""Without Sequence"",""25.26"","""","""""
"07/04/2024 00:00:00 - 07/04/2024 01:00:00,""BZN|NO3"",""Without Sequence"",""24.79"","""","""""
"07/04/2024 01:00:00 - 07/04/2024 02:00:00,""BZN|NO3"",""Without Sequence"",""24.32"","""","""""
"07/04/2024 02:00:00 - 07/04/2024 03:00:00,""BZN|NO3"",""Without Sequence"",""24.85"","""","""""
"07/04/2024 03:00:00 - 07/04/2024 04:00:00,""BZN|NO3"",""Without Sequence"",""26.28"","""","""""
"07/04/2024 04:00:00 - 07/04/2024 05:00:00,""BZN|NO3"",""Without Sequence"",""28.81"","""","""""
"07/04/2024 05:00:00 - 07/04/2024 06:00:00,""BZN|NO3"",""Without Sequence"",""34.01"","""","""""
"07/04/2024 06:00:00 - 07/04/2024 07:00:00,""BZN|NO3"",""Without Sequence"",""39.01"","""","""""
"07/04/2024 07:00:00 - 07/04/2024 08:00:00,""BZN|NO3"",""Without Sequence"",""40.27"","""","""""
"07/04/2024 08:00:00 - 07/04/2024 09:00:00,""BZN|NO3"",""Without Sequence"",""39.99"","""","""""
"07/04/2024 09:00:00 - 07/04/2024 10:00:00,""BZN|NO3"",""Without Sequence"",""39.05"","""","""""
"07/04/2024 10:00:00 - 07/04/2024 11:00:00,""BZN|NO3"",""Without Sequence"",""35.43"","""","""""
"07/04/2024 11:00:00 - 07/04/2024 12:00:00,""BZN|NO3"",""Without Sequence"",""34.23"","""","""""
"07/04/2024 12:00:00 - 07/04/2024 13:00:00,""BZN|NO3"",""Without Sequence"",""35.43"","""","""""
"07/04/2024 13:00:00 - 07/04/2024 14:00:00,""BZN|NO3"",""Without Sequence"",""35.43"","""","""""
"07/04/2024 14:00:00 - 07/04/2024 15:00:00,""BZN|NO3"",""Without Sequence"",""33.96"","""","""""
"07/04/2024 15:00:00 - 07/04/2024 16:00:00,""BZN|NO3"",""Without Sequence"",""29.40"","""","""""
"07/04/2024 16:00:00 - 07/04/2024 17:00:00,""BZN|NO3"",""Without Sequence"",""26.83"","""","""""
"07/04/2024 17:00:00 - 07/04/2024 18:00:00,""BZN|NO3"",""Without Sequence"",""26.27"","""","""""
"07/04/2024 18:00:00 - 07/04/2024 19:00:00,""BZN|NO3"",""Without Sequence"",""27.72"","""","""""
"07/04/2024 19:00:00 - 07/04/2024 20:00:00,""BZN|NO3"",""Without Sequence"",""29.87"","""","""""
"07/04/2024 20:00:00 - 07/04/2024 21:00:00,""BZN|NO3"",""Without Sequence"",""29.77"","""","""""
"07/04/2024 21:00:00 - 07/04/2024 22:00:00,""BZN|NO3"",""Without Sequence"",""37.74"","""","""""
"07/04/2024 22:00:00 - 07/04/2024 23:00:00,""BZN|NO3"",""Without Sequence"",""39.64"","""","""""
"07/04/2024 23:00:00 - 08/04/2024 00:00:00,""BZN|NO3"",""Without Sequence"",""40.15"","""","""""
"08/04/2024 00:00:00 - 08/04/2024 01:00:00,""BZN|NO3"",""Without Sequence"",""28.50"","""","""""
"08/04/2024 01:00:00 - 08/04/2024 02:00:00,""BZN|NO3"",""Without Sequence"",""29.47"","""","""""
"08/04/2024 02:00:00 - 08/04/2024 03:00:00,""BZN|NO3"",""Without Sequence"",""29.91"","""","""""
"08/04/2024 03:00:00 - 08/04/2024 04:00:00,""BZN|NO3"",""Without Sequence"",""29.49"","""","""""
"08/04/2024 04:00:00 - 08/04/2024 05:00:00,""BZN|NO3"",""Without Sequence"",""29.67"","""","""""
"08/04/2024 05:00:00 - 08/04/2024 06:00:00,""BZN|NO3"",""Without Sequence"",""33.88"","""","""""
"08/04/2024 06:00:00 - 08/04/2024 07:00:00,""BZN|NO3"",""Without Sequence"",""39.30"","""","""""
"08/04/2024 07:00:00 - 08/04/2024 08:00:00,""BZN|NO3"",""Without Sequence"",""40.42"","""","""""
"08/04/2024 08:00:00 - 08/04/2024 09:00:00,""BZN|NO3"",""Without Sequence"",""46.21"","""","""""
"08/04/2024 09:00:00 - 08/04/2024 10:00:00,""BZN|NO3"",""Without Sequence"",""51.40"","""","""""
"08/04/2024 10:00:00 - 08/04/2024 11:00:00,""BZN|NO3"",""Without Sequence"",""47.64"","""","""""
"08/04/2024 11:00:00 - 08/04/2024 12:00:00,""BZN|NO3"",""Without Sequence"",""46.49"","""","""""
"08/04/2024 12:00:00 - 08/04/2024 13:00:00,""BZN|NO3"",""Without Sequence"",""46.89"","""","""""
"08/04/2024 13:00:00 - 08/04/2024 14:00:00,""BZN|NO3"",""Without Sequence"",""46.41"","""","""""
"08/04/2024 14:00:00 - 08/04/2024 15:00:00,""BZN|NO3"",""Without Sequence"",""46.05"","""","""""
"08/04/2024 15:00:00 - 08/04/2024 16:00:00,""BZN|NO3"",""Without Sequence"",""44.27"","""","""""
"08/04/2024 16:00:00 - 08/04/2024 17:00:00,""BZN|NO3"",""Without Sequence"",""44.71"","""","""""
"08/04/2024 17:00:00 - 08/04/2024 18:00:00,""BZN|NO3"",""Without Sequence"",""48.35"","""","""""
"08/04/2024 18:00:00 - 08/04/2024 19:00:00,""BZN|NO3"",""Without Sequence"",""51.65"","""","""""
"08/04/2024 19:00:00 - 08/04/2024 20:00:00,""BZN|NO3"",""Without Sequence"",""52.83"","""","""""
"08/04/2024 20:00:00 - 08/04/2024 21:00:00,""BZN|NO3"",""Without Sequence"",""52.45"","""","""""
"08/04/2024 21:00:00 - 08/04/2024 22:00:00,""BZN|NO3"",""Without Sequence"",""52.64"","""","""""
"08/04/2024 22:00:00 - 08/04/2024 23:00:00,""BZN|NO3"",""Without Sequence"",""48.99"","""","""""
"08/04/2024 23:00:00 - 09/04/2024 00:00:00,""BZN|NO3"",""Without Sequence"",""46.23"","""","""""
"09/04/2024 00:00:00 - 09/04/2024 01:00:00,""BZN|NO3"",""Without Sequence"",""41.81"","""","""""
"09/04/2024 01:00:00 - 09/04/2024 02:00:00,""BZN|NO3"",""Without Sequence"",""43.00"","""","""""
"09/04/2024 02:00:00 - 09/04/2024 03:00:00,""BZN|NO3"",""Without Sequence"",""43.84"","""","""""
"09/04/2024 03:00:00 - 09/04/2024 04:00:00,""BZN|NO3"",""Without Sequence"",""45.65"","""","""""
"09/04/2024 04:00:00 - 09/04/2024 05:00:00,""BZN|NO3"",""Without Sequence"",""49.36"","""","""""
"09/04/2024 05:00:00 - 09/04/2024 06:00:00,""BZN|NO3"",""Without Sequence"",""49.82"","""","""""
"09/04/2024 06:00:00 - 09/04/2024 07:00:00,""BZN|NO3"",""Without Sequence"",""55.36"","""","""""
"09/04/2024 07:00:00 - 09/04/2024 08:00:00,""BZN|NO3"",""Without Sequence"",""64.85"","""","""""
"09/04/2024 08:00:00 - 09/04/2024 09:00:00,""BZN|NO3"",""Without Sequence"",""77.31"","""","""""
"09/04/2024 09:00:00 - 09/04/2024 10:00:00,""BZN|NO3"",""Without Sequence"",""65.78"","""","""""
"09/04/2024 10:00:00 - 09/04/2024 11:00:00,""BZN|NO3"",""Without Sequence"",""50.48"","""","""""
"09/04/2024 11:00:00 - 09/04/2024 12:00:00,""BZN|NO3"",""Without Sequence"",""45.07"","""","""""
"09/04/2024 12:00:00 - 09/04/2024 13:00:00,""BZN|NO3"",""Without Sequence"",""40.47"","""","""""
"09/04/2024 13:00:00 - 09/04/2024 14:00:00,""BZN|NO3"",""Without Sequence"",""40.21"","""","""""
"09/04/2024 14:00:00 - 09/04/2024 15:00:00,""BZN|NO3"",""Without Sequence"",""40.06"","""","""""
"09/04/2024 15:00:00 - 09/04/2024 16:00:00,""BZN|NO3"",""Without Sequence"",""40.05"","""","""""
"09/04/2024 16:00:00 - 09/04/2024 17:00:00,""BZN|NO3"",""Without Sequence"",""39.80"","""","""""
"09/04/2024 17:00:00 - 09/04/2024 18:00:00,""BZN|NO3"",""Without Sequence"",""48.37"","""","""""
"09/04/2024 18:00:00 - 09/04/2024 19:00:00,""BZN|NO3"",""Without Sequence"",""50.60"","""","""""
"09/04/2024 19:00:00 - 09/04/2024 20:00:00,""BZN|NO3"",""Without Sequence"",""45.96"","""","""""
"09/04/2024 20:00:00 - 09/04/2024 21:00:00,""BZN|NO3"",""Without Sequence"",""39.87"","""","""""
"09/04/2024 21:00:00 - 09/04/2024 22:00:00,""BZN|NO3"",""Without Sequence"",""38.38"","""","""""
"09/04/2024 22:00:00 - 09/04/2024 23:00:00,""BZN|NO3"",""Without Sequence"",""33.60"","""","""""
"09/04/2024 23:00:00 - 10/04/2024 00:00:00,""BZN|NO3"",""Without Sequence"",""23.94"","""","""""
"10/04/2024 00:00:00 - 10/04/2024 01:00:00,""BZN|NO3"",""Without Sequence"",""23.02"","""","""""
"10/04/2024 01:00:00 - 10/04/2024 02:00:00,""BZN|NO3"",""Without Sequence"",""22.61"","""","""""
"10/04/2024 02:00:00 - 10/04/2024 03:00:00,""BZN|NO3"",""Without Sequence"",""22.72"","""","""""
"10/04/2024 03:00:00 - 10/04/2024 04:00:00,""BZN|NO3"",""Without Sequence"",""23.16"","""","""""
"10/04/2024 04:00:00 - 10/04/2024 05:00:00,""BZN|NO3"",""Without Sequence"",""29.03"","""","""""
"10/04/2024 05:00:00 - 10/04/2024 06:00:00,""BZN|NO3"",""Without Sequence"",""27.29"","""","""""
"10/04/2024 06:00:00 - 10/04/2024 07:00:00,""BZN|NO3"",""Without Sequence"",""29.44"","""","""""
"10/04/2024 07:00:00 - 10/04/2024 08:00:00,""BZN|NO3"",""Without Sequence"",""31.54"","""","""""
"10/04/2024 08:00:00 - 10/04/2024 09:00:00,""BZN|NO3"",""Without Sequence"",""35.95"","""","""""
"10/04/2024 09:00:00 - 10/04/2024 10:00:00,""BZN|NO3"",""Without Sequence"",""39.32"","""","""""
"10/04/2024 10:00:00 - 10/04/2024 11:00:00,""BZN|NO3"",""Without Sequence"",""40.45"","""","""""
"10/04/2024 11:00:00 - 10/04/2024 12:00:00,""BZN|NO3"",""Without Sequence"",""40.25"","""","""""
"10/04/2024 12:00:00 - 10/04/2024 13:00:00,""BZN|NO3"",""Without Sequence"",""33.29"","""","""""
"10/04/2024 13:00:00 - 10/04/2024 14:00:00,""BZN|NO3"",""Without Sequence"",""24.79"","""","""""
"10/04/2024 14:00:00 - 10/04/2024 15:00:00,""BZN|NO3"",""Without Sequence"",""23.69"","""","""""
"10/04/2024 15:00:00 - 10/04/2024 16:00:00,""BZN|NO3"",""Without Sequence"",""23.20"","""","""""
"10/04/2024 16:00:00 - 10/04/2024 17:00:00,""BZN|NO3"",""Without Sequence"",""23.19"","""","""""
"10/04/2024 17:00:00 - 10/04/2024 18:00:00,""BZN|NO3"",""Without Sequence"",""23.23"","""","""""
"10/04/2024 18:00:00 - 10/04/2024 19:00:00,""BZN|NO3"",""Without Sequence"",""23.30"","""","""""
"10/04/2024 19:00:00 - 10/04/2024 20:00:00,""BZN|NO3"",""Without Sequence"",""23.40"","""","""""
"10/04/2024 20:00:00 - 10/04/2024 21:00:00,""BZN|NO3"",""Without Sequence"",""23.43"","""","""""
"10/04/2024 21:00:00 - 10/04/2024 22:00:00,""BZN|NO3"",""Without Sequence"",""23.12"","""","""""
"10/04/2024 22:00:00 - 10/04/2024 23:00:00,""BZN|NO3"",""Without Sequence"",""22.89"","""","""""
"10/04/2024 23:00:00 - 11/04/2024 00:00:00,""BZN|NO3"",""Without Sequence"",""22.48"","""","""""
"11/04/2024 00:00:00 - 11/04/2024 01:00:00,""BZN|NO3"",""Without Sequence"",""16.22"","""","""""
"11/04/2024 01:00:00 - 11/04/2024 02:00:00,""BZN|NO3"",""Without Sequence"",""18.81"","""","""""
"11/04/2024 02:00:00 - 11/04/2024 03:00:00,""BZN|NO3"",""Without Sequence"",""21.48"","""","""""
"11/04/2024 03:00:00 - 11/04/2024 04:00:00,""BZN|NO3"",""Without Sequence"",""23.08"","""","""""
"11/04/2024 04:00:00 - 11/04/2024 05:00:00,""BZN|NO3"",""Without Sequence"",""25.59"","""","""""
"11/04/2024 05:00:00 - 11/04/2024 06:00:00,""BZN|NO3"",""Without Sequence"",""31.14"","""","""""
"11/04/2024 06:00:00 - 11/04/2024 07:00:00,""BZN|NO3"",""Without Sequence"",""35.97"","""","""""
"11/04/2024 07:00:00 - 11/04/2024 08:00:00,""BZN|NO3"",""Without Sequence"",""38.46"","""","""""
"11/04/2024 08:00:00 - 11/04/2024 09:00:00,""BZN|NO3"",""Without Sequence"",""35.86"","""","""""
"11/04/2024 09:00:00 - 11/04/2024 10:00:00,""BZN|NO3"",""Without Sequence"",""35.58"","""","""""
"11/04/2024 10:00:00 - 11/04/2024 11:00:00,""BZN|NO3"",""Without Sequence"",""34.91"","""","""""
"11/04/2024 11:00:00 - 11/04/2024 12:00:00,""BZN|NO3"",""Without Sequence"",""34.95"","""","""""
"11/04/2024 12:00:00 - 11/04/2024 13:00:00,""BZN|NO3"",""Without Sequence"",""34.84"","""","""""
"11/04/2024 13:00:00 - 11/04/2024 14:00:00,""BZN|NO3"",""Without Sequence"",""34.89"","""","""""
"11/04/2024 14:00:00 - 11/04/2024 15:00:00,""BZN|NO3"",""Without Sequence"",""34.85"","""","""""
"11/04/2024 15:00:00 - 11/04/2024 16:00:00,""BZN|NO3"",""Without Sequence"",""35.51"","""","""""
"11/04/2024 16:00:00 - 11/04/2024 17:00:00,""BZN|NO3"",""Without Sequence"",""34.39"","""","""""
"11/04/2024 17:00:00 - 11/04/2024 18:00:00,""BZN|NO3"",""Without Sequence"",""34.19"","""","""""
"11/04/2024 18:00:00 - 11/04/2024 19:00:00,""BZN|NO3"",""Without Sequence"",""29.56"","""","""""
"11/04/2024 19:00:00 - 11/04/2024 20:00:00,""BZN|NO3"",""Without Sequence"",""25.39"","""","""""
"11/04/2024 20:00:00 - 11/04/2024 21:00:00,""BZN|NO3"",""Without Sequence"",""23.52"","""","""""
"11/04/2024 21:00:00 - 11/04/2024 22:00:00,""BZN|NO3"",""Without Sequence"",""23.03"","""","""""
"11/04/2024 22:00:00 - 11/04/2024 23:00:00,""BZN|NO3"",""Without Sequence"",""22.83"","""","""""
"11/04/2024 23:00:00 - 12/04/2024 00:00:00,""BZN|NO3"",""Without Sequence"",""22.31"","""","""""
"12/04/2024 00:00:00 - 12/04/2024 01:00:00,""BZN|NO3"",""Without Sequence"",""22.71"","""","""""
"12/04/2024 01:00:00 - 12/04/2024 02:00:00,""BZN|NO3"",""Without Sequence"",""17.51"","""","""""
"12/04/2024 02:00:00 - 12/04/2024 03:00:00,""BZN|NO3"",""Without Sequence"",""9.95"","""","""""
"12/04/2024 03:00:00 - 12/04/2024 04:00:00,""BZN|NO3"",""Without Sequence"",""11.47"","""","""""
"12/04/2024 04:00:00 - 12/04/2024 05:00:00,""BZN|NO3"",""Without Sequence"",""22.40"","""","""""
"12/04/2024 05:00:00 - 12/04/2024 06:00:00,""BZN|NO3"",""Without Sequence"",""27.51"","""","""""
"12/04/2024 06:00:00 - 12/04/2024 07:00:00,""BZN|NO3"",""Without Sequence"",""39.52"","""","""""
"12/04/2024 07:00:00 - 12/04/2024 08:00:00,""BZN|NO3"",""Without Sequence"",""43.18"","""","""""
"12/04/2024 08:00:00 - 12/04/2024 09:00:00,""BZN|NO3"",""Without Sequence"",""41.35"","""","""""
"12/04/2024 09:00:00 - 12/04/2024 10:00:00,""BZN|NO3"",""Without Sequence"",""38.88"","""","""""
"12/04/2024 10:00:00 - 12/04/2024 11:00:00,""BZN|NO3"",""Without Sequence"",""38.88"","""","""""
"12/04/2024 11:00:00 - 12/04/2024 12:00:00,""BZN|NO3"",""Without Sequence"",""24.94"","""","""""
"12/04/2024 12:00:00 - 12/04/2024 13:00:00,""BZN|NO3"",""Without Sequence"",""23.03"","""","""""
"12/04/2024 13:00:00 - 12/04/2024 14:00:00,""BZN|NO3"",""Without Sequence"",""22.03"","""","""""
"12/04/2024 14:00:00 - 12/04/2024 15:00:00,""BZN|NO3"",""Without Sequence"",""20.45"","""","""""
"12/04/2024 15:00:00 - 12/04/2024 16:00:00,""BZN|NO3"",""Without Sequence"",""15.30"","""","""""
"12/04/2024 16:00:00 - 12/04/2024 17:00:00,""BZN|NO3"",""Without Sequence"",""17.22"","""","""""
"12/04/2024 17:00:00 - 12/04/2024 18:00:00,""BZN|NO3"",""Without Sequence"",""27.12"","""","""""
"12/04/2024 18:00:00 - 12/04/2024 19:00:00,""BZN|NO3"",""Without Sequence"",""27.03"","""","""""
"12/04/2024 19:00:00 - 12/04/2024 20:00:00,""BZN|NO3"",""Without Sequence"",""26.95"","""","""""
"12/04/2024 20:00:00 - 12/04/2024 21:00:00,""BZN|NO3"",""Without Sequence"",""23.39"","""","""""
"12/04/2024 21:00:00 - 12/04/2024 22:00:00,""BZN|NO3"",""Without Sequence"",""19.17"","""","""""
"12/04/2024 22:00:00 - 12/04/2024 23:00:00,""BZN|NO3"",""Without Sequence"",""14.87"","""","""""
"12/04/2024 23:00:00 - 13/04/2024 00:00:00,""BZN|NO3"",""Without Sequence"",""10.19"","""","""""
"13/04/2024 00:00:00 - 13/04/2024 01:00:00,""BZN|NO3"",""Without Sequence"",""11.90"","""","""""
"13/04/2024 01:00:00 - 13/04/2024 02:00:00,""BZN|NO3"",""Without Sequence"",""14.90"","""","""""
"13/04/2024 02:00:00 - 13/04/2024 03:00:00,""BZN|NO3"",""Without Sequence"",""19.36"","""","""""
"13/04/2024 03:00:00 - 13/04/2024 04:00:00,""BZN|NO3"",""Without Sequence"",""21.25"","""","""""
"13/04/2024 04:00:00 - 13/04/2024 05:00:00,""BZN|NO3"",""Without Sequence"",""22.60"","""","""""
"13/04/2024 05:00:00 - 13/04/2024 06:00:00,""BZN|NO3"",""Without Sequence"",""23.23"","""","""""
"13/04/2024 06:00:00 - 13/04/2024 07:00:00,""BZN|NO3"",""Without Sequence"",""23.30"","""","""""
"13/04/2024 07:00:00 - 13/04/2024 08:00:00,""BZN|NO3"",""Without Sequence"",""22.17"","""","""""
"13/04/2024 08:00:00 - 13/04/2024 09:00:00,""BZN|NO3"",""Without Sequence"",""22.47"","""","""""
"13/04/2024 09:00:00 - 13/04/2024 10:00:00,""BZN|NO3"",""Without Sequence"",""22.44"","""","""""
"13/04/2024 10:00:00 - 13/04/2024 11:00:00,""BZN|NO3"",""Without Sequence"",""22.42"","""","""""
"13/04/2024 11:00:00 - 13/04/2024 12:00:00,""BZN|NO3"",""Without Sequence"",""15.38"","""","""""
"13/04/2024 12:00:00 - 13/04/2024 13:00:00,""BZN|NO3"",""Without Sequence"",""13.05"","""","""""
"13/04/2024 13:00:00 - 13/04/2024 14:00:00,""BZN|NO3"",""Without Sequence"",""10.62"","""","""""
"13/04/2024 14:00:00 - 13/04/2024 15:00:00,""BZN|NO3"",""Without Sequence"",""4.91"","""","""""
"13/04/2024 15:00:00 - 13/04/2024 16:00:00,""BZN|NO3"",""Without Sequence"",""4.80"","""","""""
"13/04/2024 16:00:00 - 13/04/2024 17:00:00,""BZN|NO3"",""Without Sequence"",""10.06"","""","""""
"13/04/2024 17:00:00 - 13/04/2024 18:00:00,""BZN|NO3"",""Without Sequence"",""10.78"","""","""""
"13/04/2024 18:00:00 - 13/04/2024 19:00:00,""BZN|NO3"",""Without Sequence"",""22.71"","""","""""
"13/04/2024 19:00:00 - 13/04/2024 20:00:00,""BZN|NO3"",""Without Sequence"",""24.91"","""","""""
"13/04/2024 20:00:00 - 13/04/2024 21:00:00,""BZN|NO3"",""Without Sequence"",""25.09"","""","""""
"13/04/2024 21:00:00 - 13/04/2024 22:00:00,""BZN|NO3"",""Without Sequence"",""25.79"","""","""""
"13/04/2024 22:00:00 - 13/04/2024 23:00:00,""BZN|NO3"",""Without Sequence"",""22.51"","""","""""
"13/04/2024 23:00:00 - 14/04/2024 00:00:00,""BZN|NO3"",""Without Sequence"",""23.63"","""","""""
"14/04/2024 00:00:00 - 14/04/2024 01:00:00,""BZN|NO3"",""Without Sequence"",""23.77"","""","""""
"14/04/2024 01:00:00 - 14/04/2024 02:00:00,""BZN|NO3"",""Without Sequence"",""24.08"","""","""""
"14/04/2024 02:00:00 - 14/04/2024 03:00:00,""BZN|NO3"",""Without Sequence"",""22.62"","""","""""
"14/04/2024 03:00:00 - 14/04/2024 04:00:00,""BZN|NO3"",""Without Sequence"",""22.79"","""","""""
"14/04/2024 04:00:00 - 14/04/2024 05:00:00,""BZN|NO3"",""Without Sequence"",""23.34"","""","""""
"14/04/2024 05:00:00 - 14/04/2024 06:00:00,""BZN|NO3"",""Without Sequence"",""23.07"","""","""""
"14/04/2024 06:00:00 - 14/04/2024 07:00:00,""BZN|NO3"",""Without Sequence"",""23.66"","""","""""
"14/04/2024 07:00:00 - 14/04/2024 08:00:00,""BZN|NO3"",""Without Sequence"",""24.44"","""","""""
"14/04/2024 08:00:00 - 14/04/2024 09:00:00,""BZN|NO3"",""Without Sequence"",""24.35"","""","""""
"14/04/2024 09:00:00 - 14/04/2024 10:00:00,""BZN|NO3"",""Without Sequence"",""24.91"","""","""""
"14/04/2024 10:00:00 - 14/04/2024 11:00:00,""BZN|NO3"",""Without Sequence"",""25.18"","""","""""
"14/04/2024 11:00:00 - 14/04/2024 12:00:00,""BZN|NO3"",""Without Sequence"",""23.18"","""","""""
"14/04/2024 12:00:00 - 14/04/2024 13:00:00,""BZN|NO3"",""Without Sequence"",""23.15"","""","""""
"14/04/2024 13:00:00 - 14/04/2024 14:00:00,""BZN|NO3"",""Without Sequence"",""23.81"","""","""""
"14/04/2024 14:00:00 - 14/04/2024 15:00:00,""BZN|NO3"",""Without Sequence"",""25.04"","""","""""
"14/04/2024 15:00:00 - 14/04/2024 16:00:00,""BZN|NO3"",""Without Sequence"",""25.85"","""","""""
"14/04/2024 16:00:00 - 14/04/2024 17:00:00,""BZN|NO3"",""Without Sequence"",""25.54"","""","""""
"14/04/2024 17:00:00 - 14/04/2024 18:00:00,""BZN|NO3"",""Without Sequence"",""29.34"","""","""""
"14/04/2024 18:00:00 - 14/04/2024 19:00:00,""BZN|NO3"",""Without Sequence"",""29.80"","""","""""
"14/04/2024 19:00:00 - 14/04/2024 20:00:00,""BZN|NO3"",""Without Sequence"",""30.15"","""","""""
"14/04/2024 20:00:00 - 14/04/2024 21:00:00,""BZN|NO3"",""Without Sequence"",""35.90"","""","""""
"14/04/2024 21:00:00 - 14/04/2024 22:00:00,""BZN|NO3"",""Without Sequence"",""37.91"","""","""""
"14/04/2024 22:00:00 - 14/04/2024 23:00:00,""BZN|NO3"",""Without Sequence"",""37.91"","""","""""
"14/04/2024 23:00:00 - 15/04/2024 00:00:00,""BZN|NO3"",""Without Sequence"",""36.18"","""","""""
"15/04/2024 00:00:00 - 15/04/2024 01:00:00,""BZN|NO3"",""Without Sequence"",""36.18"","""","""""
"15/04/2024 01:00:00 - 15/04/2024 02:00:00,""BZN|NO3"",""Without Sequence"",""37.18"","""","""""
"15/04/2024 02:00:00 - 15/04/2024 03:00:00,""BZN|NO3"",""Without Sequence"",""36.18"","""","""""
"15/04/2024 03:00:00 - 15/04/2024 04:00:00,""BZN|NO3"",""Without Sequence"",""36.18"","""","""""
"15/04/2024 04:00:00 - 15/04/2024 05:00:00,""BZN|NO3"",""Without Sequence"",""36.73"","""","""""
"15/04/2024 05:00:00 - 15/04/2024 06:00:00,""BZN|NO3"",""Without Sequence"",""37.62"","""","""""
"15/04/2024 06:00:00 - 15/04/2024 07:00:00,""BZN|NO3"",""Without Sequence"",""40.80"","""","""""
"15/04/2024 07:00:00 - 15/04/2024 08:00:00,""BZN|NO3"",""Without Sequence"",""42.85"","""","""""
"15/04/2024 08:00:00 - 15/04/2024 09:00:00,""BZN|NO3"",""Without Sequence"",""43.16"","""","""""
"15/04/2024 09:00:00 - 15/04/2024 10:00:00,""BZN|NO3"",""Without Sequence"",""42.10"","""","""""
"15/04/2024 10:00:00 - 15/04/2024 11:00:00,""BZN|NO3"",""Without Sequence"",""43.78"","""","""""
"15/04/2024 11:00:00 - 15/04/2024 12:00:00,""BZN|NO3"",""Without Sequence"",""45.73"","""","""""
"15/04/2024 12:00:00 - 15/04/2024 13:00:00,""BZN|NO3"",""Without Sequence"",""43.00"","""","""""
"15/04/2024 13:00:00 - 15/04/2024 14:00:00,""BZN|NO3"",""Without Sequence"",""37.69"","""","""""
"15/04/2024 14:00:00 - 15/04/2024 15:00:00,""BZN|NO3"",""Without Sequence"",""37.78"","""","""""
"15/04/2024 15:00:00 - 15/04/2024 16:00:00,""BZN|NO3"",""Without Sequence"",""37.61"","""","""""
"15/04/2024 16:00:00 - 15/04/2024 17:00:00,""BZN|NO3"",""Without Sequence"",""37.29"","""","""""
"15/04/2024 17:00:00 - 15/04/2024 18:00:00,""BZN|NO3"",""Without Sequence"",""45.08"","""","""""
"15/04/2024 18:00:00 - 15/04/2024 19:00:00,""BZN|NO3"",""Without Sequence"",""44.39"","""","""""
"15/04/2024 19:00:00 - 15/04/2024 20:00:00,""BZN|NO3"",""Without Sequence"",""46.92"","""","""""
"15/04/2024 20:00:00 - 15/04/2024 21:00:00,""BZN|NO3"",""Without Sequence"",""44.84"","""","""""
"15/04/2024 21:00:00 - 15/04/2024 22:00:00,""BZN|NO3"",""Without Sequence"",""45.93"","""","""""
"15/04/2024 22:00:00 - 15/04/2024 23:00:00,""BZN|NO3"",""Without Sequence"",""45.09"","""","""""
"15/04/2024 23:00:00 - 16/04/2024 00:00:00,""BZN|NO3"",""Without Sequence"",""35.01"","""","""""
"16/04/2024 00:00:00 - 16/04/2024 01:00:00,""BZN|NO3"",""Without Sequence"",""32.43"","""","""""
"16/04/2024 01:00:00 - 16/04/2024 02:00:00,""BZN|NO3"",""Without Sequence"",""30.45"","""","""""
"16/04/2024 02:00:00 - 16/04/2024 03:00:00,""BZN|NO3"",""Without Sequence"",""31.83"","""","""""
"16/04/2024 03:00:00 - 16/04/2024 04:00:00,""BZN|NO3"",""Without Sequence"",""33.03"","""","""""
"16/04/2024 04:00:00 - 16/04/2024 05:00:00,""BZN|NO3"",""Without Sequence"",""33.59"","""","""""
"16/04/2024 05:00:00 - 16/04/2024 06:00:00,""BZN|NO3"",""Without Sequence"",""36.22"","""","""""
"16/04/2024 06:00:00 - 16/04/2024 07:00:00,""BZN|NO3"",""Without Sequence"",""45.48"","""","""""
"16/04/2024 07:00:00 - 16/04/2024 08:00:00,""BZN|NO3"",""Without Sequence"",""53.29"","""","""""
"16/04/2024 08:00:00 - 16/04/2024 09:00:00,""BZN|NO3"",""Without Sequence"",""65.01"","""","""""
"16/04/2024 09:00:00 - 16/04/2024 10:00:00,""BZN|NO3"",""Without Sequence"",""64.81"","""","""""
"16/04/2024 10:00:00 - 16/04/2024 11:00:00,""BZN|NO3"",""Without Sequence"",""52.05"","""","""""
"16/04/2024 11:00:00 - 16/04/2024 12:00:00,""BZN|NO3"",""Without Sequence"",""46.15"","""","""""
"16/04/2024 12:00:00 - 16/04/2024 13:00:00,""BZN|NO3"",""Without Sequence"",""42.96"","""","""""
"16/04/2024 13:00:00 - 16/04/2024 14:00:00,""BZN|NO3"",""Without Sequence"",""42.37"","""","""""
"16/04/2024 14:00:00 - 16/04/2024 15:00:00,""BZN|NO3"",""Without Sequence"",""43.21"","""","""""
"16/04/2024 15:00:00 - 16/04/2024 16:00:00,""BZN|NO3"",""Without Sequence"",""48.53"","""","""""
"16/04/2024 16:00:00 - 16/04/2024 17:00:00,""BZN|NO3"",""Without Sequence"",""51.67"","""","""""
"16/04/2024 17:00:00 - 16/04/2024 18:00:00,""BZN|NO3"",""Without Sequence"",""47.94"","""","""""
"16/04/2024 18:00:00 - 16/04/2024 19:00:00,""BZN|NO3"",""Without Sequence"",""47.98"","""","""""
"16/04/2024 19:00:00 - 16/04/2024 20:00:00,""BZN|NO3"",""Without Sequence"",""48.07"","""","""""
"16/04/2024 20:00:00 - 16/04/2024 21:00:00,""BZN|NO3"",""Without Sequence"",""47.88"","""","""""
"16/04/2024 21:00:00 - 16/04/2024 22:00:00,""BZN|NO3"",""Without Sequence"",""47.04"","""","""""
"16/04/2024 22:00:00 - 16/04/2024 23:00:00,""BZN|NO3"",""Without Sequence"",""45.30"","""","""""
"16/04/2024 23:00:00 - 17/04/2024 00:00:00,""BZN|NO3"",""Without Sequence"",""45.17"","""","""""
"17/04/2024 00:00:00 - 17/04/2024 01:00:00,""BZN|NO3"",""Without Sequence"",""57.36"","""","""""
"17/04/2024 01:00:00 - 17/04/2024 02:00:00,""BZN|NO3"",""Without Sequence"",""56.11"","""","""""
"17/04/2024 02:00:00 - 17/04/2024 03:00:00,""BZN|NO3"",""Without Sequence"",""55.66"","""","""""
"17/04/2024 03:00:00 - 17/04/2024 04:00:00,""BZN|NO3"",""Without Sequence"",""55.45"","""","""""
"17/04/2024 04:00:00 - 17/04/2024 05:00:00,""BZN|NO3"",""Without Sequence"",""55.69"","""","""""
"17/04/2024 05:00:00 - 17/04/2024 06:00:00,""BZN|NO3"",""Without Sequence"",""58.82"","""","""""
"17/04/2024 06:00:00 - 17/04/2024 07:00:00,""BZN|NO3"",""Without Sequence"",""55.62"","""","""""
"17/04/2024 07:00:00 - 17/04/2024 08:00:00,""BZN|NO3"",""Without Sequence"",""58.95"","""","""""
"17/04/2024 08:00:00 - 17/04/2024 09:00:00,""BZN|NO3"",""Without Sequence"",""62.17"","""","""""
"17/04/2024 09:00:00 - 17/04/2024 10:00:00,""BZN|NO3"",""Without Sequence"",""62.35"","""","""""
"17/04/2024 10:00:00 - 17/04/2024 11:00:00,""BZN|NO3"",""Without Sequence"",""59.95"","""","""""
"17/04/2024 11:00:00 - 17/04/2024 12:00:00,""BZN|NO3"",""Without Sequence"",""58.91"","""","""""
"17/04/2024 12:00:00 - 17/04/2024 13:00:00,""BZN|NO3"",""Without Sequence"",""56.35"","""","""""
"17/04/2024 13:00:00 - 17/04/2024 14:00:00,""BZN|NO3"",""Without Sequence"",""52.33"","""","""""
"17/04/2024 14:00:00 - 17/04/2024 15:00:00,""BZN|NO3"",""Without Sequence"",""50.96"","""","""""
"17/04/2024 15:00:00 - 17/04/2024 16:00:00,""BZN|NO3"",""Without Sequence"",""52.21"","""","""""
"17/04/2024 16:00:00 - 17/04/2024 17:00:00,""BZN|NO3"",""Without Sequence"",""54.73"","""","""""
"17/04/2024 17:00:00 - 17/04/2024 18:00:00,""BZN|NO3"",""Without Sequence"",""54.76"","""","""""
"17/04/2024 18:00:00 - 17/04/2024 19:00:00,""BZN|NO3"",""Without Sequence"",""62.76"","""","""""
"17/04/2024 19:00:00 - 17/04/2024 20:00:00,""BZN|NO3"",""Without Sequence"",""62.22"","""","""""
"17/04/2024 20:00:00 - 17/04/2024 21:00:00,""BZN|NO3"",""Without Sequence"",""62.90"","""","""""
"17/04/2024 21:00:00 - 17/04/2024 22:00:00,""BZN|NO3"",""Without Sequence"",""61.08"","""","""""
"17/04/2024 22:00:00 - 17/04/2024 23:00:00,""BZN|NO3"",""Without Sequence"",""59.99"","""","""""
"17/04/2024 23:00:00 - 18/04/2024 00:00:00,""BZN|NO3"",""Without Sequence"",""59.72"","""","""""
"18/04/2024 00:00:00 - 18/04/2024 01:00:00,""BZN|NO3"",""Without Sequence"",""61.82"","""","""""
"18/04/2024 01:00:00 - 18/04/2024 02:00:00,""BZN|NO3"",""Without Sequence"",""62.44"","""","""""
"18/04/2024 02:00:00 - 18/04/2024 03:00:00,""BZN|NO3"",""Without Sequence"",""62.69"","""","""""
"18/04/2024 03:00:00 - 18/04/2024 04:00:00,""BZN|NO3"",""Without Sequence"",""63.03"","""","""""
"18/04/2024 04:00:00 - 18/04/2024 05:00:00,""BZN|NO3"",""Without Sequence"",""63.81"","""","""""
"18/04/2024 05:00:00 - 18/04/2024 06:00:00,""BZN|NO3"",""Without Sequence"",""65.04"","""","""""
"18/04/2024 06:00:00 - 18/04/2024 07:00:00,""BZN|NO3"",""Without Sequence"",""121.88"","""","""""
"18/04/2024 07:00:00 - 18/04/2024 08:00:00,""BZN|NO3"",""Without Sequence"",""155.80"","""","""""
"18/04/2024 08:00:00 - 18/04/2024 09:00:00,""BZN|NO3"",""Without Sequence"",""131.19"","""","""""
"18/04/2024 09:00:00 - 18/04/2024 10:00:00,""BZN|NO3"",""Without Sequence"",""101.12"","""","""""
"18/04/2024 10:00:00 - 18/04/2024 11:00:00,""BZN|NO3"",""Without Sequence"",""90.21"","""","""""
"18/04/2024 11:00:00 - 18/04/2024 12:00:00,""BZN|NO3"",""Without Sequence"",""74.58"","""","""""
"18/04/2024 12:00:00 - 18/04/2024 13:00:00,""BZN|NO3"",""Without Sequence"",""64.15"","""","""""
"18/04/2024 13:00:00 - 18/04/2024 14:00:00,""BZN|NO3"",""Without Sequence"",""64.71"","""","""""
"18/04/2024 14:00:00 - 18/04/2024 15:00:00,""BZN|NO3"",""Without Sequence"",""62.63"","""","""""
"18/04/2024 15:00:00 - 18/04/2024 16:00:00,""BZN|NO3"",""Without Sequence"",""61.49"","""","""""
"18/04/2024 16:00:00 - 18/04/2024 17:00:00,""BZN|NO3"",""Without Sequence"",""62.29"","""","""""
"18/04/2024 17:00:00 - 18/04/2024 18:00:00,""BZN|NO3"",""Without Sequence"",""62.07"","""","""""
"18/04/2024 18:00:00 - 18/04/2024 19:00:00,""BZN|NO3"",""Without Sequence"",""59.96"","""","""""
"18/04/2024 19:00:00 - 18/04/2024 20:00:00,""BZN|NO3"",""Without Sequence"",""50.18"","""","""""
"18/04/2024 20:00:00 - 18/04/2024 21:00:00,""BZN|NO3"",""Without Sequence"",""46.89"","""","""""
"18/04/2024 21:00:00 - 18/04/2024 22:00:00,""BZN|NO3"",""Without Sequence"",""44.17"","""","""""
"18/04/2024 22:00:00 - 18/04/2024 23:00:00,""BZN|NO3"",""Without Sequence"",""43.73"","""","""""
"18/04/2024 23:00:00 - 19/04/2024 00:00:00,""BZN|NO3"",""Without Sequence"",""42.83"","""","""""
"19/04/2024 00:00:00 - 19/04/2024 01:00:00,""BZN|NO3"",""Without Sequence"",""41.41"","""","""""
"19/04/2024 01:00:00 - 19/04/2024 02:00:00,""BZN|NO3"",""Without Sequence"",""42.67"","""","""""
"19/04/2024 02:00:00 - 19/04/2024 03:00:00,""BZN|NO3"",""Without Sequence"",""41.81"","""","""""
"19/04/2024 03:00:00 - 19/04/2024 04:00:00,""BZN|NO3"",""Without Sequence"",""42.76"","""","""""
"19/04/2024 04:00:00 - 19/04/2024 05:00:00,""BZN|NO3"",""Without Sequence"",""43.85"","""","""""
"19/04/2024 05:00:00 - 19/04/2024 06:00:00,""BZN|NO3"",""Without Sequence"",""44.74"","""","""""
"19/04/2024 06:00:00 - 19/04/2024 07:00:00,""BZN|NO3"",""Without Sequence"",""54.31"","""","""""
"19/04/2024 07:00:00 - 19/04/2024 08:00:00,""BZN|NO3"",""Without Sequence"",""63.08"","""","""""
"19/04/2024 08:00:00 - 19/04/2024 09:00:00,""BZN|NO3"",""Without Sequence"",""63.99"","""","""""
"19/04/2024 09:00:00 - 19/04/2024 10:00:00,""BZN|NO3"",""Without Sequence"",""63.50"","""","""""
"19/04/2024 10:00:00 - 19/04/2024 11:00:00,""BZN|NO3"",""Without Sequence"",""61.27"","""","""""
"19/04/2024 11:00:00 - 19/04/2024 12:00:00,""BZN|NO3"",""Without Sequence"",""57.28"","""","""""
"19/04/2024 12:00:00 - 19/04/2024 13:00:00,""BZN|NO3"",""Without Sequence"",""52.16"","""","""""
"19/04/2024 13:00:00 - 19/04/2024 14:00:00,""BZN|NO3"",""Without Sequence"",""48.67"","""","""""
"19/04/2024 14:00:00 - 19/04/2024 15:00:00,""BZN|NO3"",""Without Sequence"",""46.38"","""","""""
"19/04/2024 15:00:00 - 19/04/2024 16:00:00,""BZN|NO3"",""Without Sequence"",""47.31"","""","""""
"19/04/2024 16:00:00 - 19/04/2024 17:00:00,""BZN|NO3"",""Without Sequence"",""50.91"","""","""""
"19/04/2024 17:00:00 - 19/04/2024 18:00:00,""BZN|NO3"",""Without Sequence"",""56.95"","""","""""
"19/04/2024 18:00:00 - 19/04/2024 19:00:00,""BZN|NO3"",""Without Sequence"",""60.04"","""","""""
"19/04/2024 19:00:00 - 19/04/2024 20:00:00,""BZN|NO3"",""Without Sequence"",""59.36"","""","""""
"19/04/2024 20:00:00 - 19/04/2024 21:00:00,""BZN|NO3"",""Without Sequence"",""52.16"","""","""""
"19/04/2024 21:00:00 - 19/04/2024 22:00:00,""BZN|NO3"",""Without Sequence"",""49.72"","""","""""
"19/04/2024 22:00:00 - 19/04/2024 23:00:00,""BZN|NO3"",""Without Sequence"",""45.62"","""","""""
"19/04/2024 23:00:00 - 20/04/2024 00:00:00,""BZN|NO3"",""Without Sequence"",""42.06"","""","""""
"20/04/2024 00:00:00 - 20/04/2024 01:00:00,""BZN|NO3"",""Without Sequence"",""39.92"","""","""""
"20/04/2024 01:00:00 - 20/04/2024 02:00:00,""BZN|NO3"",""Without Sequence"",""38.66"","""","""""
"20/04/2024 02:00:00 - 20/04/2024 03:00:00,""BZN|NO3"",""Without Sequence"",""37.51"","""","""""
"20/04/2024 03:00:00 - 20/04/2024 04:00:00,""BZN|NO3"",""Without Sequence"",""35.57"","""","""""
"20/04/2024 04:00:00 - 20/04/2024 05:00:00,""BZN|NO3"",""Without Sequence"",""33.28"","""","""""
"20/04/2024 05:00:00 - 20/04/2024 06:00:00,""BZN|NO3"",""Without Sequence"",""37.41"","""","""""
"20/04/2024 06:00:00 - 20/04/2024 07:00:00,""BZN|NO3"",""Without Sequence"",""37.41"","""","""""
"20/04/2024 07:00:00 - 20/04/2024 08:00:00,""BZN|NO3"",""Without Sequence"",""37.41"","""","""""
"20/04/2024 08:00:00 - 20/04/2024 09:00:00,""BZN|NO3"",""Without Sequence"",""40.88"","""","""""
"20/04/2024 09:00:00 - 20/04/2024 10:00:00,""BZN|NO3"",""Without Sequence"",""43.53"","""","""""
"20/04/2024 10:00:00 - 20/04/2024 11:00:00,""BZN|NO3"",""Without Sequence"",""46.01"","""","""""
"20/04/2024 11:00:00 - 20/04/2024 12:00:00,""BZN|NO3"",""Without Sequence"",""42.50"","""","""""
"20/04/2024 12:00:00 - 20/04/2024 13:00:00,""BZN|NO3"",""Without Sequence"",""42.16"","""","""""
"20/04/2024 13:00:00 - 20/04/2024 14:00:00,""BZN|NO3"",""Without Sequence"",""39.60"","""","""""
"20/04/2024 14:00:00 - 20/04/2024 15:00:00,""BZN|NO3"",""Without Sequence"",""38.46"","""","""""
"20/04/2024 15:00:00 - 20/04/2024 16:00:00,""BZN|NO3"",""Without Sequence"",""37.41"","""","""""
"20/04/2024 16:00:00 - 20/04/2024 17:00:00,""BZN|NO3"",""Without Sequence"",""37.41"","""","""""
"20/04/2024 17:00:00 - 20/04/2024 18:00:00,""BZN|NO3"",""Without Sequence"",""43.19"","""","""""
"20/04/2024 18:00:00 - 20/04/2024 19:00:00,""BZN|NO3"",""Without Sequence"",""47.31"","""","""""
"20/04/2024 19:00:00 - 20/04/2024 20:00:00,""BZN|NO3"",""Without Sequence"",""49.28"","""","""""
"20/04/2024 20:00:00 - 20/04/2024 21:00:00,""BZN|NO3"",""Without Sequence"",""50.18"","""","""""
"20/04/2024 21:00:00 - 20/04/2024 22:00:00,""BZN|NO3"",""Without Sequence"",""49.96"","""","""""
"20/04/2024 22:00:00 - 20/04/2024 23:00:00,""BZN|NO3"",""Without Sequence"",""50.42"","""","""""
"20/04/2024 23:00:00 - 21/04/2024 00:00:00,""BZN|NO3"",""Without Sequence"",""50.28"","""","""""
"21/04/2024 00:00:00 - 21/04/2024 01:00:00,""BZN|NO3"",""Without Sequence"",""54.71"","""","""""
"21/04/2024 01:00:00 - 21/04/2024 02:00:00,""BZN|NO3"",""Without Sequence"",""56.82"","""","""""
"21/04/2024 02:00:00 - 21/04/2024 03:00:00,""BZN|NO3"",""Without Sequence"",""58.10"","""","""""
"21/04/2024 03:00:00 - 21/04/2024 04:00:00,""BZN|NO3"",""Without Sequence"",""59.70"","""","""""
"21/04/2024 04:00:00 - 21/04/2024 05:00:00,""BZN|NO3"",""Without Sequence"",""60.93"","""","""""
"21/04/2024 05:00:00 - 21/04/2024 06:00:00,""BZN|NO3"",""Without Sequence"",""61.49"","""","""""
"21/04/2024 06:00:00 - 21/04/2024 07:00:00,""BZN|NO3"",""Without Sequence"",""61.04"","""","""""
"21/04/2024 07:00:00 - 21/04/2024 08:00:00,""BZN|NO3"",""Without Sequence"",""60.04"","""","""""
"21/04/2024 08:00:00 - 21/04/2024 09:00:00,""BZN|NO3"",""Without Sequence"",""60.88"","""","""""
"21/04/2024 09:00:00 - 21/04/2024 10:00:00,""BZN|NO3"",""Without Sequence"",""54.73"","""","""""
"21/04/2024 10:00:00 - 21/04/2024 11:00:00,""BZN|NO3"",""Without Sequence"",""49.98"","""","""""
"21/04/2024 11:00:00 - 21/04/2024 12:00:00,""BZN|NO3"",""Without Sequence"",""50.01"","""","""""
"21/04/2024 12:00:00 - 21/04/2024 13:00:00,""BZN|NO3"",""Without Sequence"",""49.95"","""","""""
"21/04/2024 13:00:00 - 21/04/2024 14:00:00,""BZN|NO3"",""Without Sequence"",""48.52"","""","""""
"21/04/2024 14:00:00 - 21/04/2024 15:00:00,""BZN|NO3"",""Without Sequence"",""47.55"","""","""""
"21/04/2024 15:00:00 - 21/04/2024 16:00:00,""BZN|NO3"",""Without Sequence"",""45.99"","""","""""
"21/04/2024 16:00:00 - 21/04/2024 17:00:00,""BZN|NO3"",""Without Sequence"",""48.15"","""","""""
"21/04/2024 17:00:00 - 21/04/2024 18:00:00,""BZN|NO3"",""Without Sequence"",""58.68"","""","""""
"21/04/2024 18:00:00 - 21/04/2024 19:00:00,""BZN|NO3"",""Without Sequence"",""73.86"","""","""""
"21/04/2024 19:00:00 - 21/04/2024 20:00:00,""BZN|NO3"",""Without Sequence"",""76.32"","""","""""
"21/04/2024 20:00:00 - 21/04/2024 21:00:00,""BZN|NO3"",""Without Sequence"",""75.05"","""","""""
"21/04/2024 21:00:00 - 21/04/2024 22:00:00,""BZN|NO3"",""Without Sequence"",""72.65"","""","""""
"21/04/2024 22:00:00 - 21/04/2024 23:00:00,""BZN|NO3"",""Without Sequence"",""67.65"","""","""""
"21/04/2024 23:00:00 - 22/04/2024 00:00:00,""BZN|NO3"",""Without Sequence"",""66.00"","""","""""
"22/04/2024 00:00:00 - 22/04/2024 01:00:00,""BZN|NO3"",""Without Sequence"",""64.75"","""","""""
"22/04/2024 01:00:00 - 22/04/2024 02:00:00,""BZN|NO3"",""Without Sequence"",""64.65"","""","""""
"22/04/2024 02:00:00 - 22/04/2024 03:00:00,""BZN|NO3"",""Without Sequence"",""64.55"","""","""""
"22/04/2024 03:00:00 - 22/04/2024 04:00:00,""BZN|NO3"",""Without Sequence"",""64.38"","""","""""
"22/04/2024 04:00:00 - 22/04/2024 05:00:00,""BZN|NO3"",""Without Sequence"",""64.70"","""","""""
"22/04/2024 05:00:00 - 22/04/2024 06:00:00,""BZN|NO3"",""Without Sequence"",""64.84"","""","""""
"22/04/2024 06:00:00 - 22/04/2024 07:00:00,""BZN|NO3"",""Without Sequence"",""65.62"","""","""""
"22/04/2024 07:00:00 - 22/04/2024 08:00:00,""BZN|NO3"",""Without Sequence"",""74.95"","""","""""
"22/04/2024 08:00:00 - 22/04/2024 09:00:00,""BZN|NO3"",""Without Sequence"",""113.82"","""","""""
"22/04/2024 09:00:00 - 22/04/2024 10:00:00,""BZN|NO3"",""Without Sequence"",""94.04"","""","""""
"22/04/2024 10:00:00 - 22/04/2024 11:00:00,""BZN|NO3"",""Without Sequence"",""79.32"","""","""""
"22/04/2024 11:00:00 - 22/04/2024 12:00:00,""BZN|NO3"",""Without Sequence"",""75.01"","""","""""
"22/04/2024 12:00:00 - 22/04/2024 13:00:00,""BZN|NO3"",""Without Sequence"",""75.87"","""","""""
"22/04/2024 13:00:00 - 22/04/2024 14:00:00,""BZN|NO3"",""Without Sequence"",""71.76"","""","""""
"22/04/2024 14:00:00 - 22/04/2024 15:00:00,""BZN|NO3"",""Without Sequence"",""66.39"","""","""""
"22/04/2024 15:00:00 - 22/04/2024 16:00:00,""BZN|NO3"",""Without Sequence"",""66.11"","""","""""
"22/04/2024 16:00:00 - 22/04/2024 17:00:00,""BZN|NO3"",""Without Sequence"",""64.94"","""","""""
"22/04/2024 17:00:00 - 22/04/2024 18:00:00,""BZN|NO3"",""Without Sequence"",""64.76"","""","""""
"22/04/2024 18:00:00 - 22/04/2024 19:00:00,""BZN|NO3"",""Without Sequence"",""65.12"","""","""""
"22/04/2024 19:00:00 - 22/04/2024 20:00:00,""BZN|NO3"",""Without Sequence"",""64.38"","""","""""
"22/04/2024 20:00:00 - 22/04/2024 21:00:00,""BZN|NO3"",""Without Sequence"",""64.87"","""","""""
"22/04/2024 21:00:00 - 22/04/2024 22:00:00,""BZN|NO3"",""Without Sequence"",""63.90"","""","""""
"22/04/2024 22:00:00 - 22/04/2024 23:00:00,""BZN|NO3"",""Without Sequence"",""58.99"","""","""""
"22/04/2024 23:00:00 - 23/04/2024 00:00:00,""BZN|NO3"",""Without Sequence"",""55.05"","""","""""
"23/04/2024 00:00:00 - 23/04/2024 01:00:00,""BZN|NO3"",""Without Sequence"",""57.43"","""","""""
"23/04/2024 01:00:00 - 23/04/2024 02:00:00,""BZN|NO3"",""Without Sequence"",""54.84"","""","""""
"23/04/2024 02:00:00 - 23/04/2024 03:00:00,""BZN|NO3"",""Without Sequence"",""51.13"","""","""""
"23/04/2024 03:00:00 - 23/04/2024 04:00:00,""BZN|NO3"",""Without Sequence"",""51.02"","""","""""
"23/04/2024 04:00:00 - 23/04/2024 05:00:00,""BZN|NO3"",""Without Sequence"",""47.85"","""","""""
"23/04/2024 05:00:00 - 23/04/2024 06:00:00,""BZN|NO3"",""Without Sequence"",""52.35"","""","""""
"23/04/2024 06:00:00 - 23/04/2024 07:00:00,""BZN|NO3"",""Without Sequence"",""54.35"","""","""""
"23/04/2024 07:00:00 - 23/04/2024 08:00:00,""BZN|NO3"",""Without Sequence"",""56.42"","""","""""
"23/04/2024 08:00:00 - 23/04/2024 09:00:00,""BZN|NO3"",""Without Sequence"",""60.26"","""","""""
"23/04/2024 09:00:00 - 23/04/2024 10:00:00,""BZN|NO3"",""Without Sequence"",""60.60"","""","""""
"23/04/2024 10:00:00 - 23/04/2024 11:00:00,""BZN|NO3"",""Without Sequence"",""58.88"","""","""""
"23/04/2024 11:00:00 - 23/04/2024 12:00:00,""BZN|NO3"",""Without Sequence"",""57.92"","""","""""
"23/04/2024 12:00:00 - 23/04/2024 13:00:00,""BZN|NO3"",""Without Sequence"",""57.00"","""","""""
"23/04/2024 13:00:00 - 23/04/2024 14:00:00,""BZN|NO3"",""Without Sequence"",""57.16"","""","""""
"23/04/2024 14:00:00 - 23/04/2024 15:00:00,""BZN|NO3"",""Without Sequence"",""57.09"","""","""""
"23/04/2024 15:00:00 - 23/04/2024 16:00:00,""BZN|NO3"",""Without Sequence"",""55.43"","""","""""
"23/04/2024 16:00:00 - 23/04/2024 17:00:00,""BZN|NO3"",""Without Sequence"",""54.74"","""","""""
"23/04/2024 17:00:00 - 23/04/2024 18:00:00,""BZN|NO3"",""Without Sequence"",""63.29"","""","""""
"23/04/2024 18:00:00 - 23/04/2024 19:00:00,""BZN|NO3"",""Without Sequence"",""66.13"","""","""""
"23/04/2024 19:00:00 - 23/04/2024 20:00:00,""BZN|NO3"",""Without Sequence"",""66.95"","""","""""
"23/04/2024 20:00:00 - 23/04/2024 21:00:00,""BZN|NO3"",""Without Sequence"",""68.85"","""","""""
"23/04/2024 21:00:00 - 23/04/2024 22:00:00,""BZN|NO3"",""Without Sequence"",""69.09"","""","""""
"23/04/2024 22:00:00 - 23/04/2024 23:00:00,""BZN|NO3"",""Without Sequence"",""68.97"","""","""""
"23/04/2024 23:00:00 - 24/04/2024 00:00:00,""BZN|NO3"",""Without Sequence"",""65.93"","""","""""
"24/04/2024 00:00:00 - 24/04/2024 01:00:00,""BZN|NO3"",""Without Sequence"",""71.86"","""","""""
"24/04/2024 01:00:00 - 24/04/2024 02:00:00,""BZN|NO3"",""Without Sequence"",""72.51"","""","""""
"24/04/2024 02:00:00 - 24/04/2024 03:00:00,""BZN|NO3"",""Without Sequence"",""75.01"","""","""""
"24/04/2024 03:00:00 - 24/04/2024 04:00:00,""BZN|NO3"",""Without Sequence"",""73.07"","""","""""
"24/04/2024 04:00:00 - 24/04/2024 05:00:00,""BZN|NO3"",""Without Sequence"",""76.04"","""","""""
"24/04/2024 05:00:00 - 24/04/2024 06:00:00,""BZN|NO3"",""Without Sequence"",""77.88"","""","""""
"24/04/2024 06:00:00 - 24/04/2024 07:00:00,""BZN|NO3"",""Without Sequence"",""87.59"","""","""""
"24/04/2024 07:00:00 - 24/04/2024 08:00:00,""BZN|NO3"",""Without Sequence"",""131.32"","""","""""
"24/04/2024 08:00:00 - 24/04/2024 09:00:00,""BZN|NO3"",""Without Sequence"",""129.23"","""","""""
"24/04/2024 09:00:00 - 24/04/2024 10:00:00,""BZN|NO3"",""Without Sequence"",""97.08"","""","""""
"24/04/2024 10:00:00 - 24/04/2024 11:00:00,""BZN|NO3"",""Without Sequence"",""92.97"","""","""""
"24/04/2024 11:00:00 - 24/04/2024 12:00:00,""BZN|NO3"",""Without Sequence"",""91.04"","""","""""
"24/04/2024 12:00:00 - 24/04/2024 13:00:00,""BZN|NO3"",""Without Sequence"",""85.62"","""","""""
"24/04/2024 13:00:00 - 24/04/2024 14:00:00,""BZN|NO3"",""Without Sequence"",""83.48"","""","""""
"24/04/2024 14:00:00 - 24/04/2024 15:00:00,""BZN|NO3"",""Without Sequence"",""80.55"","""","""""
"24/04/2024 15:00:00 - 24/04/2024 16:00:00,""BZN|NO3"",""Without Sequence"",""82.69"","""","""""
"24/04/2024 16:00:00 - 24/04/2024 17:00:00,""BZN|NO3"",""Without Sequence"",""85.15"","""","""""
"24/04/2024 17:00:00 - 24/04/2024 18:00:00,""BZN|NO3"",""Without Sequence"",""96.09"","""","""""
"24/04/2024 18:00:00 - 24/04/2024 19:00:00,""BZN|NO3"",""Without Sequence"",""104.04"","""","""""
"24/04/2024 19:00:00 - 24/04/2024 20:00:00,""BZN|NO3"",""Without Sequence"",""135.20"","""","""""
"24/04/2024 20:00:00 - 24/04/2024 21:00:00,""BZN|NO3"",""Without Sequence"",""128.79"","""","""""
"24/04/2024 21:00:00 - 24/04/2024 22:00:00,""BZN|NO3"",""Without Sequence"",""114.99"","""","""""
"24/04/2024 22:00:00 - 24/04/2024 23:00:00,""BZN|NO3"",""Without Sequence"",""87.69"","""","""""
"24/04/2024 23:00:00 - 25/04/2024 00:00:00,""BZN|NO3"",""Without Sequence"",""86.08"","""","""""
"25/04/2024 00:00:00 - 25/04/2024 01:00:00,""BZN|NO3"",""Without Sequence"",""83.50"","""","""""
"25/04/2024 01:00:00 - 25/04/2024 02:00:00,""BZN|NO3"",""Without Sequence"",""80.00"","""","""""
"25/04/2024 02:00:00 - 25/04/2024 03:00:00,""BZN|NO3"",""Without Sequence"",""77.37"","""","""""
"25/04/2024 03:00:00 - 25/04/2024 04:00:00,""BZN|NO3"",""Without Sequence"",""76.05"","""","""""
"25/04/2024 04:00:00 - 25/04/2024 05:00:00,""BZN|NO3"",""Without Sequence"",""75.24"","""","""""
"25/04/2024 05:00:00 - 25/04/2024 06:00:00,""BZN|NO3"",""Without Sequence"",""84.02"","""","""""
"25/04/2024 06:00:00 - 25/04/2024 07:00:00,""BZN|NO3"",""Without Sequence"",""102.44"","""","""""
"25/04/2024 07:00:00 - 25/04/2024 08:00:00,""BZN|NO3"",""Without Sequence"",""130.98"","""","""""
"25/04/2024 08:00:00 - 25/04/2024 09:00:00,""BZN|NO3"",""Without Sequence"",""114.36"","""","""""
"25/04/2024 09:00:00 - 25/04/2024 10:00:00,""BZN|NO3"",""Without Sequence"",""92.56"","""","""""
"25/04/2024 10:00:00 - 25/04/2024 11:00:00,""BZN|NO3"",""Without Sequence"",""80.17"","""","""""
"25/04/2024 11:00:00 - 25/04/2024 12:00:00,""BZN|NO3"",""Without Sequence"",""78.20"","""","""""
"25/04/2024 12:00:00 - 25/04/2024 13:00:00,""BZN|NO3"",""Without Sequence"",""73.92"","""","""""
"25/04/2024 13:00:00 - 25/04/2024 14:00:00,""BZN|NO3"",""Without Sequence"",""69.02"","""","""""
"25/04/2024 14:00:00 - 25/04/2024 15:00:00,""BZN|NO3"",""Without Sequence"",""66.81"","""","""""
"25/04/2024 15:00:00 - 25/04/2024 16:00:00,""BZN|NO3"",""Without Sequence"",""69.38"","""","""""
"25/04/2024 16:00:00 - 25/04/2024 17:00:00,""BZN|NO3"",""Without Sequence"",""72.81"","""","""""
"25/04/2024 17:00:00 - 25/04/2024 18:00:00,""BZN|NO3"",""Without Sequence"",""79.88"","""","""""
"25/04/2024 18:00:00 - 25/04/2024 19:00:00,""BZN|NO3"",""Without Sequence"",""90.66"","""","""""
"25/04/2024 19:00:00 - 25/04/2024 20:00:00,""BZN|NO3"",""Without Sequence"",""81.21"","""","""""
"25/04/2024 20:00:00 - 25/04/2024 21:00:00,""BZN|NO3"",""Without Sequence"",""82.81"","""","""""
"25/04/2024 21:00:00 - 25/04/2024 22:00:00,""BZN|NO3"",""Without Sequence"",""79.99"","""","""""
"25/04/2024 22:00:00 - 25/04/2024 23:00:00,""BZN|NO3"",""Without Sequence"",""78.98"","""","""""
"25/04/2024 23:00:00 - 26/04/2024 00:00:00,""BZN|NO3"",""Without Sequence"",""72.77"","""","""""
"26/04/2024 00:00:00 - 26/04/2024 01:00:00,""BZN|NO3"",""Without Sequence"",""77.37"","""","""""
"26/04/2024 01:00:00 - 26/04/2024 02:00:00,""BZN|NO3"",""Without Sequence"",""73.86"","""","""""
"26/04/2024 02:00:00 - 26/04/2024 03:00:00,""BZN|NO3"",""Without Sequence"",""71.83"","""","""""
"26/04/2024 03:00:00 - 26/04/2024 04:00:00,""BZN|NO3"",""Without Sequence"",""71.70"","""","""""
"26/04/2024 04:00:00 - 26/04/2024 05:00:00,""BZN|NO3"",""Without Sequence"",""74.10"","""","""""
"26/04/2024 05:00:00 - 26/04/2024 06:00:00,""BZN|NO3"",""Without Sequence"",""76.21"","""","""""
"26/04/2024 06:00:00 - 26/04/2024 07:00:00,""BZN|NO3"",""Without Sequence"",""81.39"","""","""""
"26/04/2024 07:00:00 - 26/04/2024 08:00:00,""BZN|NO3"",""Without Sequence"",""90.01"","""","""""
"26/04/2024 08:00:00 - 26/04/2024 09:00:00,""BZN|NO3"",""Without Sequence"",""93.08"","""","""""
"26/04/2024 09:00:00 - 26/04/2024 10:00:00,""BZN|NO3"",""Without Sequence"",""77.74"","""","""""
"26/04/2024 10:00:00 - 26/04/2024 11:00:00,""BZN|NO3"",""Without Sequence"",""76.57"","""","""""
"26/04/2024 11:00:00 - 26/04/2024 12:00:00,""BZN|NO3"",""Without Sequence"",""72.95"","""","""""
"26/04/2024 12:00:00 - 26/04/2024 13:00:00,""BZN|NO3"",""Without Sequence"",""70.35"","""","""""
"26/04/2024 13:00:00 - 26/04/2024 14:00:00,""BZN|NO3"",""Without Sequence"",""68.74"","""","""""
"26/04/2024 14:00:00 - 26/04/2024 15:00:00,""BZN|NO3"",""Without Sequence"",""65.37"","""","""""
"26/04/2024 15:00:00 - 26/04/2024 16:00:00,""BZN|NO3"",""Without Sequence"",""69.92"","""","""""
"26/04/2024 16:00:00 - 26/04/2024 17:00:00,""BZN|NO3"",""Without Sequence"",""71.70"","""","""""
"26/04/2024 17:00:00 - 26/04/2024 18:00:00,""BZN|NO3"",""Without Sequence"",""80.46"","""","""""
"26/04/2024 18:00:00 - 26/04/2024 19:00:00,""BZN|NO3"",""Without Sequence"",""85.14"","""","""""
"26/04/2024 19:00:00 - 26/04/2024 20:00:00,""BZN|NO3"",""Without Sequence"",""82.00"","""","""""
"26/04/2024 20:00:00 - 26/04/2024 21:00:00,""BZN|NO3"",""Without Sequence"",""81.14"","""","""""
"26/04/2024 21:00:00 - 26/04/2024 22:00:00,""BZN|NO3"",""Without Sequence"",""80.29"","""","""""
"26/04/2024 22:00:00 - 26/04/2024 23:00:00,""BZN|NO3"",""Without Sequence"",""81.13"","""","""""
"26/04/2024 23:00:00 - 27/04/2024 00:00:00,""BZN|NO3"",""Without Sequence"",""78.56"","""","""""
"27/04/2024 00:00:00 - 27/04/2024 01:00:00,""BZN|NO3"",""Without Sequence"",""69.34"","""","""""
"27/04/2024 01:00:00 - 27/04/2024 02:00:00,""BZN|NO3"",""Without Sequence"",""68.21"","""","""""
"27/04/2024 02:00:00 - 27/04/2024 03:00:00,""BZN|NO3"",""Without Sequence"",""68.03"","""","""""
"27/04/2024 03:00:00 - 27/04/2024 04:00:00,""BZN|NO3"",""Without Sequence"",""68.26"","""","""""
"27/04/2024 04:00:00 - 27/04/2024 05:00:00,""BZN|NO3"",""Without Sequence"",""68.08"","""","""""
"27/04/2024 05:00:00 - 27/04/2024 06:00:00,""BZN|NO3"",""Without Sequence"",""69.56"","""","""""
"27/04/2024 06:00:00 - 27/04/2024 07:00:00,""BZN|NO3"",""Without Sequence"",""67.67"","""","""""
"27/04/2024 07:00:00 - 27/04/2024 08:00:00,""BZN|NO3"",""Without Sequence"",""69.39"","""","""""
"27/04/2024 08:00:00 - 27/04/2024 09:00:00,""BZN|NO3"",""Without Sequence"",""68.50"","""","""""
"27/04/2024 09:00:00 - 27/04/2024 10:00:00,""BZN|NO3"",""Without Sequence"",""59.07"","""","""""
"27/04/2024 10:00:00 - 27/04/2024 11:00:00,""BZN|NO3"",""Without Sequence"",""50.98"","""","""""
"27/04/2024 11:00:00 - 27/04/2024 12:00:00,""BZN|NO3"",""Without Sequence"",""44.01"","""","""""
"27/04/2024 12:00:00 - 27/04/2024 13:00:00,""BZN|NO3"",""Without Sequence"",""43.42"","""","""""
"27/04/2024 13:00:00 - 27/04/2024 14:00:00,""BZN|NO3"",""Without Sequence"",""42.64"","""","""""
"27/04/2024 14:00:00 - 27/04/2024 15:00:00,""BZN|NO3"",""Without Sequence"",""43.05"","""","""""
"27/04/2024 15:00:00 - 27/04/2024 16:00:00,""BZN|NO3"",""Without Sequence"",""45.12"","""","""""
"27/04/2024 16:00:00 - 27/04/2024 17:00:00,""BZN|NO3"",""Without Sequence"",""52.72"","""","""""
"27/04/2024 17:00:00 - 27/04/2024 18:00:00,""BZN|NO3"",""Without Sequence"",""62.36"","""","""""
"27/04/2024 18:00:00 - 27/04/2024 19:00:00,""BZN|NO3"",""Without Sequence"",""86.00"","""","""""
"27/04/2024 19:00:00 - 27/04/2024 20:00:00,""BZN|NO3"",""Without Sequence"",""89.92"","""","""""
"27/04/2024 20:00:00 - 27/04/2024 21:00:00,""BZN|NO3"",""Without Sequence"",""89.97"","""","""""
"27/04/2024 21:00:00 - 27/04/2024 22:00:00,""BZN|NO3"",""Without Sequence"",""85.00"","""","""""
"27/04/2024 22:00:00 - 27/04/2024 23:00:00,""BZN|NO3"",""Without Sequence"",""75.90"","""","""""
"27/04/2024 23:00:00 - 28/04/2024 00:00:00,""BZN|NO3"",""Without Sequence"",""65.23"","""","""""
"28/04/2024 00:00:00 - 28/04/2024 01:00:00,""BZN|NO3"",""Without Sequence"",""56.39"","""","""""
"28/04/2024 01:00:00 - 28/04/2024 02:00:00,""BZN|NO3"",""Without Sequence"",""46.14"","""","""""
"28/04/2024 02:00:00 - 28/04/2024 03:00:00,""BZN|NO3"",""Without Sequence"",""39.60"","""","""""
"28/04/2024 03:00:00 - 28/04/2024 04:00:00,""BZN|NO3"",""Without Sequence"",""32.56"","""","""""
"28/04/2024 04:00:00 - 28/04/2024 05:00:00,""BZN|NO3"",""Without Sequence"",""30.37"","""","""""
"28/04/2024 05:00:00 - 28/04/2024 06:00:00,""BZN|NO3"",""Without Sequence"",""31.30"","""","""""
"28/04/2024 06:00:00 - 28/04/2024 07:00:00,""BZN|NO3"",""Without Sequence"",""32.13"","""","""""
"28/04/2024 07:00:00 - 28/04/2024 08:00:00,""BZN|NO3"",""Without Sequence"",""32.47"","""","""""
"28/04/2024 08:00:00 - 28/04/2024 09:00:00,""BZN|NO3"",""Without Sequence"",""32.92"","""","""""
"28/04/2024 09:00:00 - 28/04/2024 10:00:00,""BZN|NO3"",""Without Sequence"",""32.34"","""","""""
"28/04/2024 10:00:00 - 28/04/2024 11:00:00,""BZN|NO3"",""Without Sequence"",""33.67"","""","""""
"28/04/2024 11:00:00 - 28/04/2024 12:00:00,""BZN|NO3"",""Without Sequence"",""31.94"","""","""""
"28/04/2024 12:00:00 - 28/04/2024 13:00:00,""BZN|NO3"",""Without Sequence"",""29.32"","""","""""
"28/04/2024 13:00:00 - 28/04/2024 14:00:00,""BZN|NO3"",""Without Sequence"",""27.20"","""","""""
"28/04/2024 14:00:00 - 28/04/2024 15:00:00,""BZN|NO3"",""Without Sequence"",""25.91"","""","""""
"28/04/2024 15:00:00 - 28/04/2024 16:00:00,""BZN|NO3"",""Without Sequence"",""24.94"","""","""""
"28/04/2024 16:00:00 - 28/04/2024 17:00:00,""BZN|NO3"",""Without Sequence"",""24.39"","""","""""
"28/04/2024 17:00:00 - 28/04/2024 18:00:00,""BZN|NO3"",""Without Sequence"",""24.77"","""","""""
"28/04/2024 18:00:00 - 28/04/2024 19:00:00,""BZN|NO3"",""Without Sequence"",""35.44"","""","""""
"28/04/2024 19:00:00 - 28/04/2024 20:00:00,""BZN|NO3"",""Without Sequence"",""51.38"","""","""""
"28/04/2024 20:00:00 - 28/04/2024 21:00:00,""BZN|NO3"",""Without Sequence"",""47.44"","""","""""
"28/04/2024 21:00:00 - 28/04/2024 22:00:00,""BZN|NO3"",""Without Sequence"",""44.52"","""","""""
"28/04/2024 22:00:00 - 28/04/2024 23:00:00,""BZN|NO3"",""Without Sequence"",""43.12"","""","""""
"28/04/2024 23:00:00 - 29/04/2024 00:00:00,""BZN|NO3"",""Without Sequence"",""40.23"","""","""""
"29/04/2024 00:00:00 - 29/04/2024 01:00:00,""BZN|NO3"",""Without Sequence"",""41.10"","""","""""
"29/04/2024 01:00:00 - 29/04/2024 02:00:00,""BZN|NO3"",""Without Sequence"",""39.44"","""","""""
"29/04/2024 02:00:00 - 29/04/2024 03:00:00,""BZN|NO3"",""Without Sequence"",""38.04"","""","""""
"29/04/2024 03:00:00 - 29/04/2024 04:00:00,""BZN|NO3"",""Without Sequence"",""37.44"","""","""""
"29/04/2024 04:00:00 - 29/04/2024 05:00:00,""BZN|NO3"",""Without Sequence"",""38.05"","""","""""
"29/04/2024 05:00:00 - 29/04/2024 06:00:00,""BZN|NO3"",""Without Sequence"",""39.91"","""","""""
"29/04/2024 06:00:00 - 29/04/2024 07:00:00,""BZN|NO3"",""Without Sequence"",""41.97"","""","""""
"29/04/2024 07:00:00 - 29/04/2024 08:00:00,""BZN|NO3"",""Without Sequence"",""40.90"","""","""""
"29/04/2024 08:00:00 - 29/04/2024 09:00:00,""BZN|NO3"",""Without Sequence"",""42.06"","""","""""
"29/04/2024 09:00:00 - 29/04/2024 10:00:00,""BZN|NO3"",""Without Sequence"",""41.83"","""","""""
"29/04/2024 10:00:00 - 29/04/2024 11:00:00,""BZN|NO3"",""Without Sequence"",""45.30"","""","""""
"29/04/2024 11:00:00 - 29/04/2024 12:00:00,""BZN|NO3"",""Without Sequence"",""34.32"","""","""""
"29/04/2024 12:00:00 - 29/04/2024 13:00:00,""BZN|NO3"",""Without Sequence"",""31.39"","""","""""
"29/04/2024 13:00:00 - 29/04/2024 14:00:00,""BZN|NO3"",""Without Sequence"",""25.32"","""","""""
"29/04/2024 14:00:00 - 29/04/2024 15:00:00,""BZN|NO3"",""Without Sequence"",""25.17"","""","""""
"29/04/2024 15:00:00 - 29/04/2024 16:00:00,""BZN|NO3"",""Without Sequence"",""32.65"","""","""""
"29/04/2024 16:00:00 - 29/04/2024 17:00:00,""BZN|NO3"",""Without Sequence"",""35.29"","""","""""
"29/04/2024 17:00:00 - 29/04/2024 18:00:00,""BZN|NO3"",""Without Sequence"",""37.65"","""","""""
"29/04/2024 18:00:00 - 29/04/2024 19:00:00,""BZN|NO3"",""Without Sequence"",""42.00"","""","""""
"29/04/2024 19:00:00 - 29/04/2024 20:00:00,""BZN|NO3"",""Without Sequence"",""43.55"","""","""""
"29/04/2024 20:00:00 - 29/04/2024 21:00:00,""BZN|NO3"",""Without Sequence"",""43.10"","""","""""
"29/04/2024 21:00:00 - 29/04/2024 22:00:00,""BZN|NO3"",""Without Sequence"",""43.03"","""","""""
"29/04/2024 22:00:00 - 29/04/2024 23:00:00,""BZN|NO3"",""Without Sequence"",""40.86"","""","""""
"29/04/2024 23:00:00 - 30/04/2024 00:00:00,""BZN|NO3"",""Without Sequence"",""38.46"","""","""""
"30/04/2024 00:00:00 - 30/04/2024 01:00:00,""BZN|NO3"",""Without Sequence"",""30.92"","""","""""
"30/04/2024 01:00:00 - 30/04/2024 02:00:00,""BZN|NO3"",""Without Sequence"",""31.09"","""","""""
"30/04/2024 02:00:00 - 30/04/2024 03:00:00,""BZN|NO3"",""Without Sequence"",""33.07"","""","""""
"30/04/2024 03:00:00 - 30/04/2024 04:00:00,""BZN|NO3"",""Without Sequence"",""35.75"","""","""""
"30/04/2024 04:00:00 - 30/04/2024 05:00:00,""BZN|NO3"",""Without Sequence"",""38.62"","""","""""
"30/04/2024 05:00:00 - 30/04/2024 06:00:00,""BZN|NO3"",""Without Sequence"",""44.58"","""","""""
"30/04/2024 06:00:00 - 30/04/2024 07:00:00,""BZN|NO3"",""Without Sequence"",""51.82"","""","""""
"30/04/2024 07:00:00 - 30/04/2024 08:00:00,""BZN|NO3"",""Without Sequence"",""55.06"","""","""""
"30/04/2024 08:00:00 - 30/04/2024 09:00:00,""BZN|NO3"",""Without Sequence"",""58.89"","""","""""
"30/04/2024 09:00:00 - 30/04/2024 10:00:00,""BZN|NO3"",""Without Sequence"",""62.66"","""","""""
"30/04/2024 10:00:00 - 30/04/2024 11:00:00,""BZN|NO3"",""Without Sequence"",""52.54"","""","""""
"30/04/2024 11:00:00 - 30/04/2024 12:00:00,""BZN|NO3"",""Without Sequence"",""43.91"","""","""""
"30/04/2024 12:00:00 - 30/04/2024 13:00:00,""BZN|NO3"",""Without Sequence"",""31.25"","""","""""
"30/04/2024 13:00:00 - 30/04/2024 14:00:00,""BZN|NO3"",""Without Sequence"",""28.08"","""","""""
"30/04/2024 14:00:00 - 30/04/2024 15:00:00,""BZN|NO3"",""Without Sequence"",""28.02"","""","""""
"30/04/2024 15:00:00 - 30/04/2024 16:00:00,""BZN|NO3"",""Without Sequence"",""27.95"","""","""""
"30/04/2024 16:00:00 - 30/04/2024 17:00:00,""BZN|NO3"",""Without Sequence"",""45.58"","""","""""
"30/04/2024 17:00:00 - 30/04/2024 18:00:00,""BZN|NO3"",""Without Sequence"",""53.39"","""","""""
"30/04/2024 18:00:00 - 30/04/2024 19:00:00,""BZN|NO3"",""Without Sequence"",""53.81"","""","""""
"30/04/2024 19:00:00 - 30/04/2024 20:00:00,""BZN|NO3"",""Without Sequence"",""54.30"","""","""""
"30/04/2024 20:00:00 - 30/04/2024 21:00:00,""BZN|NO3"",""Without Sequence"",""54.07"","""","""""
"30/04/2024 21:00:00 - 30/04/2024 22:00:00,""BZN|NO3"",""Without Sequence"",""53.42"","""","""""
"30/04/2024 22:00:00 - 30/04/2024 23:00:00,""BZN|NO3"",""Without Sequence"",""52.52"","""","""""
"30/04/2024 23:00:00 - 01/05/2024 00:00:00,""BZN|NO3"",""Without Sequence"",""50.05"","""","""""
"01/05/2024 00:00:00 - 01/05/2024 01:00:00,""BZN|NO3"",""Without Sequence"",""38.00"","""","""""
"01/05/2024 01:00:00 - 01/05/2024 02:00:00,""BZN|NO3"",""Without Sequence"",""36.61"","""","""""
"01/05/2024 02:00:00 - 01/05/2024 03:00:00,""BZN|NO3"",""Without Sequence"",""35.82"","""","""""
"01/05/2024 03:00:00 - 01/05/2024 04:00:00,""BZN|NO3"",""Without Sequence"",""35.10"","""","""""
"01/05/2024 04:00:00 - 01/05/2024 05:00:00,""BZN|NO3"",""Without Sequence"",""35.59"","""","""""
"01/05/2024 05:00:00 - 01/05/2024 06:00:00,""BZN|NO3"",""Without Sequence"",""35.55"","""","""""
"01/05/2024 06:00:00 - 01/05/2024 07:00:00,""BZN|NO3"",""Without Sequence"",""38.29"","""","""""
"01/05/2024 07:00:00 - 01/05/2024 08:00:00,""BZN|NO3"",""Without Sequence"",""28.08"","""","""""
"01/05/2024 08:00:00 - 01/05/2024 09:00:00,""BZN|NO3"",""Without Sequence"",""16.28"","""","""""
"01/05/2024 09:00:00 - 01/05/2024 10:00:00,""BZN|NO3"",""Without Sequence"",""16.63"","""","""""
"01/05/2024 10:00:00 - 01/05/2024 11:00:00,""BZN|NO3"",""Without Sequence"",""16.88"","""","""""
"01/05/2024 11:00:00 - 01/05/2024 12:00:00,""BZN|NO3"",""Without Sequence"",""16.89"","""","""""
"01/05/2024 12:00:00 - 01/05/2024 13:00:00,""BZN|NO3"",""Without Sequence"",""16.92"","""","""""
"01/05/2024 13:00:00 - 01/05/2024 14:00:00,""BZN|NO3"",""Without Sequence"",""16.90"","""","""""
"01/05/2024 14:00:00 - 01/05/2024 15:00:00,""BZN|NO3"",""Without Sequence"",""18.98"","""","""""
"01/05/2024 15:00:00 - 01/05/2024 16:00:00,""BZN|NO3"",""Without Sequence"",""21.99"","""","""""
"01/05/2024 16:00:00 - 01/05/2024 17:00:00,""BZN|NO3"",""Without Sequence"",""22.61"","""","""""
"01/05/2024 17:00:00 - 01/05/2024 18:00:00,""BZN|NO3"",""Without Sequence"",""23.22"","""","""""
"01/05/2024 18:00:00 - 01/05/2024 19:00:00,""BZN|NO3"",""Without Sequence"",""23.25"","""","""""
"01/05/2024 19:00:00 - 01/05/2024 20:00:00,""BZN|NO3"",""Without Sequence"",""41.82"","""","""""
"01/05/2024 20:00:00 - 01/05/2024 21:00:00,""BZN|NO3"",""Without Sequence"",""45.75"","""","""""
"01/05/2024 21:00:00 - 01/05/2024 22:00:00,""BZN|NO3"",""Without Sequence"",""34.01"","""","""""
"01/05/2024 22:00:00 - 01/05/2024 23:00:00,""BZN|NO3"",""Without Sequence"",""29.92"","""","""""
"01/05/2024 23:00:00 - 02/05/2024 00:00:00,""BZN|NO3"",""Without Sequence"",""22.00"","""","""""
"02/05/2024 00:00:00 - 02/05/2024 01:00:00,""BZN|NO3"",""Without Sequence"",""18.70"","""","""""
"02/05/2024 01:00:00 - 02/05/2024 02:00:00,""BZN|NO3"",""Without Sequence"",""18.29"","""","""""
"02/05/2024 02:00:00 - 02/05/2024 03:00:00,""BZN|NO3"",""Without Sequence"",""18.64"","""","""""
"02/05/2024 03:00:00 - 02/05/2024 04:00:00,""BZN|NO3"",""Without Sequence"",""18.88"","""","""""
"02/05/2024 04:00:00 - 02/05/2024 05:00:00,""BZN|NO3"",""Without Sequence"",""19.34"","""","""""
"02/05/2024 05:00:00 - 02/05/2024 06:00:00,""BZN|NO3"",""Without Sequence"",""30.42"","""","""""
"02/05/2024 06:00:00 - 02/05/2024 07:00:00,""BZN|NO3"",""Without Sequence"",""39.82"","""","""""
"02/05/2024 07:00:00 - 02/05/2024 08:00:00,""BZN|NO3"",""Without Sequence"",""49.63"","""","""""
"02/05/2024 08:00:00 - 02/05/2024 09:00:00,""BZN|NO3"",""Without Sequence"",""46.90"","""","""""
"02/05/2024 09:00:00 - 02/05/2024 10:00:00,""BZN|NO3"",""Without Sequence"",""31.45"","""","""""
"02/05/2024 10:00:00 - 02/05/2024 11:00:00,""BZN|NO3"",""Without Sequence"",""23.10"","""","""""
"02/05/2024 11:00:00 - 02/05/2024 12:00:00,""BZN|NO3"",""Without Sequence"",""22.82"","""","""""
"02/05/2024 12:00:00 - 02/05/2024 13:00:00,""BZN|NO3"",""Without Sequence"",""22.94"","""","""""
"02/05/2024 13:00:00 - 02/05/2024 14:00:00,""BZN|NO3"",""Without Sequence"",""22.81"","""","""""
"02/05/2024 14:00:00 - 02/05/2024 15:00:00,""BZN|NO3"",""Without Sequence"",""22.48"","""","""""
"02/05/2024 15:00:00 - 02/05/2024 16:00:00,""BZN|NO3"",""Without Sequence"",""22.67"","""","""""
"02/05/2024 16:00:00 - 02/05/2024 17:00:00,""BZN|NO3"",""Without Sequence"",""22.46"","""","""""
"02/05/2024 17:00:00 - 02/05/2024 18:00:00,""BZN|NO3"",""Without Sequence"",""34.92"","""","""""
"02/05/2024 18:00:00 - 02/05/2024 19:00:00,""BZN|NO3"",""Without Sequence"",""39.05"","""","""""
"02/05/2024 19:00:00 - 02/05/2024 20:00:00,""BZN|NO3"",""Without Sequence"",""41.92"","""","""""
"02/05/2024 20:00:00 - 02/05/2024 21:00:00,""BZN|NO3"",""Without Sequence"",""41.99"","""","""""
"02/05/2024 21:00:00 - 02/05/2024 22:00:00,""BZN|NO3"",""Without Sequence"",""41.92"","""","""""
"02/05/2024 22:00:00 - 02/05/2024 23:00:00,""BZN|NO3"",""Without Sequence"",""37.87"","""","""""
"02/05/2024 23:00:00 - 03/05/2024 00:00:00,""BZN|NO3"",""Without Sequence"",""33.93"","""","""""
"03/05/2024 00:00:00 - 03/05/2024 01:00:00,""BZN|NO3"",""Without Sequence"",""29.78"","""","""""
"03/05/2024 01:00:00 - 03/05/2024 02:00:00,""BZN|NO3"",""Without Sequence"",""29.35"","""","""""
"03/05/2024 02:00:00 - 03/05/2024 03:00:00,""BZN|NO3"",""Without Sequence"",""29.96"","""","""""
"03/05/2024 03:00:00 - 03/05/2024 04:00:00,""BZN|NO3"",""Without Sequence"",""30.01"","""","""""
"03/05/2024 04:00:00 - 03/05/2024 05:00:00,""BZN|NO3"",""Without Sequence"",""30.44"","""","""""
"03/05/2024 05:00:00 - 03/05/2024 06:00:00,""BZN|NO3"",""Without Sequence"",""31.94"","""","""""
"03/05/2024 06:00:00 - 03/05/2024 07:00:00,""BZN|NO3"",""Without Sequence"",""35.08"","""","""""
"03/05/2024 07:00:00 - 03/05/2024 08:00:00,""BZN|NO3"",""Without Sequence"",""42.96"","""","""""
"03/05/2024 08:00:00 - 03/05/2024 09:00:00,""BZN|NO3"",""Without Sequence"",""42.74"","""","""""
"03/05/2024 09:00:00 - 03/05/2024 10:00:00,""BZN|NO3"",""Without Sequence"",""38.69"","""","""""
"03/05/2024 10:00:00 - 03/05/2024 11:00:00,""BZN|NO3"",""Without Sequence"",""38.09"","""","""""
"03/05/2024 11:00:00 - 03/05/2024 12:00:00,""BZN|NO3"",""Without Sequence"",""34.98"","""","""""
"03/05/2024 12:00:00 - 03/05/2024 13:00:00,""BZN|NO3"",""Without Sequence"",""34.17"","""","""""
"03/05/2024 13:00:00 - 03/05/2024 14:00:00,""BZN|NO3"",""Without Sequence"",""32.61"","""","""""
"03/05/2024 14:00:00 - 03/05/2024 15:00:00,""BZN|NO3"",""Without Sequence"",""31.77"","""","""""
"03/05/2024 15:00:00 - 03/05/2024 16:00:00,""BZN|NO3"",""Without Sequence"",""32.13"","""","""""
"03/05/2024 16:00:00 - 03/05/2024 17:00:00,""BZN|NO3"",""Without Sequence"",""34.29"","""","""""
"03/05/2024 17:00:00 - 03/05/2024 18:00:00,""BZN|NO3"",""Without Sequence"",""37.49"","""","""""
"03/05/2024 18:00:00 - 03/05/2024 19:00:00,""BZN|NO3"",""Without Sequence"",""39.51"","""","""""
"03/05/2024 19:00:00 - 03/05/2024 20:00:00,""BZN|NO3"",""Without Sequence"",""39.67"","""","""""
"03/05/2024 20:00:00 - 03/05/2024 21:00:00,""BZN|NO3"",""Without Sequence"",""37.50"","""","""""
"03/05/2024 21:00:00 - 03/05/2024 22:00:00,""BZN|NO3"",""Without Sequence"",""34.92"","""","""""
"03/05/2024 22:00:00 - 03/05/2024 23:00:00,""BZN|NO3"",""Without Sequence"",""31.86"","""","""""
"03/05/2024 23:00:00 - 04/05/2024 00:00:00,""BZN|NO3"",""Without Sequence"",""25.74"","""","""""
"04/05/2024 00:00:00 - 04/05/2024 01:00:00,""BZN|NO3"",""Without Sequence"",""19.57"","""","""""
"04/05/2024 01:00:00 - 04/05/2024 02:00:00,""BZN|NO3"",""Without Sequence"",""17.15"","""","""""
"04/05/2024 02:00:00 - 04/05/2024 03:00:00,""BZN|NO3"",""Without Sequence"",""16.18"","""","""""
"04/05/2024 03:00:00 - 04/05/2024 04:00:00,""BZN|NO3"",""Without Sequence"",""18.33"","""","""""
"04/05/2024 04:00:00 - 04/05/2024 05:00:00,""BZN|NO3"",""Without Sequence"",""20.47"","""","""""
"04/05/2024 05:00:00 - 04/05/2024 06:00:00,""BZN|NO3"",""Without Sequence"",""22.90"","""","""""
"04/05/2024 06:00:00 - 04/05/2024 07:00:00,""BZN|NO3"",""Without Sequence"",""25.22"","""","""""
"04/05/2024 07:00:00 - 04/05/2024 08:00:00,""BZN|NO3"",""Without Sequence"",""30.33"","""","""""
"04/05/2024 08:00:00 - 04/05/2024 09:00:00,""BZN|NO3"",""Without Sequence"",""35.35"","""","""""
"04/05/2024 09:00:00 - 04/05/2024 10:00:00,""BZN|NO3"",""Without Sequence"",""37.95"","""","""""
"04/05/2024 10:00:00 - 04/05/2024 11:00:00,""BZN|NO3"",""Without Sequence"",""36.50"","""","""""
"04/05/2024 11:00:00 - 04/05/2024 12:00:00,""BZN|NO3"",""Without Sequence"",""30.20"","""","""""
"04/05/2024 12:00:00 - 04/05/2024 13:00:00,""BZN|NO3"",""Without Sequence"",""24.33"","""","""""
"04/05/2024 13:00:00 - 04/05/2024 14:00:00,""BZN|NO3"",""Without Sequence"",""14.53"","""","""""
"04/05/2024 14:00:00 - 04/05/2024 15:00:00,""BZN|NO3"",""Without Sequence"",""13.34"","""","""""
"04/05/2024 15:00:00 - 04/05/2024 16:00:00,""BZN|NO3"",""Without Sequence"",""25.40"","""","""""
"04/05/2024 16:00:00 - 04/05/2024 17:00:00,""BZN|NO3"",""Without Sequence"",""30.01"","""","""""
"04/05/2024 17:00:00 - 04/05/2024 18:00:00,""BZN|NO3"",""Without Sequence"",""32.61"","""","""""
"04/05/2024 18:00:00 - 04/05/2024 19:00:00,""BZN|NO3"",""Without Sequence"",""34.59"","""","""""
"04/05/2024 19:00:00 - 04/05/2024 20:00:00,""BZN|NO3"",""Without Sequence"",""33.13"","""","""""
"04/05/2024 20:00:00 - 04/05/2024 21:00:00,""BZN|NO3"",""Without Sequence"",""30.00"","""","""""
"04/05/2024 21:00:00 - 04/05/2024 22:00:00,""BZN|NO3"",""Without Sequence"",""28.65"","""","""""
"04/05/2024 22:00:00 - 04/05/2024 23:00:00,""BZN|NO3"",""Without Sequence"",""25.33"","""","""""
"04/05/2024 23:00:00 - 05/05/2024 00:00:00,""BZN|NO3"",""Without Sequence"",""22.90"","""","""""
"05/05/2024 00:00:00 - 05/05/2024 01:00:00,""BZN|NO3"",""Without Sequence"",""26.36"","""","""""
"05/05/2024 01:00:00 - 05/05/2024 02:00:00,""BZN|NO3"",""Without Sequence"",""27.82"","""","""""
"05/05/2024 02:00:00 - 05/05/2024 03:00:00,""BZN|NO3"",""Without Sequence"",""28.09"","""","""""
"05/05/2024 03:00:00 - 05/05/2024 04:00:00,""BZN|NO3"",""Without Sequence"",""28.42"","""","""""
"05/05/2024 04:00:00 - 05/05/2024 05:00:00,""BZN|NO3"",""Without Sequence"",""29.39"","""","""""
"05/05/2024 05:00:00 - 05/05/2024 06:00:00,""BZN|NO3"",""Without Sequence"",""29.04"","""","""""
"05/05/2024 06:00:00 - 05/05/2024 07:00:00,""BZN|NO3"",""Without Sequence"",""31.32"","""","""""
"05/05/2024 07:00:00 - 05/05/2024 08:00:00,""BZN|NO3"",""Without Sequence"",""34.54"","""","""""
"05/05/2024 08:00:00 - 05/05/2024 09:00:00,""BZN|NO3"",""Without Sequence"",""35.72"","""","""""
"05/05/2024 09:00:00 - 05/05/2024 10:00:00,""BZN|NO3"",""Without Sequence"",""25.63"","""","""""
"05/05/2024 10:00:00 - 05/05/2024 11:00:00,""BZN|NO3"",""Without Sequence"",""14.23"","""","""""
"05/05/2024 11:00:00 - 05/05/2024 12:00:00,""BZN|NO3"",""Without Sequence"",""10.57"","""","""""
"05/05/2024 12:00:00 - 05/05/2024 13:00:00,""BZN|NO3"",""Without Sequence"",""3.27"","""","""""
"05/05/2024 13:00:00 - 05/05/2024 14:00:00,""BZN|NO3"",""Without Sequence"",""2.00"","""","""""
"05/05/2024 14:00:00 - 05/05/2024 15:00:00,""BZN|NO3"",""Without Sequence"",""1.90"","""","""""
"05/05/2024 15:00:00 - 05/05/2024 16:00:00,""BZN|NO3"",""Without Sequence"",""4.27"","""","""""
"05/05/2024 16:00:00 - 05/05/2024 17:00:00,""BZN|NO3"",""Without Sequence"",""14.86"","""","""""
"05/05/2024 17:00:00 - 05/05/2024 18:00:00,""BZN|NO3"",""Without Sequence"",""32.00"","""","""""
"05/05/2024 18:00:00 - 05/05/2024 19:00:00,""BZN|NO3"",""Without Sequence"",""35.30"","""","""""
"05/05/2024 19:00:00 - 05/05/2024 20:00:00,""BZN|NO3"",""Without Sequence"",""38.48"","""","""""
"05/05/2024 20:00:00 - 05/05/2024 21:00:00,""BZN|NO3"",""Without Sequence"",""34.71"","""","""""
"05/05/2024 21:00:00 - 05/05/2024 22:00:00,""BZN|NO3"",""Without Sequence"",""33.09"","""","""""
"05/05/2024 22:00:00 - 05/05/2024 23:00:00,""BZN|NO3"",""Without Sequence"",""29.96"","""","""""
"05/05/2024 23:00:00 - 06/05/2024 00:00:00,""BZN|NO3"",""Without Sequence"",""24.11"","""","""""
"06/05/2024 00:00:00 - 06/05/2024 01:00:00,""BZN|NO3"",""Without Sequence"",""26.92"","""","""""
"06/05/2024 01:00:00 - 06/05/2024 02:00:00,""BZN|NO3"",""Without Sequence"",""25.74"","""","""""
"06/05/2024 02:00:00 - 06/05/2024 03:00:00,""BZN|NO3"",""Without Sequence"",""25.16"","""","""""
"06/05/2024 03:00:00 - 06/05/2024 04:00:00,""BZN|NO3"",""Without Sequence"",""24.95"","""","""""
"06/05/2024 04:00:00 - 06/05/2024 05:00:00,""BZN|NO3"",""Without Sequence"",""27.89"","""","""""
"06/05/2024 05:00:00 - 06/05/2024 06:00:00,""BZN|NO3"",""Without Sequence"",""28.38"","""","""""
"06/05/2024 06:00:00 - 06/05/2024 07:00:00,""BZN|NO3"",""Without Sequence"",""29.41"","""","""""
"06/05/2024 07:00:00 - 06/05/2024 08:00:00,""BZN|NO3"",""Without Sequence"",""30.90"","""","""""
"06/05/2024 08:00:00 - 06/05/2024 09:00:00,""BZN|NO3"",""Without Sequence"",""38.15"","""","""""
"06/05/2024 09:00:00 - 06/05/2024 10:00:00,""BZN|NO3"",""Without Sequence"",""36.74"","""","""""
"06/05/2024 10:00:00 - 06/05/2024 11:00:00,""BZN|NO3"",""Without Sequence"",""35.99"","""","""""
"06/05/2024 11:00:00 - 06/05/2024 12:00:00,""BZN|NO3"",""Without Sequence"",""36.66"","""","""""
"06/05/2024 12:00:00 - 06/05/2024 13:00:00,""BZN|NO3"",""Without Sequence"",""38.31"","""","""""
"06/05/2024 13:00:00 - 06/05/2024 14:00:00,""BZN|NO3"",""Without Sequence"",""39.07"","""","""""
"06/05/2024 14:00:00 - 06/05/2024 15:00:00,""BZN|NO3"",""Without Sequence"",""39.82"","""","""""
"06/05/2024 15:00:00 - 06/05/2024 16:00:00,""BZN|NO3"",""Without Sequence"",""39.89"","""","""""
"06/05/2024 16:00:00 - 06/05/2024 17:00:00,""BZN|NO3"",""Without Sequence"",""39.59"","""","""""
"06/05/2024 17:00:00 - 06/05/2024 18:00:00,""BZN|NO3"",""Without Sequence"",""39.11"","""","""""
"06/05/2024 18:00:00 - 06/05/2024 19:00:00,""BZN|NO3"",""Without Sequence"",""39.10"","""","""""
"06/05/2024 19:00:00 - 06/05/2024 20:00:00,""BZN|NO3"",""Without Sequence"",""39.52"","""","""""
"06/05/2024 20:00:00 - 06/05/2024 21:00:00,""BZN|NO3"",""Without Sequence"",""39.51"","""","""""
"06/05/2024 21:00:00 - 06/05/2024 22:00:00,""BZN|NO3"",""Without Sequence"",""39.44"","""","""""
"06/05/2024 22:00:00 - 06/05/2024 23:00:00,""BZN|NO3"",""Without Sequence"",""38.44"","""","""""
"06/05/2024 23:00:00 - 07/05/2024 00:00:00,""BZN|NO3"",""Without Sequence"",""35.15"","""","""""
"07/05/2024 00:00:00 - 07/05/2024 01:00:00,""BZN|NO3"",""Without Sequence"",""35.46"","""","""""
"07/05/2024 01:00:00 - 07/05/2024 02:00:00,""BZN|NO3"",""Without Sequence"",""35.05"","""","""""
"07/05/2024 02:00:00 - 07/05/2024 03:00:00,""BZN|NO3"",""Without Sequence"",""34.81"","""","""""
"07/05/2024 03:00:00 - 07/05/2024 04:00:00,""BZN|NO3"",""Without Sequence"",""34.74"","""","""""
"07/05/2024 04:00:00 - 07/05/2024 05:00:00,""BZN|NO3"",""Without Sequence"",""35.19"","""","""""
"07/05/2024 05:00:00 - 07/05/2024 06:00:00,""BZN|NO3"",""Without Sequence"",""35.74"","""","""""
"07/05/2024 06:00:00 - 07/05/2024 07:00:00,""BZN|NO3"",""Without Sequence"",""44.61"","""","""""
"07/05/2024 07:00:00 - 07/05/2024 08:00:00,""BZN|NO3"",""Without Sequence"",""49.15"","""","""""
"07/05/2024 08:00:00 - 07/05/2024 09:00:00,""BZN|NO3"",""Without Sequence"",""55.60"","""","""""
"07/05/2024 09:00:00 - 07/05/2024 10:00:00,""BZN|NO3"",""Without Sequence"",""53.56"","""","""""
"07/05/2024 10:00:00 - 07/05/2024 11:00:00,""BZN|NO3"",""Without Sequence"",""48.82"","""","""""
"07/05/2024 11:00:00 - 07/05/2024 12:00:00,""BZN|NO3"",""Without Sequence"",""49.19"","""","""""
"07/05/2024 12:00:00 - 07/05/2024 13:00:00,""BZN|NO3"",""Without Sequence"",""48.74"","""","""""
"07/05/2024 13:00:00 - 07/05/2024 14:00:00,""BZN|NO3"",""Without Sequence"",""47.01"","""","""""
"07/05/2024 14:00:00 - 07/05/2024 15:00:00,""BZN|NO3"",""Without Sequence"",""40.05"","""","""""
"07/05/2024 15:00:00 - 07/05/2024 16:00:00,""BZN|NO3"",""Without Sequence"",""36.41"","""","""""
"07/05/2024 16:00:00 - 07/05/2024 17:00:00,""BZN|NO3"",""Without Sequence"",""35.53"","""","""""
"07/05/2024 17:00:00 - 07/05/2024 18:00:00,""BZN|NO3"",""Without Sequence"",""35.31"","""","""""
"07/05/2024 18:00:00 - 07/05/2024 19:00:00,""BZN|NO3"",""Without Sequence"",""33.91"","""","""""
"07/05/2024 19:00:00 - 07/05/2024 20:00:00,""BZN|NO3"",""Without Sequence"",""33.59"","""","""""
"07/05/2024 20:00:00 - 07/05/2024 21:00:00,""BZN|NO3"",""Without Sequence"",""31.21"","""","""""
"07/05/2024 21:00:00 - 07/05/2024 22:00:00,""BZN|NO3"",""Without Sequence"",""29.19"","""","""""
"07/05/2024 22:00:00 - 07/05/2024 23:00:00,""BZN|NO3"",""Without Sequence"",""29.20"","""","""""
"07/05/2024 23:00:00 - 08/05/2024 00:00:00,""BZN|NO3"",""Without Sequence"",""25.00"","""","""""
"08/05/2024 00:00:00 - 08/05/2024 01:00:00,""BZN|NO3"",""Without Sequence"",""24.45"","""","""""
"08/05/2024 01:00:00 - 08/05/2024 02:00:00,""BZN|NO3"",""Without Sequence"",""29.45"","""","""""
"08/05/2024 02:00:00 - 08/05/2024 03:00:00,""BZN|NO3"",""Without Sequence"",""30.17"","""","""""
"08/05/2024 03:00:00 - 08/05/2024 04:00:00,""BZN|NO3"",""Without Sequence"",""30.52"","""","""""
"08/05/2024 04:00:00 - 08/05/2024 05:00:00,""BZN|NO3"",""Without Sequence"",""31.52"","""","""""
"08/05/2024 05:00:00 - 08/05/2024 06:00:00,""BZN|NO3"",""Without Sequence"",""32.43"","""","""""
"08/05/2024 06:00:00 - 08/05/2024 07:00:00,""BZN|NO3"",""Without Sequence"",""35.42"","""","""""
"08/05/2024 07:00:00 - 08/05/2024 08:00:00,""BZN|NO3"",""Without Sequence"",""41.92"","""","""""
"08/05/2024 08:00:00 - 08/05/2024 09:00:00,""BZN|NO3"",""Without Sequence"",""42.70"","""","""""
"08/05/2024 09:00:00 - 08/05/2024 10:00:00,""BZN|NO3"",""Without Sequence"",""44.95"","""","""""
"08/05/2024 10:00:00 - 08/05/2024 11:00:00,""BZN|NO3"",""Without Sequence"",""44.26"","""","""""
"08/05/2024 11:00:00 - 08/05/2024 12:00:00,""BZN|NO3"",""Without Sequence"",""43.64"","""","""""
"08/05/2024 12:00:00 - 08/05/2024 13:00:00,""BZN|NO3"",""Without Sequence"",""43.46"","""","""""
"08/05/2024 13:00:00 - 08/05/2024 14:00:00,""BZN|NO3"",""Without Sequence"",""42.76"","""","""""
"08/05/2024 14:00:00 - 08/05/2024 15:00:00,""BZN|NO3"",""Without Sequence"",""42.76"","""","""""
"08/05/2024 15:00:00 - 08/05/2024 16:00:00,""BZN|NO3"",""Without Sequence"",""41.86"","""","""""
"08/05/2024 16:00:00 - 08/05/2024 17:00:00,""BZN|NO3"",""Without Sequence"",""40.19"","""","""""
"08/05/2024 17:00:00 - 08/05/2024 18:00:00,""BZN|NO3"",""Without Sequence"",""42.68"","""","""""
"08/05/2024 18:00:00 - 08/05/2024 19:00:00,""BZN|NO3"",""Without Sequence"",""42.71"","""","""""
"08/05/2024 19:00:00 - 08/05/2024 20:00:00,""BZN|NO3"",""Without Sequence"",""42.74"","""","""""
"08/05/2024 20:00:00 - 08/05/2024 21:00:00,""BZN|NO3"",""Without Sequence"",""42.71"","""","""""
"08/05/2024 21:00:00 - 08/05/2024 22:00:00,""BZN|NO3"",""Without Sequence"",""37.43"","""","""""
"08/05/2024 22:00:00 - 08/05/2024 23:00:00,""BZN|NO3"",""Without Sequence"",""34.92"","""","""""
"08/05/2024 23:00:00 - 09/05/2024 00:00:00,""BZN|NO3"",""Without Sequence"",""32.93"","""","""""
"09/05/2024 00:00:00 - 09/05/2024 01:00:00,""BZN|NO3"",""Without Sequence"",""31.56"","""","""""
"09/05/2024 01:00:00 - 09/05/2024 02:00:00,""BZN|NO3"",""Without Sequence"",""28.93"","""","""""
"09/05/2024 02:00:00 - 09/05/2024 03:00:00,""BZN|NO3"",""Without Sequence"",""28.21"","""","""""
"09/05/2024 03:00:00 - 09/05/2024 04:00:00,""BZN|NO3"",""Without Sequence"",""25.90"","""","""""
"09/05/2024 04:00:00 - 09/05/2024 05:00:00,""BZN|NO3"",""Without Sequence"",""25.69"","""","""""
"09/05/2024 05:00:00 - 09/05/2024 06:00:00,""BZN|NO3"",""Without Sequence"",""25.49"","""","""""
"09/05/2024 06:00:00 - 09/05/2024 07:00:00,""BZN|NO3"",""Without Sequence"",""28.45"","""","""""
"09/05/2024 07:00:00 - 09/05/2024 08:00:00,""BZN|NO3"",""Without Sequence"",""32.00"","""","""""
"09/05/2024 08:00:00 - 09/05/2024 09:00:00,""BZN|NO3"",""Without Sequence"",""33.18"","""","""""
"09/05/2024 09:00:00 - 09/05/2024 10:00:00,""BZN|NO3"",""Without Sequence"",""23.34"","""","""""
"09/05/2024 10:00:00 - 09/05/2024 11:00:00,""BZN|NO3"",""Without Sequence"",""4.98"","""","""""
"09/05/2024 11:00:00 - 09/05/2024 12:00:00,""BZN|NO3"",""Without Sequence"",""1.98"","""","""""
"09/05/2024 12:00:00 - 09/05/2024 13:00:00,""BZN|NO3"",""Without Sequence"",""1.50"","""","""""
"09/05/2024 13:00:00 - 09/05/2024 14:00:00,""BZN|NO3"",""Without Sequence"",""1.49"","""","""""
"09/05/2024 14:00:00 - 09/05/2024 15:00:00,""BZN|NO3"",""Without Sequence"",""1.48"","""","""""
"09/05/2024 15:00:00 - 09/05/2024 16:00:00,""BZN|NO3"",""Without Sequence"",""1.49"","""","""""
"09/05/2024 16:00:00 - 09/05/2024 17:00:00,""BZN|NO3"",""Without Sequence"",""3.08"","""","""""
"09/05/2024 17:00:00 - 09/05/2024 18:00:00,""BZN|NO3"",""Without Sequence"",""19.99"","""","""""
"09/05/2024 18:00:00 - 09/05/2024 19:00:00,""BZN|NO3"",""Without Sequence"",""19.95"","""","""""
"09/05/2024 19:00:00 - 09/05/2024 20:00:00,""BZN|NO3"",""Without Sequence"",""9.42"","""","""""
"09/05/2024 20:00:00 - 09/05/2024 21:00:00,""BZN|NO3"",""Without Sequence"",""6.28"","""","""""
"09/05/2024 21:00:00 - 09/05/2024 22:00:00,""BZN|NO3"",""Without Sequence"",""12.02"","""","""""
"09/05/2024 22:00:00 - 09/05/2024 23:00:00,""BZN|NO3"",""Without Sequence"",""9.36"","""","""""
"09/05/2024 23:00:00 - 10/05/2024 00:00:00,""BZN|NO3"",""Without Sequence"",""3.21"","""","""""
"10/05/2024 00:00:00 - 10/05/2024 01:00:00,""BZN|NO3"",""Without Sequence"",""14.94"","""","""""
"10/05/2024 01:00:00 - 10/05/2024 02:00:00,""BZN|NO3"",""Without Sequence"",""15.75"","""","""""
"10/05/2024 02:00:00 - 10/05/2024 03:00:00,""BZN|NO3"",""Without Sequence"",""16.41"","""","""""
"10/05/2024 03:00:00 - 10/05/2024 04:00:00,""BZN|NO3"",""Without Sequence"",""17.80"","""","""""
"10/05/2024 04:00:00 - 10/05/2024 05:00:00,""BZN|NO3"",""Without Sequence"",""18.81"","""","""""
"10/05/2024 05:00:00 - 10/05/2024 06:00:00,""BZN|NO3"",""Without Sequence"",""20.73"","""","""""
"10/05/2024 06:00:00 - 10/05/2024 07:00:00,""BZN|NO3"",""Without Sequence"",""24.13"","""","""""
"10/05/2024 07:00:00 - 10/05/2024 08:00:00,""BZN|NO3"",""Without Sequence"",""24.56"","""","""""
"10/05/2024 08:00:00 - 10/05/2024 09:00:00,""BZN|NO3"",""Without Sequence"",""24.87"","""","""""
"10/05/2024 09:00:00 - 10/05/2024 10:00:00,""BZN|NO3"",""Without Sequence"",""24.89"","""","""""
"10/05/2024 10:00:00 - 10/05/2024 11:00:00,""BZN|NO3"",""Without Sequence"",""24.98"","""","""""
"10/05/2024 11:00:00 - 10/05/2024 12:00:00,""BZN|NO3"",""Without Sequence"",""24.78"","""","""""
"10/05/2024 12:00:00 - 10/05/2024 13:00:00,""BZN|NO3"",""Without Sequence"",""24.58"","""","""""
"10/05/2024 13:00:00 - 10/05/2024 14:00:00,""BZN|NO3"",""Without Sequence"",""24.54"","""","""""
"10/05/2024 14:00:00 - 10/05/2024 15:00:00,""BZN|NO3"",""Without Sequence"",""24.45"","""","""""
"10/05/2024 15:00:00 - 10/05/2024 16:00:00,""BZN|NO3"",""Without Sequence"",""24.47"","""","""""
"10/05/2024 16:00:00 - 10/05/2024 17:00:00,""BZN|NO3"",""Without Sequence"",""24.57"","""","""""
"10/05/2024 17:00:00 - 10/05/2024 18:00:00,""BZN|NO3"",""Without Sequence"",""24.87"","""","""""
"10/05/2024 18:00:00 - 10/05/2024 19:00:00,""BZN|NO3"",""Without Sequence"",""24.91"","""","""""
"10/05/2024 19:00:00 - 10/05/2024 20:00:00,""BZN|NO3"",""Without Sequence"",""25.31"","""","""""
"10/05/2024 20:00:00 - 10/05/2024 21:00:00,""BZN|NO3"",""Without Sequence"",""25.31"","""","""""
"10/05/2024 21:00:00 - 10/05/2024 22:00:00,""BZN|NO3"",""Without Sequence"",""24.79"","""","""""
"10/05/2024 22:00:00 - 10/05/2024 23:00:00,""BZN|NO3"",""Without Sequence"",""24.55"","""","""""
"10/05/2024 23:00:00 - 11/05/2024 00:00:00,""BZN|NO3"",""Without Sequence"",""24.33"","""","""""
"11/05/2024 00:00:00 - 11/05/2024 01:00:00,""BZN|NO3"",""Without Sequence"",""20.33"","""","""""
"11/05/2024 01:00:00 - 11/05/2024 02:00:00,""BZN|NO3"",""Without Sequence"",""19.35"","""","""""
"11/05/2024 02:00:00 - 11/05/2024 03:00:00,""BZN|NO3"",""Without Sequence"",""18.66"","""","""""
"11/05/2024 03:00:00 - 11/05/2024 04:00:00,""BZN|NO3"",""Without Sequence"",""20.00"","""","""""
"11/05/2024 04:00:00 - 11/05/2024 05:00:00,""BZN|NO3"",""Without Sequence"",""22.40"","""","""""
"11/05/2024 05:00:00 - 11/05/2024 06:00:00,""BZN|NO3"",""Without Sequence"",""22.80"","""","""""
"11/05/2024 06:00:00 - 11/05/2024 07:00:00,""BZN|NO3"",""Without Sequence"",""25.16"","""","""""
"11/05/2024 07:00:00 - 11/05/2024 08:00:00,""BZN|NO3"",""Without Sequence"",""30.66"","""","""""
"11/05/2024 08:00:00 - 11/05/2024 09:00:00,""BZN|NO3"",""Without Sequence"",""33.93"","""","""""
"11/05/2024 09:00:00 - 11/05/2024 10:00:00,""BZN|NO3"",""Without Sequence"",""17.03"","""","""""
"11/05/2024 10:00:00 - 11/05/2024 11:00:00,""BZN|NO3"",""Without Sequence"",""16.73"","""","""""
"11/05/2024 11:00:00 - 11/05/2024 12:00:00,""BZN|NO3"",""Without Sequence"",""16.61"","""","""""
"11/05/2024 12:00:00 - 11/05/2024 13:00:00,""BZN|NO3"",""Without Sequence"",""17.21"","""","""""
"11/05/2024 13:00:00 - 11/05/2024 14:00:00,""BZN|NO3"",""Without Sequence"",""16.27"","""","""""
"11/05/2024 14:00:00 - 11/05/2024 15:00:00,""BZN|NO3"",""Without Sequence"",""15.28"","""","""""
"11/05/2024 15:00:00 - 11/05/2024 16:00:00,""BZN|NO3"",""Without Sequence"",""14.51"","""","""""
"11/05/2024 16:00:00 - 11/05/2024 17:00:00,""BZN|NO3"",""Without Sequence"",""7.51"","""","""""
"11/05/2024 17:00:00 - 11/05/2024 18:00:00,""BZN|NO3"",""Without Sequence"",""30.92"","""","""""
"11/05/2024 18:00:00 - 11/05/2024 19:00:00,""BZN|NO3"",""Without Sequence"",""35.28"","""","""""
"11/05/2024 19:00:00 - 11/05/2024 20:00:00,""BZN|NO3"",""Without Sequence"",""37.07"","""","""""
"11/05/2024 20:00:00 - 11/05/2024 21:00:00,""BZN|NO3"",""Without Sequence"",""33.47"","""","""""
"11/05/2024 21:00:00 - 11/05/2024 22:00:00,""BZN|NO3"",""Without Sequence"",""32.51"","""","""""
"11/05/2024 22:00:00 - 11/05/2024 23:00:00,""BZN|NO3"",""Without Sequence"",""28.28"","""","""""
"11/05/2024 23:00:00 - 12/05/2024 00:00:00,""BZN|NO3"",""Without Sequence"",""25.21"","""","""""
"12/05/2024 00:00:00 - 12/05/2024 01:00:00,""BZN|NO3"",""Without Sequence"",""24.36"","""","""""
"12/05/2024 01:00:00 - 12/05/2024 02:00:00,""BZN|NO3"",""Without Sequence"",""19.25"","""","""""
"12/05/2024 02:00:00 - 12/05/2024 03:00:00,""BZN|NO3"",""Without Sequence"",""14.22"","""","""""
"12/05/2024 03:00:00 - 12/05/2024 04:00:00,""BZN|NO3"",""Without Sequence"",""9.02"","""","""""
"12/05/2024 04:00:00 - 12/05/2024 05:00:00,""BZN|NO3"",""Without Sequence"",""4.91"","""","""""
"12/05/2024 05:00:00 - 12/05/2024 06:00:00,""BZN|NO3"",""Without Sequence"",""4.17"","""","""""
"12/05/2024 06:00:00 - 12/05/2024 07:00:00,""BZN|NO3"",""Without Sequence"",""10.11"","""","""""
"12/05/2024 07:00:00 - 12/05/2024 08:00:00,""BZN|NO3"",""Without Sequence"",""5.66"","""","""""
"12/05/2024 08:00:00 - 12/05/2024 09:00:00,""BZN|NO3"",""Without Sequence"",""11.35"","""","""""
"12/05/2024 09:00:00 - 12/05/2024 10:00:00,""BZN|NO3"",""Without Sequence"",""13.50"","""","""""
"12/05/2024 10:00:00 - 12/05/2024 11:00:00,""BZN|NO3"",""Without Sequence"",""13.91"","""","""""
"12/05/2024 11:00:00 - 12/05/2024 12:00:00,""BZN|NO3"",""Without Sequence"",""15.25"","""","""""
"12/05/2024 12:00:00 - 12/05/2024 13:00:00,""BZN|NO3"",""Without Sequence"",""13.52"","""","""""
"12/05/2024 13:00:00 - 12/05/2024 14:00:00,""BZN|NO3"",""Without Sequence"",""12.87"","""","""""
"12/05/2024 14:00:00 - 12/05/2024 15:00:00,""BZN|NO3"",""Without Sequence"",""7.78"","""","""""
"12/05/2024 15:00:00 - 12/05/2024 16:00:00,""BZN|NO3"",""Without Sequence"",""13.00"","""","""""
"12/05/2024 16:00:00 - 12/05/2024 17:00:00,""BZN|NO3"",""Without Sequence"",""15.89"","""","""""
"12/05/2024 17:00:00 - 12/05/2024 18:00:00,""BZN|NO3"",""Without Sequence"",""15.89"","""","""""
"12/05/2024 18:00:00 - 12/05/2024 19:00:00,""BZN|NO3"",""Without Sequence"",""24.72"","""","""""
"12/05/2024 19:00:00 - 12/05/2024 20:00:00,""BZN|NO3"",""Without Sequence"",""40.09"","""","""""
"12/05/2024 20:00:00 - 12/05/2024 21:00:00,""BZN|NO3"",""Without Sequence"",""42.22"","""","""""
"12/05/2024 21:00:00 - 12/05/2024 22:00:00,""BZN|NO3"",""Without Sequence"",""41.15"","""","""""
"12/05/2024 22:00:00 - 12/05/2024 23:00:00,""BZN|NO3"",""Without Sequence"",""35.94"","""","""""
"12/05/2024 23:00:00 - 13/05/2024 00:00:00,""BZN|NO3"",""Without Sequence"",""27.95"","""","""""
"13/05/2024 00:00:00 - 13/05/2024 01:00:00,""BZN|NO3"",""Without Sequence"",""26.20"","""","""""
"13/05/2024 01:00:00 - 13/05/2024 02:00:00,""BZN|NO3"",""Without Sequence"",""25.25"","""","""""
"13/05/2024 02:00:00 - 13/05/2024 03:00:00,""BZN|NO3"",""Without Sequence"",""25.01"","""","""""
"13/05/2024 03:00:00 - 13/05/2024 04:00:00,""BZN|NO3"",""Without Sequence"",""24.11"","""","""""
"13/05/2024 04:00:00 - 13/05/2024 05:00:00,""BZN|NO3"",""Without Sequence"",""26.36"","""","""""
"13/05/2024 05:00:00 - 13/05/2024 06:00:00,""BZN|NO3"",""Without Sequence"",""33.92"","""","""""
"13/05/2024 06:00:00 - 13/05/2024 07:00:00,""BZN|NO3"",""Without Sequence"",""37.28"","""","""""
"13/05/2024 07:00:00 - 13/05/2024 08:00:00,""BZN|NO3"",""Without Sequence"",""41.16"","""","""""
"13/05/2024 08:00:00 - 13/05/2024 09:00:00,""BZN|NO3"",""Without Sequence"",""44.12"","""","""""
"13/05/2024 09:00:00 - 13/05/2024 10:00:00,""BZN|NO3"",""Without Sequence"",""37.59"","""","""""
"13/05/2024 10:00:00 - 13/05/2024 11:00:00,""BZN|NO3"",""Without Sequence"",""18.19"","""","""""
"13/05/2024 11:00:00 - 13/05/2024 12:00:00,""BZN|NO3"",""Without Sequence"",""17.54"","""","""""
"13/05/2024 12:00:00 - 13/05/2024 13:00:00,""BZN|NO3"",""Without Sequence"",""17.12"","""","""""
"13/05/2024 13:00:00 - 13/05/2024 14:00:00,""BZN|NO3"",""Without Sequence"",""16.65"","""","""""
"13/05/2024 14:00:00 - 13/05/2024 15:00:00,""BZN|NO3"",""Without Sequence"",""16.70"","""","""""
"13/05/2024 15:00:00 - 13/05/2024 16:00:00,""BZN|NO3"",""Without Sequence"",""18.47"","""","""""
"13/05/2024 16:00:00 - 13/05/2024 17:00:00,""BZN|NO3"",""Without Sequence"",""17.19"","""","""""
"13/05/2024 17:00:00 - 13/05/2024 18:00:00,""BZN|NO3"",""Without Sequence"",""33.93"","""","""""
"13/05/2024 18:00:00 - 13/05/2024 19:00:00,""BZN|NO3"",""Without Sequence"",""37.60"","""","""""
"13/05/2024 19:00:00 - 13/05/2024 20:00:00,""BZN|NO3"",""Without Sequence"",""37.53"","""","""""
"13/05/2024 20:00:00 - 13/05/2024 21:00:00,""BZN|NO3"",""Without Sequence"",""37.09"","""","""""
"13/05/2024 21:00:00 - 13/05/2024 22:00:00,""BZN|NO3"",""Without Sequence"",""34.10"","""","""""
"13/05/2024 22:00:00 - 13/05/2024 23:00:00,""BZN|NO3"",""Without Sequence"",""29.58"","""","""""
"13/05/2024 23:00:00 - 14/05/2024 00:00:00,""BZN|NO3"",""Without Sequence"",""22.82"","""","""""
"14/05/2024 00:00:00 - 14/05/2024 01:00:00,""BZN|NO3"",""Without Sequence"",""12.35"","""","""""
"14/05/2024 01:00:00 - 14/05/2024 02:00:00,""BZN|NO3"",""Without Sequence"",""12.99"","""","""""
"14/05/2024 02:00:00 - 14/05/2024 03:00:00,""BZN|NO3"",""Without Sequence"",""12.55"","""","""""
"14/05/2024 03:00:00 - 14/05/2024 04:00:00,""BZN|NO3"",""Without Sequence"",""9.88"","""","""""
"14/05/2024 04:00:00 - 14/05/2024 05:00:00,""BZN|NO3"",""Without Sequence"",""9.78"","""","""""
"14/05/2024 05:00:00 - 14/05/2024 06:00:00,""BZN|NO3"",""Without Sequence"",""12.76"","""","""""
"14/05/2024 06:00:00 - 14/05/2024 07:00:00,""BZN|NO3"",""Without Sequence"",""17.10"","""","""""
"14/05/2024 07:00:00 - 14/05/2024 08:00:00,""BZN|NO3"",""Without Sequence"",""24.28"","""","""""
"14/05/2024 08:00:00 - 14/05/2024 09:00:00,""BZN|NO3"",""Without Sequence"",""25.76"","""","""""
"14/05/2024 09:00:00 - 14/05/2024 10:00:00,""BZN|NO3"",""Without Sequence"",""16.14"","""","""""
"14/05/2024 10:00:00 - 14/05/2024 11:00:00,""BZN|NO3"",""Without Sequence"",""16.11"","""","""""
"14/05/2024 11:00:00 - 14/05/2024 12:00:00,""BZN|NO3"",""Without Sequence"",""17.08"","""","""""
"14/05/2024 12:00:00 - 14/05/2024 13:00:00,""BZN|NO3"",""Without Sequence"",""17.01"","""","""""
"14/05/2024 13:00:00 - 14/05/2024 14:00:00,""BZN|NO3"",""Without Sequence"",""13.45"","""","""""
"14/05/2024 14:00:00 - 14/05/2024 15:00:00,""BZN|NO3"",""Without Sequence"",""12.99"","""","""""
"14/05/2024 15:00:00 - 14/05/2024 16:00:00,""BZN|NO3"",""Without Sequence"",""12.50"","""","""""
"14/05/2024 16:00:00 - 14/05/2024 17:00:00,""BZN|NO3"",""Without Sequence"",""12.64"","""","""""
"14/05/2024 17:00:00 - 14/05/2024 18:00:00,""BZN|NO3"",""Without Sequence"",""8.54"","""","""""
"14/05/2024 18:00:00 - 14/05/2024 19:00:00,""BZN|NO3"",""Without Sequence"",""10.75"","""","""""
"14/05/2024 19:00:00 - 14/05/2024 20:00:00,""BZN|NO3"",""Without Sequence"",""10.16"","""","""""
"14/05/2024 20:00:00 - 14/05/2024 21:00:00,""BZN|NO3"",""Without Sequence"",""10.17"","""","""""
"14/05/2024 21:00:00 - 14/05/2024 22:00:00,""BZN|NO3"",""Without Sequence"",""8.60"","""","""""
"14/05/2024 22:00:00 - 14/05/2024 23:00:00,""BZN|NO3"",""Without Sequence"",""3.12"","""","""""
"14/05/2024 23:00:00 - 15/05/2024 00:00:00,""BZN|NO3"",""Without Sequence"",""1.43"","""","""""
"15/05/2024 00:00:00 - 15/05/2024 01:00:00,""BZN|NO3"",""Without Sequence"",""3.09"","""","""""
"15/05/2024 01:00:00 - 15/05/2024 02:00:00,""BZN|NO3"",""Without Sequence"",""2.52"","""","""""
"15/05/2024 02:00:00 - 15/05/2024 03:00:00,""BZN|NO3"",""Without Sequence"",""1.29"","""","""""
"15/05/2024 03:00:00 - 15/05/2024 04:00:00,""BZN|NO3"",""Without Sequence"",""1.28"","""","""""
"15/05/2024 04:00:00 - 15/05/2024 05:00:00,""BZN|NO3"",""Without Sequence"",""2.91"","""","""""
"15/05/2024 05:00:00 - 15/05/2024 06:00:00,""BZN|NO3"",""Without Sequence"",""3.13"","""","""""
"15/05/2024 06:00:00 - 15/05/2024 07:00:00,""BZN|NO3"",""Without Sequence"",""10.85"","""","""""
"15/05/2024 07:00:00 - 15/05/2024 08:00:00,""BZN|NO3"",""Without Sequence"",""17.39"","""","""""
"15/05/2024 08:00:00 - 15/05/2024 09:00:00,""BZN|NO3"",""Without Sequence"",""25.03"","""","""""
"15/05/2024 09:00:00 - 15/05/2024 10:00:00,""BZN|NO3"",""Without Sequence"",""25.63"","""","""""
"15/05/2024 10:00:00 - 15/05/2024 11:00:00,""BZN|NO3"",""Without Sequence"",""7.06"","""","""""
"15/05/2024 11:00:00 - 15/05/2024 12:00:00,""BZN|NO3"",""Without Sequence"",""5.65"","""","""""
"15/05/2024 12:00:00 - 15/05/2024 13:00:00,""BZN|NO3"",""Without Sequence"",""5.01"","""","""""
"15/05/2024 13:00:00 - 15/05/2024 14:00:00,""BZN|NO3"",""Without Sequence"",""8.49"","""","""""
"15/05/2024 14:00:00 - 15/05/2024 15:00:00,""BZN|NO3"",""Without Sequence"",""8.50"","""","""""
"15/05/2024 15:00:00 - 15/05/2024 16:00:00,""BZN|NO3"",""Without Sequence"",""8.49"","""","""""
"15/05/2024 16:00:00 - 15/05/2024 17:00:00,""BZN|NO3"",""Without Sequence"",""10.21"","""","""""
"15/05/2024 17:00:00 - 15/05/2024 18:00:00,""BZN|NO3"",""Without Sequence"",""17.69"","""","""""
"15/05/2024 18:00:00 - 15/05/2024 19:00:00,""BZN|NO3"",""Without Sequence"",""17.71"","""","""""
"15/05/2024 19:00:00 - 15/05/2024 20:00:00,""BZN|NO3"",""Without Sequence"",""18.05"","""","""""
"15/05/2024 20:00:00 - 15/05/2024 21:00:00,""BZN|NO3"",""Without Sequence"",""18.40"","""","""""
"15/05/2024 21:00:00 - 15/05/2024 22:00:00,""BZN|NO3"",""Without Sequence"",""17.70"","""","""""
"15/05/2024 22:00:00 - 15/05/2024 23:00:00,""BZN|NO3"",""Without Sequence"",""17.70"","""","""""
"15/05/2024 23:00:00 - 16/05/2024 00:00:00,""BZN|NO3"",""Without Sequence"",""15.25"","""","""""
"16/05/2024 00:00:00 - 16/05/2024 01:00:00,""BZN|NO3"",""Without Sequence"",""9.96"","""","""""
"16/05/2024 01:00:00 - 16/05/2024 02:00:00,""BZN|NO3"",""Without Sequence"",""9.91"","""","""""
"16/05/2024 02:00:00 - 16/05/2024 03:00:00,""BZN|NO3"",""Without Sequence"",""8.57"","""","""""
"16/05/2024 03:00:00 - 16/05/2024 04:00:00,""BZN|NO3"",""Without Sequence"",""8.53"","""","""""
"16/05/2024 04:00:00 - 16/05/2024 05:00:00,""BZN|NO3"",""Without Sequence"",""9.95"","""","""""
"16/05/2024 05:00:00 - 16/05/2024 06:00:00,""BZN|NO3"",""Without Sequence"",""17.20"","""","""""
"16/05/2024 06:00:00 - 16/05/2024 07:00:00,""BZN|NO3"",""Without Sequence"",""25.22"","""","""""
"16/05/2024 07:00:00 - 16/05/2024 08:00:00,""BZN|NO3"",""Without Sequence"",""31.24"","""","""""
"16/05/2024 08:00:00 - 16/05/2024 09:00:00,""BZN|NO3"",""Without Sequence"",""35.00"","""","""""
"16/05/2024 09:00:00 - 16/05/2024 10:00:00,""BZN|NO3"",""Without Sequence"",""26.75"","""","""""
"16/05/2024 10:00:00 - 16/05/2024 11:00:00,""BZN|NO3"",""Without Sequence"",""11.77"","""","""""
"16/05/2024 11:00:00 - 16/05/2024 12:00:00,""BZN|NO3"",""Without Sequence"",""9.91"","""","""""
"16/05/2024 12:00:00 - 16/05/2024 13:00:00,""BZN|NO3"",""Without Sequence"",""8.51"","""","""""
"16/05/2024 13:00:00 - 16/05/2024 14:00:00,""BZN|NO3"",""Without Sequence"",""8.52"","""","""""
"16/05/2024 14:00:00 - 16/05/2024 15:00:00,""BZN|NO3"",""Without Sequence"",""8.51"","""","""""
"16/05/2024 15:00:00 - 16/05/2024 16:00:00,""BZN|NO3"",""Without Sequence"",""8.52"","""","""""
"16/05/2024 16:00:00 - 16/05/2024 17:00:00,""BZN|NO3"",""Without Sequence"",""10.00"","""","""""
"16/05/2024 17:00:00 - 16/05/2024 18:00:00,""BZN|NO3"",""Without Sequence"",""17.28"","""","""""
"16/05/2024 18:00:00 - 16/05/2024 19:00:00,""BZN|NO3"",""Without Sequence"",""20.81"","""","""""
"16/05/2024 19:00:00 - 16/05/2024 20:00:00,""BZN|NO3"",""Without Sequence"",""24.36"","""","""""
"16/05/2024 20:00:00 - 16/05/2024 21:00:00,""BZN|NO3"",""Without Sequence"",""24.30"","""","""""
"16/05/2024 21:00:00 - 16/05/2024 22:00:00,""BZN|NO3"",""Without Sequence"",""21.05"","""","""""
"16/05/2024 22:00:00 - 16/05/2024 23:00:00,""BZN|NO3"",""Without Sequence"",""12.00"","""","""""
"16/05/2024 23:00:00 - 17/05/2024 00:00:00,""BZN|NO3"",""Without Sequence"",""9.93"","""","""""
"17/05/2024 00:00:00 - 17/05/2024 01:00:00,""BZN|NO3"",""Without Sequence"",""11.12"","""","""""
"17/05/2024 01:00:00 - 17/05/2024 02:00:00,""BZN|NO3"",""Without Sequence"",""10.12"","""","""""
"17/05/2024 02:00:00 - 17/05/2024 03:00:00,""BZN|NO3"",""Without Sequence"",""4.30"","""","""""
"17/05/2024 03:00:00 - 17/05/2024 04:00:00,""BZN|NO3"",""Without Sequence"",""2.82"","""","""""
"17/05/2024 04:00:00 - 17/05/2024 05:00:00,""BZN|NO3"",""Without Sequence"",""3.48"","""","""""
"17/05/2024 05:00:00 - 17/05/2024 06:00:00,""BZN|NO3"",""Without Sequence"",""4.99"","""","""""
"17/05/2024 06:00:00 - 17/05/2024 07:00:00,""BZN|NO3"",""Without Sequence"",""10.69"","""","""""
"17/05/2024 07:00:00 - 17/05/2024 08:00:00,""BZN|NO3"",""Without Sequence"",""20.19"","""","""""
"17/05/2024 08:00:00 - 17/05/2024 09:00:00,""BZN|NO3"",""Without Sequence"",""25.06"","""","""""
"17/05/2024 09:00:00 - 17/05/2024 10:00:00,""BZN|NO3"",""Without Sequence"",""25.67"","""","""""
"17/05/2024 10:00:00 - 17/05/2024 11:00:00,""BZN|NO3"",""Without Sequence"",""12.89"","""","""""
"17/05/2024 11:00:00 - 17/05/2024 12:00:00,""BZN|NO3"",""Without Sequence"",""11.95"","""","""""
"17/05/2024 12:00:00 - 17/05/2024 13:00:00,""BZN|NO3"",""Without Sequence"",""11.17"","""","""""
"17/05/2024 13:00:00 - 17/05/2024 14:00:00,""BZN|NO3"",""Without Sequence"",""10.05"","""","""""
"17/05/2024 14:00:00 - 17/05/2024 15:00:00,""BZN|NO3"",""Without Sequence"",""9.32"","""","""""
"17/05/2024 15:00:00 - 17/05/2024 16:00:00,""BZN|NO3"",""Without Sequence"",""10.61"","""","""""
"17/05/2024 16:00:00 - 17/05/2024 17:00:00,""BZN|NO3"",""Without Sequence"",""10.06"","""","""""
"17/05/2024 17:00:00 - 17/05/2024 18:00:00,""BZN|NO3"",""Without Sequence"",""4.98"","""","""""
"17/05/2024 18:00:00 - 17/05/2024 19:00:00,""BZN|NO3"",""Without Sequence"",""7.16"","""","""""
"17/05/2024 19:00:00 - 17/05/2024 20:00:00,""BZN|NO3"",""Without Sequence"",""5.89"","""","""""
"17/05/2024 20:00:00 - 17/05/2024 21:00:00,""BZN|NO3"",""Without Sequence"",""4.13"","""","""""
"17/05/2024 21:00:00 - 17/05/2024 22:00:00,""BZN|NO3"",""Without Sequence"",""1.24"","""","""""
"17/05/2024 22:00:00 - 17/05/2024 23:00:00,""BZN|NO3"",""Without Sequence"",""0.10"","""","""""
"17/05/2024 23:00:00 - 18/05/2024 00:00:00,""BZN|NO3"",""Without Sequence"",""-0.01"","""","""""
"18/05/2024 00:00:00 - 18/05/2024 01:00:00,""BZN|NO3"",""Without Sequence"",""1.22"","""","""""
"18/05/2024 01:00:00 - 18/05/2024 02:00:00,""BZN|NO3"",""Without Sequence"",""0.45"","""","""""
"18/05/2024 02:00:00 - 18/05/2024 03:00:00,""BZN|NO3"",""Without Sequence"",""0.19"","""","""""
"18/05/2024 03:00:00 - 18/05/2024 04:00:00,""BZN|NO3"",""Without Sequence"",""0.51"","""","""""
"18/05/2024 04:00:00 - 18/05/2024 05:00:00,""BZN|NO3"",""Without Sequence"",""0.98"","""","""""
"18/05/2024 05:00:00 - 18/05/2024 06:00:00,""BZN|NO3"",""Without Sequence"",""1.42"","""","""""
"18/05/2024 06:00:00 - 18/05/2024 07:00:00,""BZN|NO3"",""Without Sequence"",""2.47"","""","""""
"18/05/2024 07:00:00 - 18/05/2024 08:00:00,""BZN|NO3"",""Without Sequence"",""4.95"","""","""""
"18/05/2024 08:00:00 - 18/05/2024 09:00:00,""BZN|NO3"",""Without Sequence"",""7.97"","""","""""
"18/05/2024 09:00:00 - 18/05/2024 10:00:00,""BZN|NO3"",""Without Sequence"",""7.43"","""","""""
"18/05/2024 10:00:00 - 18/05/2024 11:00:00,""BZN|NO3"",""Without Sequence"",""4.95"","""","""""
"18/05/2024 11:00:00 - 18/05/2024 12:00:00,""BZN|NO3"",""Without Sequence"",""0.71"","""","""""
"18/05/2024 12:00:00 - 18/05/2024 13:00:00,""BZN|NO3"",""Without Sequence"",""-0.02"","""","""""
"18/05/2024 13:00:00 - 18/05/2024 14:00:00,""BZN|NO3"",""Without Sequence"",""-0.08"","""","""""
"18/05/2024 14:00:00 - 18/05/2024 15:00:00,""BZN|NO3"",""Without Sequence"",""-0.08"","""","""""
"18/05/2024 15:00:00 - 18/05/2024 16:00:00,""BZN|NO3"",""Without Sequence"",""-0.01"","""","""""
"18/05/2024 16:00:00 - 18/05/2024 17:00:00,""BZN|NO3"",""Without Sequence"",""0.45"","""","""""
"18/05/2024 17:00:00 - 18/05/2024 18:00:00,""BZN|NO3"",""Without Sequence"",""3.38"","""","""""
"18/05/2024 18:00:00 - 18/05/2024 19:00:00,""BZN|NO3"",""Without Sequence"",""4.29"","""","""""
"18/05/2024 19:00:00 - 18/05/2024 20:00:00,""BZN|NO3"",""Without Sequence"",""4.93"","""","""""
"18/05/2024 20:00:00 - 18/05/2024 21:00:00,""BZN|NO3"",""Without Sequence"",""4.91"","""","""""
"18/05/2024 21:00:00 - 18/05/2024 22:00:00,""BZN|NO3"",""Without Sequence"",""4.14"","""","""""
"18/05/2024 22:00:00 - 18/05/2024 23:00:00,""BZN|NO3"",""Without Sequence"",""3.69"","""","""""
"18/05/2024 23:00:00 - 19/05/2024 00:00:00,""BZN|NO3"",""Without Sequence"",""3.00"","""","""""
"19/05/2024 00:00:00 - 19/05/2024 01:00:00,""BZN|NO3"",""Without Sequence"",""2.69"","""","""""
"19/05/2024 01:00:00 - 19/05/2024 02:00:00,""BZN|NO3"",""Without Sequence"",""2.48"","""","""""
"19/05/2024 02:00:00 - 19/05/2024 03:00:00,""BZN|NO3"",""Without Sequence"",""2.60"","""","""""
"19/05/2024 03:00:00 - 19/05/2024 04:00:00,""BZN|NO3"",""Without Sequence"",""2.85"","""","""""
"19/05/2024 04:00:00 - 19/05/2024 05:00:00,""BZN|NO3"",""Without Sequence"",""2.85"","""","""""
"19/05/2024 05:00:00 - 19/05/2024 06:00:00,""BZN|NO3"",""Without Sequence"",""2.91"","""","""""
"19/05/2024 06:00:00 - 19/05/2024 07:00:00,""BZN|NO3"",""Without Sequence"",""3.57"","""","""""
"19/05/2024 07:00:00 - 19/05/2024 08:00:00,""BZN|NO3"",""Without Sequence"",""3.17"","""","""""
"19/05/2024 08:00:00 - 19/05/2024 09:00:00,""BZN|NO3"",""Without Sequence"",""5.05"","""","""""
"19/05/2024 09:00:00 - 19/05/2024 10:00:00,""BZN|NO3"",""Without Sequence"",""2.91"","""","""""
"19/05/2024 10:00:00 - 19/05/2024 11:00:00,""BZN|NO3"",""Without Sequence"",""1.43"","""","""""
"19/05/2024 11:00:00 - 19/05/2024 12:00:00,""BZN|NO3"",""Without Sequence"",""1.20"","""","""""
"19/05/2024 12:00:00 - 19/05/2024 13:00:00,""BZN|NO3"",""Without Sequence"",""0.74"","""","""""
"19/05/2024 13:00:00 - 19/05/2024 14:00:00,""BZN|NO3"",""Without Sequence"",""0.01"","""","""""
"19/05/2024 14:00:00 - 19/05/2024 15:00:00,""BZN|NO3"",""Without Sequence"",""0.00"","""","""""
"19/05/2024 15:00:00 - 19/05/2024 16:00:00,""BZN|NO3"",""Without Sequence"",""0.07"","""","""""
"19/05/2024 16:00:00 - 19/05/2024 17:00:00,""BZN|NO3"",""Without Sequence"",""1.42"","""","""""
"19/05/2024 17:00:00 - 19/05/2024 18:00:00,""BZN|NO3"",""Without Sequence"",""1.45"","""","""""
"19/05/2024 18:00:00 - 19/05/2024 19:00:00,""BZN|NO3"",""Without Sequence"",""1.48"","""","""""
"19/05/2024 19:00:00 - 19/05/2024 20:00:00,""BZN|NO3"",""Without Sequence"",""2.59"","""","""""
"19/05/2024 20:00:00 - 19/05/2024 21:00:00,""BZN|NO3"",""Without Sequence"",""8.03"","""","""""
"19/05/2024 21:00:00 - 19/05/2024 22:00:00,""BZN|NO3"",""Without Sequence"",""8.15"","""","""""
"19/05/2024 22:00:00 - 19/05/2024 23:00:00,""BZN|NO3"",""Without Sequence"",""8.56"","""","""""
"19/05/2024 23:00:00 - 20/05/2024 00:00:00,""BZN|NO3"",""Without Sequence"",""8.09"","""","""""
"20/05/2024 00:00:00 - 20/05/2024 01:00:00,""BZN|NO3"",""Without Sequence"",""10.79"","""","""""
"20/05/2024 01:00:00 - 20/05/2024 02:00:00,""BZN|NO3"",""Without Sequence"",""8.40"","""","""""
"20/05/2024 02:00:00 - 20/05/2024 03:00:00,""BZN|NO3"",""Without Sequence"",""6.39"","""","""""
"20/05/2024 03:00:00 - 20/05/2024 04:00:00,""BZN|NO3"",""Without Sequence"",""5.02"","""","""""
"20/05/2024 04:00:00 - 20/05/2024 05:00:00,""BZN|NO3"",""Without Sequence"",""6.39"","""","""""
"20/05/2024 05:00:00 - 20/05/2024 06:00:00,""BZN|NO3"",""Without Sequence"",""4.94"","""","""""
"20/05/2024 06:00:00 - 20/05/2024 07:00:00,""BZN|NO3"",""Without Sequence"",""10.44"","""","""""
"20/05/2024 07:00:00 - 20/05/2024 08:00:00,""BZN|NO3"",""Without Sequence"",""27.98"","""","""""
"20/05/2024 08:00:00 - 20/05/2024 09:00:00,""BZN|NO3"",""Without Sequence"",""33.98"","""","""""
"20/05/2024 09:00:00 - 20/05/2024 10:00:00,""BZN|NO3"",""Without Sequence"",""29.38"","""","""""
"20/05/2024 10:00:00 - 20/05/2024 11:00:00,""BZN|NO3"",""Without Sequence"",""12.41"","""","""""
"20/05/2024 11:00:00 - 20/05/2024 12:00:00,""BZN|NO3"",""Without Sequence"",""6.36"","""","""""
"20/05/2024 12:00:00 - 20/05/2024 13:00:00,""BZN|NO3"",""Without Sequence"",""3.00"","""","""""
"20/05/2024 13:00:00 - 20/05/2024 14:00:00,""BZN|NO3"",""Without Sequence"",""1.46"","""","""""
"20/05/2024 14:00:00 - 20/05/2024 15:00:00,""BZN|NO3"",""Without Sequence"",""1.43"","""","""""
"20/05/2024 15:00:00 - 20/05/2024 16:00:00,""BZN|NO3"",""Without Sequence"",""6.39"","""","""""
"20/05/2024 16:00:00 - 20/05/2024 17:00:00,""BZN|NO3"",""Without Sequence"",""9.42"","""","""""
"20/05/2024 17:00:00 - 20/05/2024 18:00:00,""BZN|NO3"",""Without Sequence"",""26.77"","""","""""
"20/05/2024 18:00:00 - 20/05/2024 19:00:00,""BZN|NO3"",""Without Sequence"",""31.78"","""","""""
"20/05/2024 19:00:00 - 20/05/2024 20:00:00,""BZN|NO3"",""Without Sequence"",""33.97"","""","""""
"20/05/2024 20:00:00 - 20/05/2024 21:00:00,""BZN|NO3"",""Without Sequence"",""33.35"","""","""""
"20/05/2024 21:00:00 - 20/05/2024 22:00:00,""BZN|NO3"",""Without Sequence"",""30.46"","""","""""
"20/05/2024 22:00:00 - 20/05/2024 23:00:00,""BZN|NO3"",""Without Sequence"",""22.28"","""","""""
"20/05/2024 23:00:00 - 21/05/2024 00:00:00,""BZN|NO3"",""Without Sequence"",""9.94"","""","""""
"21/05/2024 00:00:00 - 21/05/2024 01:00:00,""BZN|NO3"",""Without Sequence"",""10.37"","""","""""
"21/05/2024 01:00:00 - 21/05/2024 02:00:00,""BZN|NO3"",""Without Sequence"",""10.14"","""","""""
"21/05/2024 02:00:00 - 21/05/2024 03:00:00,""BZN|NO3"",""Without Sequence"",""11.29"","""","""""
"21/05/2024 03:00:00 - 21/05/2024 04:00:00,""BZN|NO3"",""Without Sequence"",""12.11"","""","""""
"21/05/2024 04:00:00 - 21/05/2024 05:00:00,""BZN|NO3"",""Without Sequence"",""12.23"","""","""""
"21/05/2024 05:00:00 - 21/05/2024 06:00:00,""BZN|NO3"",""Without Sequence"",""12.99"","""","""""
"21/05/2024 06:00:00 - 21/05/2024 07:00:00,""BZN|NO3"",""Without Sequence"",""25.88"","""","""""
"21/05/2024 07:00:00 - 21/05/2024 08:00:00,""BZN|NO3"",""Without Sequence"",""30.66"","""","""""
"21/05/2024 08:00:00 - 21/05/2024 09:00:00,""BZN|NO3"",""Without Sequence"",""33.95"","""","""""
"21/05/2024 09:00:00 - 21/05/2024 10:00:00,""BZN|NO3"",""Without Sequence"",""35.38"","""","""""
"21/05/2024 10:00:00 - 21/05/2024 11:00:00,""BZN|NO3"",""Without Sequence"",""30.29"","""","""""
"21/05/2024 11:00:00 - 21/05/2024 12:00:00,""BZN|NO3"",""Without Sequence"",""25.15"","""","""""
"21/05/2024 12:00:00 - 21/05/2024 13:00:00,""BZN|NO3"",""Without Sequence"",""24.51"","""","""""
"21/05/2024 13:00:00 - 21/05/2024 14:00:00,""BZN|NO3"",""Without Sequence"",""25.01"","""","""""
"21/05/2024 14:00:00 - 21/05/2024 15:00:00,""BZN|NO3"",""Without Sequence"",""25.04"","""","""""
"21/05/2024 15:00:00 - 21/05/2024 16:00:00,""BZN|NO3"",""Without Sequence"",""24.72"","""","""""
"21/05/2024 16:00:00 - 21/05/2024 17:00:00,""BZN|NO3"",""Without Sequence"",""24.99"","""","""""
"21/05/2024 17:00:00 - 21/05/2024 18:00:00,""BZN|NO3"",""Without Sequence"",""31.14"","""","""""
"21/05/2024 18:00:00 - 21/05/2024 19:00:00,""BZN|NO3"",""Without Sequence"",""33.83"","""","""""
"21/05/2024 19:00:00 - 21/05/2024 20:00:00,""BZN|NO3"",""Without Sequence"",""32.82"","""","""""
"21/05/2024 20:00:00 - 21/05/2024 21:00:00,""BZN|NO3"",""Without Sequence"",""29.93"","""","""""
"21/05/2024 21:00:00 - 21/05/2024 22:00:00,""BZN|NO3"",""Without Sequence"",""26.01"","""","""""
"21/05/2024 22:00:00 - 21/05/2024 23:00:00,""BZN|NO3"",""Without Sequence"",""23.40"","""","""""
"21/05/2024 23:00:00 - 22/05/2024 00:00:00,""BZN|NO3"",""Without Sequence"",""19.47"","""","""""
"22/05/2024 00:00:00 - 22/05/2024 01:00:00,""BZN|NO3"",""Without Sequence"",""26.10"","""","""""
"22/05/2024 01:00:00 - 22/05/2024 02:00:00,""BZN|NO3"",""Without Sequence"",""23.39"","""","""""
"22/05/2024 02:00:00 - 22/05/2024 03:00:00,""BZN|NO3"",""Without Sequence"",""20.48"","""","""""
"22/05/2024 03:00:00 - 22/05/2024 04:00:00,""BZN|NO3"",""Without Sequence"",""19.00"","""","""""
"22/05/2024 04:00:00 - 22/05/2024 05:00:00,""BZN|NO3"",""Without Sequence"",""18.70"","""","""""
"22/05/2024 05:00:00 - 22/05/2024 06:00:00,""BZN|NO3"",""Without Sequence"",""20.70"","""","""""
"22/05/2024 06:00:00 - 22/05/2024 07:00:00,""BZN|NO3"",""Without Sequence"",""23.97"","""","""""
"22/05/2024 07:00:00 - 22/05/2024 08:00:00,""BZN|NO3"",""Without Sequence"",""36.45"","""","""""
"22/05/2024 08:00:00 - 22/05/2024 09:00:00,""BZN|NO3"",""Without Sequence"",""38.09"","""","""""
"22/05/2024 09:00:00 - 22/05/2024 10:00:00,""BZN|NO3"",""Without Sequence"",""33.28"","""","""""
"22/05/2024 10:00:00 - 22/05/2024 11:00:00,""BZN|NO3"",""Without Sequence"",""25.59"","""","""""
"22/05/2024 11:00:00 - 22/05/2024 12:00:00,""BZN|NO3"",""Without Sequence"",""24.79"","""","""""
"22/05/2024 12:00:00 - 22/05/2024 13:00:00,""BZN|NO3"",""Without Sequence"",""21.98"","""","""""
"22/05/2024 13:00:00 - 22/05/2024 14:00:00,""BZN|NO3"",""Without Sequence"",""19.48"","""","""""
"22/05/2024 14:00:00 - 22/05/2024 15:00:00,""BZN|NO3"",""Without Sequence"",""21.31"","""","""""
"22/05/2024 15:00:00 - 22/05/2024 16:00:00,""BZN|NO3"",""Without Sequence"",""23.74"","""","""""
"22/05/2024 16:00:00 - 22/05/2024 17:00:00,""BZN|NO3"",""Without Sequence"",""23.74"","""","""""
"22/05/2024 17:00:00 - 22/05/2024 18:00:00,""BZN|NO3"",""Without Sequence"",""23.74"","""","""""
"22/05/2024 18:00:00 - 22/05/2024 19:00:00,""BZN|NO3"",""Without Sequence"",""23.40"","""","""""
"22/05/2024 19:00:00 - 22/05/2024 20:00:00,""BZN|NO3"",""Without Sequence"",""20.61"","""","""""
"22/05/2024 20:00:00 - 22/05/2024 21:00:00,""BZN|NO3"",""Without Sequence"",""19.90"","""","""""
"22/05/2024 21:00:00 - 22/05/2024 22:00:00,""BZN|NO3"",""Without Sequence"",""16.70"","""","""""
"22/05/2024 22:00:00 - 22/05/2024 23:00:00,""BZN|NO3"",""Without Sequence"",""12.43"","""","""""
"22/05/2024 23:00:00 - 23/05/2024 00:00:00,""BZN|NO3"",""Without Sequence"",""3.03"","""","""""
"23/05/2024 00:00:00 - 23/05/2024 01:00:00,""BZN|NO3"",""Without Sequence"",""3.20"","""","""""
"23/05/2024 01:00:00 - 23/05/2024 02:00:00,""BZN|NO3"",""Without Sequence"",""2.91"","""","""""
"23/05/2024 02:00:00 - 23/05/2024 03:00:00,""BZN|NO3"",""Without Sequence"",""2.60"","""","""""
"23/05/2024 03:00:00 - 23/05/2024 04:00:00,""BZN|NO3"",""Without Sequence"",""2.43"","""","""""
"23/05/2024 04:00:00 - 23/05/2024 05:00:00,""BZN|NO3"",""Without Sequence"",""2.00"","""","""""
"23/05/2024 05:00:00 - 23/05/2024 06:00:00,""BZN|NO3"",""Without Sequence"",""2.45"","""","""""
"23/05/2024 06:00:00 - 23/05/2024 07:00:00,""BZN|NO3"",""Without Sequence"",""3.09"","""","""""
"23/05/2024 07:00:00 - 23/05/2024 08:00:00,""BZN|NO3"",""Without Sequence"",""10.75"","""","""""
"23/05/2024 08:00:00 - 23/05/2024 09:00:00,""BZN|NO3"",""Without Sequence"",""22.42"","""","""""
"23/05/2024 09:00:00 - 23/05/2024 10:00:00,""BZN|NO3"",""Without Sequence"",""15.13"","""","""""
"23/05/2024 10:00:00 - 23/05/2024 11:00:00,""BZN|NO3"",""Without Sequence"",""6.98"","""","""""
"23/05/2024 11:00:00 - 23/05/2024 12:00:00,""BZN|NO3"",""Without Sequence"",""8.74"","""","""""
"23/05/2024 12:00:00 - 23/05/2024 13:00:00,""BZN|NO3"",""Without Sequence"",""13.20"","""","""""
"23/05/2024 13:00:00 - 23/05/2024 14:00:00,""BZN|NO3"",""Without Sequence"",""13.20"","""","""""
"23/05/2024 14:00:00 - 23/05/2024 15:00:00,""BZN|NO3"",""Without Sequence"",""14.40"","""","""""
"23/05/2024 15:00:00 - 23/05/2024 16:00:00,""BZN|NO3"",""Without Sequence"",""14.39"","""","""""
"23/05/2024 16:00:00 - 23/05/2024 17:00:00,""BZN|NO3"",""Without Sequence"",""15.23"","""","""""
"23/05/2024 17:00:00 - 23/05/2024 18:00:00,""BZN|NO3"",""Without Sequence"",""15.70"","""","""""
"23/05/2024 18:00:00 - 23/05/2024 19:00:00,""BZN|NO3"",""Without Sequence"",""17.64"","""","""""
"23/05/2024 19:00:00 - 23/05/2024 20:00:00,""BZN|NO3"",""Without Sequence"",""18.11"","""","""""
"23/05/2024 20:00:00 - 23/05/2024 21:00:00,""BZN|NO3"",""Without Sequence"",""15.66"","""","""""
"23/05/2024 21:00:00 - 23/05/2024 22:00:00,""BZN|NO3"",""Without Sequence"",""14.66"","""","""""
"23/05/2024 22:00:00 - 23/05/2024 23:00:00,""BZN|NO3"",""Without Sequence"",""14.40"","""","""""
"23/05/2024 23:00:00 - 24/05/2024 00:00:00,""BZN|NO3"",""Without Sequence"",""14.08"","""","""""
"24/05/2024 00:00:00 - 24/05/2024 01:00:00,""BZN|NO3"",""Without Sequence"",""12.10"","""","""""
"24/05/2024 01:00:00 - 24/05/2024 02:00:00,""BZN|NO3"",""Without Sequence"",""9.93"","""","""""
"24/05/2024 02:00:00 - 24/05/2024 03:00:00,""BZN|NO3"",""Without Sequence"",""8.54"","""","""""
"24/05/2024 03:00:00 - 24/05/2024 04:00:00,""BZN|NO3"",""Without Sequence"",""4.25"","""","""""
"24/05/2024 04:00:00 - 24/05/2024 05:00:00,""BZN|NO3"",""Without Sequence"",""9.54"","""","""""
"24/05/2024 05:00:00 - 24/05/2024 06:00:00,""BZN|NO3"",""Without Sequence"",""13.18"","""","""""
"24/05/2024 06:00:00 - 24/05/2024 07:00:00,""BZN|NO3"",""Without Sequence"",""15.46"","""","""""
"24/05/2024 07:00:00 - 24/05/2024 08:00:00,""BZN|NO3"",""Without Sequence"",""24.19"","""","""""
"24/05/2024 08:00:00 - 24/05/2024 09:00:00,""BZN|NO3"",""Without Sequence"",""31.53"","""","""""
"24/05/2024 09:00:00 - 24/05/2024 10:00:00,""BZN|NO3"",""Without Sequence"",""31.75"","""","""""
"24/05/2024 10:00:00 - 24/05/2024 11:00:00,""BZN|NO3"",""Without Sequence"",""30.80"","""","""""
"24/05/2024 11:00:00 - 24/05/2024 12:00:00,""BZN|NO3"",""Without Sequence"",""26.28"","""","""""
"24/05/2024 12:00:00 - 24/05/2024 13:00:00,""BZN|NO3"",""Without Sequence"",""23.34"","""","""""
"24/05/2024 13:00:00 - 24/05/2024 14:00:00,""BZN|NO3"",""Without Sequence"",""20.97"","""","""""
"24/05/2024 14:00:00 - 24/05/2024 15:00:00,""BZN|NO3"",""Without Sequence"",""16.39"","""","""""
"24/05/2024 15:00:00 - 24/05/2024 16:00:00,""BZN|NO3"",""Without Sequence"",""16.34"","""","""""
"24/05/2024 16:00:00 - 24/05/2024 17:00:00,""BZN|NO3"",""Without Sequence"",""16.39"","""","""""
"24/05/2024 17:00:00 - 24/05/2024 18:00:00,""BZN|NO3"",""Without Sequence"",""22.46"","""","""""
"24/05/2024 18:00:00 - 24/05/2024 19:00:00,""BZN|NO3"",""Without Sequence"",""24.94"","""","""""
"24/05/2024 19:00:00 - 24/05/2024 20:00:00,""BZN|NO3"",""Without Sequence"",""26.39"","""","""""
"24/05/2024 20:00:00 - 24/05/2024 21:00:00,""BZN|NO3"",""Without Sequence"",""23.70"","""","""""
"24/05/2024 21:00:00 - 24/05/2024 22:00:00,""BZN|NO3"",""Without Sequence"",""20.62"","""","""""
"24/05/2024 22:00:00 - 24/05/2024 23:00:00,""BZN|NO3"",""Without Sequence"",""15.10"","""","""""
"24/05/2024 23:00:00 - 25/05/2024 00:00:00,""BZN|NO3"",""Without Sequence"",""13.77"","""","""""
"25/05/2024 00:00:00 - 25/05/2024 01:00:00,""BZN|NO3"",""Without Sequence"",""13.59"","""","""""
"25/05/2024 01:00:00 - 25/05/2024 02:00:00,""BZN|NO3"",""Without Sequence"",""12.86"","""","""""
"25/05/2024 02:00:00 - 25/05/2024 03:00:00,""BZN|NO3"",""Without Sequence"",""12.71"","""","""""
"25/05/2024 03:00:00 - 25/05/2024 04:00:00,""BZN|NO3"",""Without Sequence"",""12.33"","""","""""
"25/05/2024 04:00:00 - 25/05/2024 05:00:00,""BZN|NO3"",""Without Sequence"",""12.62"","""","""""
"25/05/2024 05:00:00 - 25/05/2024 06:00:00,""BZN|NO3"",""Without Sequence"",""13.70"","""","""""
"25/05/2024 06:00:00 - 25/05/2024 07:00:00,""BZN|NO3"",""Without Sequence"",""13.70"","""","""""
"25/05/2024 07:00:00 - 25/05/2024 08:00:00,""BZN|NO3"",""Without Sequence"",""17.80"","""","""""
"25/05/2024 08:00:00 - 25/05/2024 09:00:00,""BZN|NO3"",""Without Sequence"",""20.92"","""","""""
"25/05/2024 09:00:00 - 25/05/2024 10:00:00,""BZN|NO3"",""Without Sequence"",""20.45"","""","""""
"25/05/2024 10:00:00 - 25/05/2024 11:00:00,""BZN|NO3"",""Without Sequence"",""18.95"","""","""""
"25/05/2024 11:00:00 - 25/05/2024 12:00:00,""BZN|NO3"",""Without Sequence"",""17.19"","""","""""
"25/05/2024 12:00:00 - 25/05/2024 13:00:00,""BZN|NO3"",""Without Sequence"",""10.37"","""","""""
"25/05/2024 13:00:00 - 25/05/2024 14:00:00,""BZN|NO3"",""Without Sequence"",""3.00"","""","""""
"25/05/2024 14:00:00 - 25/05/2024 15:00:00,""BZN|NO3"",""Without Sequence"",""1.98"","""","""""
"25/05/2024 15:00:00 - 25/05/2024 16:00:00,""BZN|NO3"",""Without Sequence"",""3.01"","""","""""
"25/05/2024 16:00:00 - 25/05/2024 17:00:00,""BZN|NO3"",""Without Sequence"",""13.70"","""","""""
"25/05/2024 17:00:00 - 25/05/2024 18:00:00,""BZN|NO3"",""Without Sequence"",""15.70"","""","""""
"25/05/2024 18:00:00 - 25/05/2024 19:00:00,""BZN|NO3"",""Without Sequence"",""18.01"","""","""""
"25/05/2024 19:00:00 - 25/05/2024 20:00:00,""BZN|NO3"",""Without Sequence"",""15.25"","""","""""
"25/05/2024 20:00:00 - 25/05/2024 21:00:00,""BZN|NO3"",""Without Sequence"",""13.50"","""","""""
"25/05/2024 21:00:00 - 25/05/2024 22:00:00,""BZN|NO3"",""Without Sequence"",""12.73"","""","""""
"25/05/2024 22:00:00 - 25/05/2024 23:00:00,""BZN|NO3"",""Without Sequence"",""6.37"","""","""""
"25/05/2024 23:00:00 - 26/05/2024 00:00:00,""BZN|NO3"",""Without Sequence"",""2.42"","""","""""
"26/05/2024 00:00:00 - 26/05/2024 01:00:00,""BZN|NO3"",""Without Sequence"",""2.46"","""","""""
"26/05/2024 01:00:00 - 26/05/2024 02:00:00,""BZN|NO3"",""Without Sequence"",""1.96"","""","""""
"26/05/2024 02:00:00 - 26/05/2024 03:00:00,""BZN|NO3"",""Without Sequence"",""1.98"","""","""""
"26/05/2024 03:00:00 - 26/05/2024 04:00:00,""BZN|NO3"",""Without Sequence"",""2.00"","""","""""
"26/05/2024 04:00:00 - 26/05/2024 05:00:00,""BZN|NO3"",""Without Sequence"",""2.26"","""","""""
"26/05/2024 05:00:00 - 26/05/2024 06:00:00,""BZN|NO3"",""Without Sequence"",""2.49"","""","""""
"26/05/2024 06:00:00 - 26/05/2024 07:00:00,""BZN|NO3"",""Without Sequence"",""3.07"","""","""""
"26/05/2024 07:00:00 - 26/05/2024 08:00:00,""BZN|NO3"",""Without Sequence"",""4.51"","""","""""
"26/05/2024 08:00:00 - 26/05/2024 09:00:00,""BZN|NO3"",""Without Sequence"",""7.08"","""","""""
"26/05/2024 09:00:00 - 26/05/2024 10:00:00,""BZN|NO3"",""Without Sequence"",""1.94"","""","""""
"26/05/2024 10:00:00 - 26/05/2024 11:00:00,""BZN|NO3"",""Without Sequence"",""1.93"","""","""""
"26/05/2024 11:00:00 - 26/05/2024 12:00:00,""BZN|NO3"",""Without Sequence"",""1.92"","""","""""
"26/05/2024 12:00:00 - 26/05/2024 13:00:00,""BZN|NO3"",""Without Sequence"",""0.14"","""","""""
"26/05/2024 13:00:00 - 26/05/2024 14:00:00,""BZN|NO3"",""Without Sequence"",""0.11"","""","""""
"26/05/2024 14:00:00 - 26/05/2024 15:00:00,""BZN|NO3"",""Without Sequence"",""0.11"","""","""""
"26/05/2024 15:00:00 - 26/05/2024 16:00:00,""BZN|NO3"",""Without Sequence"",""1.92"","""","""""
"26/05/2024 16:00:00 - 26/05/2024 17:00:00,""BZN|NO3"",""Without Sequence"",""4.80"","""","""""
"26/05/2024 17:00:00 - 26/05/2024 18:00:00,""BZN|NO3"",""Without Sequence"",""13.12"","""","""""
"26/05/2024 18:00:00 - 26/05/2024 19:00:00,""BZN|NO3"",""Without Sequence"",""13.27"","""","""""
"26/05/2024 19:00:00 - 26/05/2024 20:00:00,""BZN|NO3"",""Without Sequence"",""13.85"","""","""""
"26/05/2024 20:00:00 - 26/05/2024 21:00:00,""BZN|NO3"",""Without Sequence"",""13.96"","""","""""
"26/05/2024 21:00:00 - 26/05/2024 22:00:00,""BZN|NO3"",""Without Sequence"",""13.38"","""","""""
"26/05/2024 22:00:00 - 26/05/2024 23:00:00,""BZN|NO3"",""Without Sequence"",""12.20"","""","""""
"26/05/2024 23:00:00 - 27/05/2024 00:00:00,""BZN|NO3"",""Without Sequence"",""2.61"","""","""""
"27/05/2024 00:00:00 - 27/05/2024 01:00:00,""BZN|NO3"",""Without Sequence"",""1.97"","""","""""
"27/05/2024 01:00:00 - 27/05/2024 02:00:00,""BZN|NO3"",""Without Sequence"",""1.96"","""","""""
"27/05/2024 02:00:00 - 27/05/2024 03:00:00,""BZN|NO3"",""Without Sequence"",""1.95"","""","""""
"27/05/2024 03:00:00 - 27/05/2024 04:00:00,""BZN|NO3"",""Without Sequence"",""1.94"","""","""""
"27/05/2024 04:00:00 - 27/05/2024 05:00:00,""BZN|NO3"",""Without Sequence"",""1.97"","""","""""
"27/05/2024 05:00:00 - 27/05/2024 06:00:00,""BZN|NO3"",""Without Sequence"",""1.97"","""","""""
"27/05/2024 06:00:00 - 27/05/2024 07:00:00,""BZN|NO3"",""Without Sequence"",""2.90"","""","""""
"27/05/2024 07:00:00 - 27/05/2024 08:00:00,""BZN|NO3"",""Without Sequence"",""7.71"","""","""""
"27/05/2024 08:00:00 - 27/05/2024 09:00:00,""BZN|NO3"",""Without Sequence"",""11.91"","""","""""
"27/05/2024 09:00:00 - 27/05/2024 10:00:00,""BZN|NO3"",""Without Sequence"",""7.81"","""","""""
"27/05/2024 10:00:00 - 27/05/2024 11:00:00,""BZN|NO3"",""Without Sequence"",""7.99"","""","""""
"27/05/2024 11:00:00 - 27/05/2024 12:00:00,""BZN|NO3"",""Without Sequence"",""10.45"","""","""""
"27/05/2024 12:00:00 - 27/05/2024 13:00:00,""BZN|NO3"",""Without Sequence"",""14.34"","""","""""
"27/05/2024 13:00:00 - 27/05/2024 14:00:00,""BZN|NO3"",""Without Sequence"",""15.15"","""","""""
"27/05/2024 14:00:00 - 27/05/2024 15:00:00,""BZN|NO3"",""Without Sequence"",""15.33"","""","""""
"27/05/2024 15:00:00 - 27/05/2024 16:00:00,""BZN|NO3"",""Without Sequence"",""15.74"","""","""""
"27/05/2024 16:00:00 - 27/05/2024 17:00:00,""BZN|NO3"",""Without Sequence"",""15.74"","""","""""
"27/05/2024 17:00:00 - 27/05/2024 18:00:00,""BZN|NO3"",""Without Sequence"",""15.66"","""","""""
"27/05/2024 18:00:00 - 27/05/2024 19:00:00,""BZN|NO3"",""Without Sequence"",""15.65"","""","""""
"27/05/2024 19:00:00 - 27/05/2024 20:00:00,""BZN|NO3"",""Without Sequence"",""15.58"","""","""""
"27/05/2024 20:00:00 - 27/05/2024 21:00:00,""BZN|NO3"",""Without Sequence"",""15.30"","""","""""
"27/05/2024 21:00:00 - 27/05/2024 22:00:00,""BZN|NO3"",""Without Sequence"",""14.46"","""","""""
"27/05/2024 22:00:00 - 27/05/2024 23:00:00,""BZN|NO3"",""Without Sequence"",""6.01"","""","""""
"27/05/2024 23:00:00 - 28/05/2024 00:00:00,""BZN|NO3"",""Without Sequence"",""2.00"","""","""""
"28/05/2024 00:00:00 - 28/05/2024 01:00:00,""BZN|NO3"",""Without Sequence"",""1.98"","""","""""
"28/05/2024 01:00:00 - 28/05/2024 02:00:00,""BZN|NO3"",""Without Sequence"",""0.81"","""","""""
"28/05/2024 02:00:00 - 28/05/2024 03:00:00,""BZN|NO3"",""Without Sequence"",""0.14"","""","""""
"28/05/2024 03:00:00 - 28/05/2024 04:00:00,""BZN|NO3"",""Without Sequence"",""0.11"","""","""""
"28/05/2024 04:00:00 - 28/05/2024 05:00:00,""BZN|NO3"",""Without Sequence"",""0.14"","""","""""
"28/05/2024 05:00:00 - 28/05/2024 06:00:00,""BZN|NO3"",""Without Sequence"",""1.91"","""","""""
"28/05/2024 06:00:00 - 28/05/2024 07:00:00,""BZN|NO3"",""Without Sequence"",""3.88"","""","""""
"28/05/2024 07:00:00 - 28/05/2024 08:00:00,""BZN|NO3"",""Without Sequence"",""12.73"","""","""""
"28/05/2024 08:00:00 - 28/05/2024 09:00:00,""BZN|NO3"",""Without Sequence"",""15.61"","""","""""
"28/05/2024 09:00:00 - 28/05/2024 10:00:00,""BZN|NO3"",""Without Sequence"",""15.75"","""","""""
"28/05/2024 10:00:00 - 28/05/2024 11:00:00,""BZN|NO3"",""Without Sequence"",""15.87"","""","""""
"28/05/2024 11:00:00 - 28/05/2024 12:00:00,""BZN|NO3"",""Without Sequence"",""16.43"","""","""""
"28/05/2024 12:00:00 - 28/05/2024 13:00:00,""BZN|NO3"",""Without Sequence"",""16.37"","""","""""
"28/05/2024 13:00:00 - 28/05/2024 14:00:00,""BZN|NO3"",""Without Sequence"",""17.45"","""","""""
"28/05/2024 14:00:00 - 28/05/2024 15:00:00,""BZN|NO3"",""Without Sequence"",""17.48"","""","""""
"28/05/2024 15:00:00 - 28/05/2024 16:00:00,""BZN|NO3"",""Without Sequence"",""17.48"","""","""""
"28/05/2024 16:00:00 - 28/05/2024 17:00:00,""BZN|NO3"",""Without Sequence"",""18.19"","""","""""
"28/05/2024 17:00:00 - 28/05/2024 18:00:00,""BZN|NO3"",""Without Sequence"",""16.20"","""","""""
"28/05/2024 18:00:00 - 28/05/2024 19:00:00,""BZN|NO3"",""Without Sequence"",""16.19"","""","""""
"28/05/2024 19:00:00 - 28/05/2024 20:00:00,""BZN|NO3"",""Without Sequence"",""16.20"","""","""""
"28/05/2024 20:00:00 - 28/05/2024 21:00:00,""BZN|NO3"",""Without Sequence"",""16.19"","""","""""
"28/05/2024 21:00:00 - 28/05/2024 22:00:00,""BZN|NO3"",""Without Sequence"",""15.39"","""","""""
"28/05/2024 22:00:00 - 28/05/2024 23:00:00,""BZN|NO3"",""Without Sequence"",""14.95"","""","""""
"28/05/2024 23:00:00 - 29/05/2024 00:00:00,""BZN|NO3"",""Without Sequence"",""3.09"","""","""""
"29/05/2024 00:00:00 - 29/05/2024 01:00:00,""BZN|NO3"",""Without Sequence"",""1.94"","""","""""
"29/05/2024 01:00:00 - 29/05/2024 02:00:00,""BZN|NO3"",""Without Sequence"",""0.79"","""","""""
"29/05/2024 02:00:00 - 29/05/2024 03:00:00,""BZN|NO3"",""Without Sequence"",""0.85"","""","""""
"29/05/2024 03:00:00 - 29/05/2024 04:00:00,""BZN|NO3"",""Without Sequence"",""1.16"","""","""""
"29/05/2024 04:00:00 - 29/05/2024 05:00:00,""BZN|NO3"",""Without Sequence"",""1.97"","""","""""
"29/05/2024 05:00:00 - 29/05/2024 06:00:00,""BZN|NO3"",""Without Sequence"",""3.01"","""","""""
"29/05/2024 06:00:00 - 29/05/2024 07:00:00,""BZN|NO3"",""Without Sequence"",""6.41"","""","""""
"29/05/2024 07:00:00 - 29/05/2024 08:00:00,""BZN|NO3"",""Without Sequence"",""8.15"","""","""""
"29/05/2024 08:00:00 - 29/05/2024 09:00:00,""BZN|NO3"",""Without Sequence"",""8.54"","""","""""
"29/05/2024 09:00:00 - 29/05/2024 10:00:00,""BZN|NO3"",""Without Sequence"",""7.84"","""","""""
"29/05/2024 10:00:00 - 29/05/2024 11:00:00,""BZN|NO3"",""Without Sequence"",""5.49"","""","""""
"29/05/2024 11:00:00 - 29/05/2024 12:00:00,""BZN|NO3"",""Without Sequence"",""4.68"","""","""""
"29/05/2024 12:00:00 - 29/05/2024 13:00:00,""BZN|NO3"",""Without Sequence"",""4.05"","""","""""
"29/05/2024 13:00:00 - 29/05/2024 14:00:00,""BZN|NO3"",""Without Sequence"",""3.45"","""","""""
"29/05/2024 14:00:00 - 29/05/2024 15:00:00,""BZN|NO3"",""Without Sequence"",""3.34"","""","""""
"29/05/2024 15:00:00 - 29/05/2024 16:00:00,""BZN|NO3"",""Without Sequence"",""3.81"","""","""""
"29/05/2024 16:00:00 - 29/05/2024 17:00:00,""BZN|NO3"",""Without Sequence"",""4.15"","""","""""
"29/05/2024 17:00:00 - 29/05/2024 18:00:00,""BZN|NO3"",""Without Sequence"",""5.25"","""","""""
"29/05/2024 18:00:00 - 29/05/2024 19:00:00,""BZN|NO3"",""Without Sequence"",""6.76"","""","""""
"29/05/2024 19:00:00 - 29/05/2024 20:00:00,""BZN|NO3"",""Without Sequence"",""7.86"","""","""""
"29/05/2024 20:00:00 - 29/05/2024 21:00:00,""BZN|NO3"",""Without Sequence"",""8.63"","""","""""
"29/05/2024 21:00:00 - 29/05/2024 22:00:00,""BZN|NO3"",""Without Sequence"",""6.96"","""","""""
"29/05/2024 22:00:00 - 29/05/2024 23:00:00,""BZN|NO3"",""Without Sequence"",""5.09"","""","""""
"29/05/2024 23:00:00 - 30/05/2024 00:00:00,""BZN|NO3"",""Without Sequence"",""3.09"","""","""""
"30/05/2024 00:00:00 - 30/05/2024 01:00:00,""BZN|NO3"",""Without Sequence"",""1.82"","""","""""
"30/05/2024 01:00:00 - 30/05/2024 02:00:00,""BZN|NO3"",""Without Sequence"",""1.08"","""","""""
"30/05/2024 02:00:00 - 30/05/2024 03:00:00,""BZN|NO3"",""Without Sequence"",""1.25"","""","""""
"30/05/2024 03:00:00 - 30/05/2024 04:00:00,""BZN|NO3"",""Without Sequence"",""1.81"","""","""""
"30/05/2024 04:00:00 - 30/05/2024 05:00:00,""BZN|NO3"",""Without Sequence"",""2.69"","""","""""
"30/05/2024 05:00:00 - 30/05/2024 06:00:00,""BZN|NO3"",""Without Sequence"",""5.21"","""","""""
"30/05/2024 06:00:00 - 30/05/2024 07:00:00,""BZN|NO3"",""Without Sequence"",""12.40"","""","""""
"30/05/2024 07:00:00 - 30/05/2024 08:00:00,""BZN|NO3"",""Without Sequence"",""18.42"","""","""""
"30/05/2024 08:00:00 - 30/05/2024 09:00:00,""BZN|NO3"",""Without Sequence"",""21.45"","""","""""
"30/05/2024 09:00:00 - 30/05/2024 10:00:00,""BZN|NO3"",""Without Sequence"",""20.68"","""","""""
"30/05/2024 10:00:00 - 30/05/2024 11:00:00,""BZN|NO3"",""Without Sequence"",""18.17"","""","""""
"30/05/2024 11:00:00 - 30/05/2024 12:00:00,""BZN|NO3"",""Without Sequence"",""14.84"","""","""""
"30/05/2024 12:00:00 - 30/05/2024 13:00:00,""BZN|NO3"",""Without Sequence"",""13.46"","""","""""
"30/05/2024 13:00:00 - 30/05/2024 14:00:00,""BZN|NO3"",""Without Sequence"",""13.51"","""","""""
"30/05/2024 14:00:00 - 30/05/2024 15:00:00,""BZN|NO3"",""Without Sequence"",""12.94"","""","""""
"30/05/2024 15:00:00 - 30/05/2024 16:00:00,""BZN|NO3"",""Without Sequence"",""15.32"","""","""""
"30/05/2024 16:00:00 - 30/05/2024 17:00:00,""BZN|NO3"",""Without Sequence"",""16.31"","""","""""
"30/05/2024 17:00:00 - 30/05/2024 18:00:00,""BZN|NO3"",""Without Sequence"",""17.20"","""","""""
"30/05/2024 18:00:00 - 30/05/2024 19:00:00,""BZN|NO3"",""Without Sequence"",""17.29"","""","""""
"30/05/2024 19:00:00 - 30/05/2024 20:00:00,""BZN|NO3"",""Without Sequence"",""16.71"","""","""""
"30/05/2024 20:00:00 - 30/05/2024 21:00:00,""BZN|NO3"",""Without Sequence"",""14.48"","""","""""
"30/05/2024 21:00:00 - 30/05/2024 22:00:00,""BZN|NO3"",""Without Sequence"",""15.36"","""","""""
"30/05/2024 22:00:00 - 30/05/2024 23:00:00,""BZN|NO3"",""Without Sequence"",""12.31"","""","""""
"30/05/2024 23:00:00 - 31/05/2024 00:00:00,""BZN|NO3"",""Without Sequence"",""6.03"","""","""""
"31/05/2024 00:00:00 - 31/05/2024 01:00:00,""BZN|NO3"",""Without Sequence"",""7.11"","""","""""
"31/05/2024 01:00:00 - 31/05/2024 02:00:00,""BZN|NO3"",""Without Sequence"",""6.85"","""","""""
"31/05/2024 02:00:00 - 31/05/2024 03:00:00,""BZN|NO3"",""Without Sequence"",""7.12"","""","""""
"31/05/2024 03:00:00 - 31/05/2024 04:00:00,""BZN|NO3"",""Without Sequence"",""7.19"","""","""""
"31/05/2024 04:00:00 - 31/05/2024 05:00:00,""BZN|NO3"",""Without Sequence"",""9.14"","""","""""
"31/05/2024 05:00:00 - 31/05/2024 06:00:00,""BZN|NO3"",""Without Sequence"",""13.53"","""","""""
"31/05/2024 06:00:00 - 31/05/2024 07:00:00,""BZN|NO3"",""Without Sequence"",""19.50"","""","""""
"31/05/2024 07:00:00 - 31/05/2024 08:00:00,""BZN|NO3"",""Without Sequence"",""27.94"","""","""""
"31/05/2024 08:00:00 - 31/05/2024 09:00:00,""BZN|NO3"",""Without Sequence"",""28.89"","""","""""
"31/05/2024 09:00:00 - 31/05/2024 10:00:00,""BZN|NO3"",""Without Sequence"",""27.83"","""","""""
"31/05/2024 10:00:00 - 31/05/2024 11:00:00,""BZN|NO3"",""Without Sequence"",""21.88"","""","""""
"31/05/2024 11:00:00 - 31/05/2024 12:00:00,""BZN|NO3"",""Without Sequence"",""20.35"","""","""""
"31/05/2024 12:00:00 - 31/05/2024 13:00:00,""BZN|NO3"",""Without Sequence"",""19.94"","""","""""
"31/05/2024 13:00:00 - 31/05/2024 14:00:00,""BZN|NO3"",""Without Sequence"",""18.16"","""","""""
"31/05/2024 14:00:00 - 31/05/2024 15:00:00,""BZN|NO3"",""Without Sequence"",""18.10"","""","""""
"31/05/2024 15:00:00 - 31/05/2024 16:00:00,""BZN|NO3"",""Without Sequence"",""18.11"","""","""""
"31/05/2024 16:00:00 - 31/05/2024 17:00:00,""BZN|NO3"",""Without Sequence"",""19.39"","""","""""
"31/05/2024 17:00:00 - 31/05/2024 18:00:00,""BZN|NO3"",""Without Sequence"",""20.95"","""","""""
"31/05/2024 18:00:00 - 31/05/2024 19:00:00,""BZN|NO3"",""Without Sequence"",""21.50"","""","""""
"31/05/2024 19:00:00 - 31/05/2024 20:00:00,""BZN|NO3"",""Without Sequence"",""21.00"","""","""""
"31/05/2024 20:00:00 - 31/05/2024 21:00:00,""BZN|NO3"",""Without Sequence"",""18.59"","""","""""
"31/05/2024 21:00:00 - 31/05/2024 22:00:00,""BZN|NO3"",""Without Sequence"",""16.08"","""","""""
"31/05/2024 22:00:00 - 31/05/2024 23:00:00,""BZN|NO3"",""Without Sequence"",""12.45"","""","""""
"31/05/2024 23:00:00 - 01/06/2024 00:00:00,""BZN|NO3"",""Without Sequence"",""7.71"","""","""""
"01/06/2024 00:00:00 - 01/06/2024 01:00:00,""BZN|NO3"",""Without Sequence"",""15.50"","""","""""
"01/06/2024 01:00:00 - 01/06/2024 02:00:00,""BZN|NO3"",""Without Sequence"",""15.11"","""","""""
"01/06/2024 02:00:00 - 01/06/2024 03:00:00,""BZN|NO3"",""Without Sequence"",""14.06"","""","""""
"01/06/2024 03:00:00 - 01/06/2024 04:00:00,""BZN|NO3"",""Without Sequence"",""13.14"","""","""""
"01/06/2024 04:00:00 - 01/06/2024 05:00:00,""BZN|NO3"",""Without Sequence"",""13.50"","""","""""
"01/06/2024 05:00:00 - 01/06/2024 06:00:00,""BZN|NO3"",""Without Sequence"",""13.94"","""","""""
"01/06/2024 06:00:00 - 01/06/2024 07:00:00,""BZN|NO3"",""Without Sequence"",""14.98"","""","""""
"01/06/2024 07:00:00 - 01/06/2024 08:00:00,""BZN|NO3"",""Without Sequence"",""17.46"","""","""""
"01/06/2024 08:00:00 - 01/06/2024 09:00:00,""BZN|NO3"",""Without Sequence"",""21.17"","""","""""
"01/06/2024 09:00:00 - 01/06/2024 10:00:00,""BZN|NO3"",""Without Sequence"",""22.44"","""","""""
"01/06/2024 10:00:00 - 01/06/2024 11:00:00,""BZN|NO3"",""Without Sequence"",""21.52"","""","""""
"01/06/2024 11:00:00 - 01/06/2024 12:00:00,""BZN|NO3"",""Without Sequence"",""20.35"","""","""""
"01/06/2024 12:00:00 - 01/06/2024 13:00:00,""BZN|NO3"",""Without Sequence"",""20.30"","""","""""
"01/06/2024 13:00:00 - 01/06/2024 14:00:00,""BZN|NO3"",""Without Sequence"",""10.46"","""","""""
"01/06/2024 14:00:00 - 01/06/2024 15:00:00,""BZN|NO3"",""Without Sequence"",""10.07"","""","""""
"01/06/2024 15:00:00 - 01/06/2024 16:00:00,""BZN|NO3"",""Without Sequence"",""8.69"","""","""""
"01/06/2024 16:00:00 - 01/06/2024 17:00:00,""BZN|NO3"",""Without Sequence"",""13.00"","""","""""
"01/06/2024 17:00:00 - 01/06/2024 18:00:00,""BZN|NO3"",""Without Sequence"",""20.04"","""","""""
"01/06/2024 18:00:00 - 01/06/2024 19:00:00,""BZN|NO3"",""Without Sequence"",""21.59"","""","""""
"01/06/2024 19:00:00 - 01/06/2024 20:00:00,""BZN|NO3"",""Without Sequence"",""21.88"","""","""""
"01/06/2024 20:00:00 - 01/06/2024 21:00:00,""BZN|NO3"",""Without Sequence"",""21.60"","""","""""
"01/06/2024 21:00:00 - 01/06/2024 22:00:00,""BZN|NO3"",""Without Sequence"",""17.94"","""","""""
"01/06/2024 22:00:00 - 01/06/2024 23:00:00,""BZN|NO3"",""Without Sequence"",""17.35"","""","""""
"01/06/2024 23:00:00 - 02/06/2024 00:00:00,""BZN|NO3"",""Without Sequence"",""11.51"","""","""""
"02/06/2024 00:00:00 - 02/06/2024 01:00:00,""BZN|NO3"",""Without Sequence"",""12.44"","""","""""
"02/06/2024 01:00:00 - 02/06/2024 02:00:00,""BZN|NO3"",""Without Sequence"",""12.30"","""","""""
"02/06/2024 02:00:00 - 02/06/2024 03:00:00,""BZN|NO3"",""Without Sequence"",""12.32"","""","""""
"02/06/2024 03:00:00 - 02/06/2024 04:00:00,""BZN|NO3"",""Without Sequence"",""10.13"","""","""""
"02/06/2024 04:00:00 - 02/06/2024 05:00:00,""BZN|NO3"",""Without Sequence"",""10.98"","""","""""
"02/06/2024 05:00:00 - 02/06/2024 06:00:00,""BZN|NO3"",""Without Sequence"",""10.11"","""","""""
"02/06/2024 06:00:00 - 02/06/2024 07:00:00,""BZN|NO3"",""Without Sequence"",""10.81"","""","""""
"02/06/2024 07:00:00 - 02/06/2024 08:00:00,""BZN|NO3"",""Without Sequence"",""11.31"","""","""""
"02/06/2024 08:00:00 - 02/06/2024 09:00:00,""BZN|NO3"",""Without Sequence"",""12.19"","""","""""
"02/06/2024 09:00:00 - 02/06/2024 10:00:00,""BZN|NO3"",""Without Sequence"",""12.20"","""","""""
"02/06/2024 10:00:00 - 02/06/2024 11:00:00,""BZN|NO3"",""Without Sequence"",""12.20"","""","""""
"02/06/2024 11:00:00 - 02/06/2024 12:00:00,""BZN|NO3"",""Without Sequence"",""10.25"","""","""""
"02/06/2024 12:00:00 - 02/06/2024 13:00:00,""BZN|NO3"",""Without Sequence"",""5.01"","""","""""
"02/06/2024 13:00:00 - 02/06/2024 14:00:00,""BZN|NO3"",""Without Sequence"",""2.21"","""","""""
"02/06/2024 14:00:00 - 02/06/2024 15:00:00,""BZN|NO3"",""Without Sequence"",""1.99"","""","""""
"02/06/2024 15:00:00 - 02/06/2024 16:00:00,""BZN|NO3"",""Without Sequence"",""2.21"","""","""""
"02/06/2024 16:00:00 - 02/06/2024 17:00:00,""BZN|NO3"",""Without Sequence"",""2.91"","""","""""
"02/06/2024 17:00:00 - 02/06/2024 18:00:00,""BZN|NO3"",""Without Sequence"",""4.93"","""","""""
"02/06/2024 18:00:00 - 02/06/2024 19:00:00,""BZN|NO3"",""Without Sequence"",""14.29"","""","""""
"02/06/2024 19:00:00 - 02/06/2024 20:00:00,""BZN|NO3"",""Without Sequence"",""21.67"","""","""""
"02/06/2024 20:00:00 - 02/06/2024 21:00:00,""BZN|NO3"",""Without Sequence"",""20.50"","""","""""
"02/06/2024 21:00:00 - 02/06/2024 22:00:00,""BZN|NO3"",""Without Sequence"",""16.93"","""","""""
"02/06/2024 22:00:00 - 02/06/2024 23:00:00,""BZN|NO3"",""Without Sequence"",""15.15"","""","""""
"02/06/2024 23:00:00 - 03/06/2024 00:00:00,""BZN|NO3"",""Without Sequence"",""13.96"","""","""""
"03/06/2024 00:00:00 - 03/06/2024 01:00:00,""BZN|NO3"",""Without Sequence"",""10.67"","""","""""
"03/06/2024 01:00:00 - 03/06/2024 02:00:00,""BZN|NO3"",""Without Sequence"",""9.44"","""","""""
"03/06/2024 02:00:00 - 03/06/2024 03:00:00,""BZN|NO3"",""Without Sequence"",""8.50"","""","""""
"03/06/2024 03:00:00 - 03/06/2024 04:00:00,""BZN|NO3"",""Without Sequence"",""7.82"","""","""""
"03/06/2024 04:00:00 - 03/06/2024 05:00:00,""BZN|NO3"",""Without Sequence"",""8.82"","""","""""
"03/06/2024 05:00:00 - 03/06/2024 06:00:00,""BZN|NO3"",""Without Sequence"",""9.65"","""","""""
"03/06/2024 06:00:00 - 03/06/2024 07:00:00,""BZN|NO3"",""Without Sequence"",""12.62"","""","""""
"03/06/2024 07:00:00 - 03/06/2024 08:00:00,""BZN|NO3"",""Without Sequence"",""21.17"","""","""""
"03/06/2024 08:00:00 - 03/06/2024 09:00:00,""BZN|NO3"",""Without Sequence"",""29.40"","""","""""
"03/06/2024 09:00:00 - 03/06/2024 10:00:00,""BZN|NO3"",""Without Sequence"",""29.02"","""","""""
"03/06/2024 10:00:00 - 03/06/2024 11:00:00,""BZN|NO3"",""Without Sequence"",""29.31"","""","""""
"03/06/2024 11:00:00 - 03/06/2024 12:00:00,""BZN|NO3"",""Without Sequence"",""26.48"","""","""""
"03/06/2024 12:00:00 - 03/06/2024 13:00:00,""BZN|NO3"",""Without Sequence"",""22.05"","""","""""
"03/06/2024 13:00:00 - 03/06/2024 14:00:00,""BZN|NO3"",""Without Sequence"",""21.15"","""","""""
"03/06/2024 14:00:00 - 03/06/2024 15:00:00,""BZN|NO3"",""Without Sequence"",""19.07"","""","""""
"03/06/2024 15:00:00 - 03/06/2024 16:00:00,""BZN|NO3"",""Without Sequence"",""16.13"","""","""""
"03/06/2024 16:00:00 - 03/06/2024 17:00:00,""BZN|NO3"",""Without Sequence"",""16.14"","""","""""
"03/06/2024 17:00:00 - 03/06/2024 18:00:00,""BZN|NO3"",""Without Sequence"",""18.29"","""","""""
"03/06/2024 18:00:00 - 03/06/2024 19:00:00,""BZN|NO3"",""Without Sequence"",""15.88"","""","""""
"03/06/2024 19:00:00 - 03/06/2024 20:00:00,""BZN|NO3"",""Without Sequence"",""14.51"","""","""""
"03/06/2024 20:00:00 - 03/06/2024 21:00:00,""BZN|NO3"",""Without Sequence"",""12.62"","""","""""
"03/06/2024 21:00:00 - 03/06/2024 22:00:00,""BZN|NO3"",""Without Sequence"",""11.90"","""","""""
"03/06/2024 22:00:00 - 03/06/2024 23:00:00,""BZN|NO3"",""Without Sequence"",""9.75"","""","""""
"03/06/2024 23:00:00 - 04/06/2024 00:00:00,""BZN|NO3"",""Without Sequence"",""4.41"","""","""""
"04/06/2024 00:00:00 - 04/06/2024 01:00:00,""BZN|NO3"",""Without Sequence"",""1.68"","""","""""
"04/06/2024 01:00:00 - 04/06/2024 02:00:00,""BZN|NO3"",""Without Sequence"",""1.39"","""","""""
"04/06/2024 02:00:00 - 04/06/2024 03:00:00,""BZN|NO3"",""Without Sequence"",""1.37"","""","""""
"04/06/2024 03:00:00 - 04/06/2024 04:00:00,""BZN|NO3"",""Without Sequence"",""1.91"","""","""""
"04/06/2024 04:00:00 - 04/06/2024 05:00:00,""BZN|NO3"",""Without Sequence"",""3.07"","""","""""
"04/06/2024 05:00:00 - 04/06/2024 06:00:00,""BZN|NO3"",""Without Sequence"",""6.46"","""","""""
"04/06/2024 06:00:00 - 04/06/2024 07:00:00,""BZN|NO3"",""Without Sequence"",""13.82"","""","""""
"04/06/2024 07:00:00 - 04/06/2024 08:00:00,""BZN|NO3"",""Without Sequence"",""19.62"","""","""""
"04/06/2024 08:00:00 - 04/06/2024 09:00:00,""BZN|NO3"",""Without Sequence"",""27.01"","""","""""
"04/06/2024 09:00:00 - 04/06/2024 10:00:00,""BZN|NO3"",""Without Sequence"",""27.41"","""","""""
"04/06/2024 10:00:00 - 04/06/2024 11:00:00,""BZN|NO3"",""Without Sequence"",""27.84"","""","""""
"04/06/2024 11:00:00 - 04/06/2024 12:00:00,""BZN|NO3"",""Without Sequence"",""28.00"","""","""""
"04/06/2024 12:00:00 - 04/06/2024 13:00:00,""BZN|NO3"",""Without Sequence"",""26.70"","""","""""
"04/06/2024 13:00:00 - 04/06/2024 14:00:00,""BZN|NO3"",""Without Sequence"",""23.38"","""","""""
"04/06/2024 14:00:00 - 04/06/2024 15:00:00,""BZN|NO3"",""Without Sequence"",""18.75"","""","""""
"04/06/2024 15:00:00 - 04/06/2024 16:00:00,""BZN|NO3"",""Without Sequence"",""17.89"","""","""""
"04/06/2024 16:00:00 - 04/06/2024 17:00:00,""BZN|NO3"",""Without Sequence"",""16.99"","""","""""
"04/06/2024 17:00:00 - 04/06/2024 18:00:00,""BZN|NO3"",""Without Sequence"",""17.60"","""","""""
"04/06/2024 18:00:00 - 04/06/2024 19:00:00,""BZN|NO3"",""Without Sequence"",""19.09"","""","""""
"04/06/2024 19:00:00 - 04/06/2024 20:00:00,""BZN|NO3"",""Without Sequence"",""15.97"","""","""""
"04/06/2024 20:00:00 - 04/06/2024 21:00:00,""BZN|NO3"",""Without Sequence"",""13.22"","""","""""
"04/06/2024 21:00:00 - 04/06/2024 22:00:00,""BZN|NO3"",""Without Sequence"",""12.12"","""","""""
"04/06/2024 22:00:00 - 04/06/2024 23:00:00,""BZN|NO3"",""Without Sequence"",""7.16"","""","""""
"04/06/2024 23:00:00 - 05/06/2024 00:00:00,""BZN|NO3"",""Without Sequence"",""1.92"","""","""""
"05/06/2024 00:00:00 - 05/06/2024 01:00:00,""BZN|NO3"",""Without Sequence"",""4.06"","""","""""
"05/06/2024 01:00:00 - 05/06/2024 02:00:00,""BZN|NO3"",""Without Sequence"",""2.79"","""","""""
"05/06/2024 02:00:00 - 05/06/2024 03:00:00,""BZN|NO3"",""Without Sequence"",""2.24"","""","""""
"05/06/2024 03:00:00 - 05/06/2024 04:00:00,""BZN|NO3"",""Without Sequence"",""1.58"","""","""""
"05/06/2024 04:00:00 - 05/06/2024 05:00:00,""BZN|NO3"",""Without Sequence"",""1.92"","""","""""
"05/06/2024 05:00:00 - 05/06/2024 06:00:00,""BZN|NO3"",""Without Sequence"",""3.28"","""","""""
"05/06/2024 06:00:00 - 05/06/2024 07:00:00,""BZN|NO3"",""Without Sequence"",""6.40"","""","""""
"05/06/2024 07:00:00 - 05/06/2024 08:00:00,""BZN|NO3"",""Without Sequence"",""12.98"","""","""""
"05/06/2024 08:00:00 - 05/06/2024 09:00:00,""BZN|NO3"",""Without Sequence"",""11.49"","""","""""
"05/06/2024 09:00:00 - 05/06/2024 10:00:00,""BZN|NO3"",""Without Sequence"",""11.13"","""","""""
"05/06/2024 10:00:00 - 05/06/2024 11:00:00,""BZN|NO3"",""Without Sequence"",""13.67"","""","""""
"05/06/2024 11:00:00 - 05/06/2024 12:00:00,""BZN|NO3"",""Without Sequence"",""13.56"","""","""""
"05/06/2024 12:00:00 - 05/06/2024 13:00:00,""BZN|NO3"",""Without Sequence"",""13.47"","""","""""
"05/06/2024 13:00:00 - 05/06/2024 14:00:00,""BZN|NO3"",""Without Sequence"",""12.48"","""","""""
"05/06/2024 14:00:00 - 05/06/2024 15:00:00,""BZN|NO3"",""Without Sequence"",""12.72"","""","""""
"05/06/2024 15:00:00 - 05/06/2024 16:00:00,""BZN|NO3"",""Without Sequence"",""12.81"","""","""""
"05/06/2024 16:00:00 - 05/06/2024 17:00:00,""BZN|NO3"",""Without Sequence"",""12.86"","""","""""
"05/06/2024 17:00:00 - 05/06/2024 18:00:00,""BZN|NO3"",""Without Sequence"",""8.89"","""","""""
"05/06/2024 18:00:00 - 05/06/2024 19:00:00,""BZN|NO3"",""Without Sequence"",""10.70"","""","""""
"05/06/2024 19:00:00 - 05/06/2024 20:00:00,""BZN|NO3"",""Without Sequence"",""11.30"","""","""""
"05/06/2024 20:00:00 - 05/06/2024 21:00:00,""BZN|NO3"",""Without Sequence"",""12.11"","""","""""
"05/06/2024 21:00:00 - 05/06/2024 22:00:00,""BZN|NO3"",""Without Sequence"",""12.41"","""","""""
"05/06/2024 22:00:00 - 05/06/2024 23:00:00,""BZN|NO3"",""Without Sequence"",""11.29"","""","""""
"05/06/2024 23:00:00 - 06/06/2024 00:00:00,""BZN|NO3"",""Without Sequence"",""7.36"","""","""""
"06/06/2024 00:00:00 - 06/06/2024 01:00:00,""BZN|NO3"",""Without Sequence"",""1.25"","""","""""
"06/06/2024 01:00:00 - 06/06/2024 02:00:00,""BZN|NO3"",""Without Sequence"",""3.01"","""","""""
"06/06/2024 02:00:00 - 06/06/2024 03:00:00,""BZN|NO3"",""Without Sequence"",""5.85"","""","""""
"06/06/2024 03:00:00 - 06/06/2024 04:00:00,""BZN|NO3"",""Without Sequence"",""7.87"","""","""""
"06/06/2024 04:00:00 - 06/06/2024 05:00:00,""BZN|NO3"",""Without Sequence"",""10.42"","""","""""
"06/06/2024 05:00:00 - 06/06/2024 06:00:00,""BZN|NO3"",""Without Sequence"",""12.98"","""","""""
"06/06/2024 06:00:00 - 06/06/2024 07:00:00,""BZN|NO3"",""Without Sequence"",""14.77"","""","""""
"06/06/2024 07:00:00 - 06/06/2024 08:00:00,""BZN|NO3"",""Without Sequence"",""16.46"","""","""""
"06/06/2024 08:00:00 - 06/06/2024 09:00:00,""BZN|NO3"",""Without Sequence"",""16.42"","""","""""
"06/06/2024 09:00:00 - 06/06/2024 10:00:00,""BZN|NO3"",""Without Sequence"",""15.48"","""","""""
"06/06/2024 10:00:00 - 06/06/2024 11:00:00,""BZN|NO3"",""Without Sequence"",""15.75"","""","""""
"06/06/2024 11:00:00 - 06/06/2024 12:00:00,""BZN|NO3"",""Without Sequence"",""14.83"","""","""""
"06/06/2024 12:00:00 - 06/06/2024 13:00:00,""BZN|NO3"",""Without Sequence"",""13.40"","""","""""
"06/06/2024 13:00:00 - 06/06/2024 14:00:00,""BZN|NO3"",""Without Sequence"",""13.39"","""","""""
"06/06/2024 14:00:00 - 06/06/2024 15:00:00,""BZN|NO3"",""Without Sequence"",""13.39"","""","""""
"06/06/2024 15:00:00 - 06/06/2024 16:00:00,""BZN|NO3"",""Without Sequence"",""13.09"","""","""""
"06/06/2024 16:00:00 - 06/06/2024 17:00:00,""BZN|NO3"",""Without Sequence"",""14.79"","""","""""
"06/06/2024 17:00:00 - 06/06/2024 18:00:00,""BZN|NO3"",""Without Sequence"",""17.00"","""","""""
"06/06/2024 18:00:00 - 06/06/2024 19:00:00,""BZN|NO3"",""Without Sequence"",""18.96"","""","""""
"06/06/2024 19:00:00 - 06/06/2024 20:00:00,""BZN|NO3"",""Without Sequence"",""19.89"","""","""""
"06/06/2024 20:00:00 - 06/06/2024 21:00:00,""BZN|NO3"",""Without Sequence"",""19.40"","""","""""
"06/06/2024 21:00:00 - 06/06/2024 22:00:00,""BZN|NO3"",""Without Sequence"",""18.78"","""","""""
"06/06/2024 22:00:00 - 06/06/2024 23:00:00,""BZN|NO3"",""Without Sequence"",""15.78"","""","""""
"06/06/2024 23:00:00 - 07/06/2024 00:00:00,""BZN|NO3"",""Without Sequence"",""12.45"","""","""""
"07/06/2024 00:00:00 - 07/06/2024 01:00:00,""BZN|NO3"",""Without Sequence"",""11.98"","""","""""
"07/06/2024 01:00:00 - 07/06/2024 02:00:00,""BZN|NO3"",""Without Sequence"",""11.48"","""","""""
"07/06/2024 02:00:00 - 07/06/2024 03:00:00,""BZN|NO3"",""Without Sequence"",""12.82"","""","""""
"07/06/2024 03:00:00 - 07/06/2024 04:00:00,""BZN|NO3"",""Without Sequence"",""14.71"","""","""""
"07/06/2024 04:00:00 - 07/06/2024 05:00:00,""BZN|NO3"",""Without Sequence"",""18.20"","""","""""
"07/06/2024 05:00:00 - 07/06/2024 06:00:00,""BZN|NO3"",""Without Sequence"",""21.86"","""","""""
"07/06/2024 06:00:00 - 07/06/2024 07:00:00,""BZN|NO3"",""Without Sequence"",""30.40"","""","""""
"07/06/2024 07:00:00 - 07/06/2024 08:00:00,""BZN|NO3"",""Without Sequence"",""33.01"","""","""""
"07/06/2024 08:00:00 - 07/06/2024 09:00:00,""BZN|NO3"",""Without Sequence"",""33.40"","""","""""
"07/06/2024 09:00:00 - 07/06/2024 10:00:00,""BZN|NO3"",""Without Sequence"",""32.58"","""","""""
"07/06/2024 10:00:00 - 07/06/2024 11:00:00,""BZN|NO3"",""Without Sequence"",""31.17"","""","""""
"07/06/2024 11:00:00 - 07/06/2024 12:00:00,""BZN|NO3"",""Without Sequence"",""30.41"","""","""""
"07/06/2024 12:00:00 - 07/06/2024 13:00:00,""BZN|NO3"",""Without Sequence"",""29.46"","""","""""
"07/06/2024 13:00:00 - 07/06/2024 14:00:00,""BZN|NO3"",""Without Sequence"",""25.36"","""","""""
"07/06/2024 14:00:00 - 07/06/2024 15:00:00,""BZN|NO3"",""Without Sequence"",""17.41"","""","""""
"07/06/2024 15:00:00 - 07/06/2024 16:00:00,""BZN|NO3"",""Without Sequence"",""14.59"","""","""""
"07/06/2024 16:00:00 - 07/06/2024 17:00:00,""BZN|NO3"",""Without Sequence"",""24.06"","""","""""
"07/06/2024 17:00:00 - 07/06/2024 18:00:00,""BZN|NO3"",""Without Sequence"",""32.00"","""","""""
"07/06/2024 18:00:00 - 07/06/2024 19:00:00,""BZN|NO3"",""Without Sequence"",""32.22"","""","""""
"07/06/2024 19:00:00 - 07/06/2024 20:00:00,""BZN|NO3"",""Without Sequence"",""32.31"","""","""""
"07/06/2024 20:00:00 - 07/06/2024 21:00:00,""BZN|NO3"",""Without Sequence"",""31.54"","""","""""
"07/06/2024 21:00:00 - 07/06/2024 22:00:00,""BZN|NO3"",""Without Sequence"",""29.95"","""","""""
"07/06/2024 22:00:00 - 07/06/2024 23:00:00,""BZN|NO3"",""Without Sequence"",""29.33"","""","""""
"07/06/2024 23:00:00 - 08/06/2024 00:00:00,""BZN|NO3"",""Without Sequence"",""23.13"","""","""""
"08/06/2024 00:00:00 - 08/06/2024 01:00:00,""BZN|NO3"",""Without Sequence"",""22.62"","""","""""
"08/06/2024 01:00:00 - 08/06/2024 02:00:00,""BZN|NO3"",""Without Sequence"",""21.77"","""","""""
"08/06/2024 02:00:00 - 08/06/2024 03:00:00,""BZN|NO3"",""Without Sequence"",""20.89"","""","""""
"08/06/2024 03:00:00 - 08/06/2024 04:00:00,""BZN|NO3"",""Without Sequence"",""20.59"","""","""""
"08/06/2024 04:00:00 - 08/06/2024 05:00:00,""BZN|NO3"",""Without Sequence"",""20.50"","""","""""
"08/06/2024 05:00:00 - 08/06/2024 06:00:00,""BZN|NO3"",""Without Sequence"",""20.82"","""","""""
"08/06/2024 06:00:00 - 08/06/2024 07:00:00,""BZN|NO3"",""Without Sequence"",""24.95"","""","""""
"08/06/2024 07:00:00 - 08/06/2024 08:00:00,""BZN|NO3"",""Without Sequence"",""28.32"","""","""""
"08/06/2024 08:00:00 - 08/06/2024 09:00:00,""BZN|NO3"",""Without Sequence"",""29.47"","""","""""
"08/06/2024 09:00:00 - 08/06/2024 10:00:00,""BZN|NO3"",""Without Sequence"",""15.10"","""","""""
"08/06/2024 10:00:00 - 08/06/2024 11:00:00,""BZN|NO3"",""Without Sequence"",""10.31"","""","""""
"08/06/2024 11:00:00 - 08/06/2024 12:00:00,""BZN|NO3"",""Without Sequence"",""13.33"","""","""""
"08/06/2024 12:00:00 - 08/06/2024 13:00:00,""BZN|NO3"",""Without Sequence"",""11.02"","""","""""
"08/06/2024 13:00:00 - 08/06/2024 14:00:00,""BZN|NO3"",""Without Sequence"",""4.35"","""","""""
"08/06/2024 14:00:00 - 08/06/2024 15:00:00,""BZN|NO3"",""Without Sequence"",""3.70"","""","""""
"08/06/2024 15:00:00 - 08/06/2024 16:00:00,""BZN|NO3"",""Without Sequence"",""10.20"","""","""""
"08/06/2024 16:00:00 - 08/06/2024 17:00:00,""BZN|NO3"",""Without Sequence"",""13.46"","""","""""
"08/06/2024 17:00:00 - 08/06/2024 18:00:00,""BZN|NO3"",""Without Sequence"",""14.35"","""","""""
"08/06/2024 18:00:00 - 08/06/2024 19:00:00,""BZN|NO3"",""Without Sequence"",""27.01"","""","""""
"08/06/2024 19:00:00 - 08/06/2024 20:00:00,""BZN|NO3"",""Without Sequence"",""28.43"","""","""""
"08/06/2024 20:00:00 - 08/06/2024 21:00:00,""BZN|NO3"",""Without Sequence"",""26.08"","""","""""
"08/06/2024 21:00:00 - 08/06/2024 22:00:00,""BZN|NO3"",""Without Sequence"",""22.43"","""","""""
"08/06/2024 22:00:00 - 08/06/2024 23:00:00,""BZN|NO3"",""Without Sequence"",""20.12"","""","""""
"08/06/2024 23:00:00 - 09/06/2024 00:00:00,""BZN|NO3"",""Without Sequence"",""18.13"","""","""""
"09/06/2024 00:00:00 - 09/06/2024 01:00:00,""BZN|NO3"",""Without Sequence"",""15.33"","""","""""
"09/06/2024 01:00:00 - 09/06/2024 02:00:00,""BZN|NO3"",""Without Sequence"",""12.95"","""","""""
"09/06/2024 02:00:00 - 09/06/2024 03:00:00,""BZN|NO3"",""Without Sequence"",""10.25"","""","""""
"09/06/2024 03:00:00 - 09/06/2024 04:00:00,""BZN|NO3"",""Without Sequence"",""4.99"","""","""""
"09/06/2024 04:00:00 - 09/06/2024 05:00:00,""BZN|NO3"",""Without Sequence"",""4.09"","""","""""
"09/06/2024 05:00:00 - 09/06/2024 06:00:00,""BZN|NO3"",""Without Sequence"",""1.93"","""","""""
"09/06/2024 06:00:00 - 09/06/2024 07:00:00,""BZN|NO3"",""Without Sequence"",""4.32"","""","""""
"09/06/2024 07:00:00 - 09/06/2024 08:00:00,""BZN|NO3"",""Without Sequence"",""3.01"","""","""""
"09/06/2024 08:00:00 - 09/06/2024 09:00:00,""BZN|NO3"",""Without Sequence"",""6.37"","""","""""
"09/06/2024 09:00:00 - 09/06/2024 10:00:00,""BZN|NO3"",""Without Sequence"",""9.49"","""","""""
"09/06/2024 10:00:00 - 09/06/2024 11:00:00,""BZN|NO3"",""Without Sequence"",""10.08"","""","""""
"09/06/2024 11:00:00 - 09/06/2024 12:00:00,""BZN|NO3"",""Without Sequence"",""4.34"","""","""""
"09/06/2024 12:00:00 - 09/06/2024 13:00:00,""BZN|NO3"",""Without Sequence"",""3.03"","""","""""
"09/06/2024 13:00:00 - 09/06/2024 14:00:00,""BZN|NO3"",""Without Sequence"",""3.01"","""","""""
"09/06/2024 14:00:00 - 09/06/2024 15:00:00,""BZN|NO3"",""Without Sequence"",""3.00"","""","""""
"09/06/2024 15:00:00 - 09/06/2024 16:00:00,""BZN|NO3"",""Without Sequence"",""3.02"","""","""""
"09/06/2024 16:00:00 - 09/06/2024 17:00:00,""BZN|NO3"",""Without Sequence"",""11.69"","""","""""
"09/06/2024 17:00:00 - 09/06/2024 18:00:00,""BZN|NO3"",""Without Sequence"",""13.97"","""","""""
"09/06/2024 18:00:00 - 09/06/2024 19:00:00,""BZN|NO3"",""Without Sequence"",""14.28"","""","""""
"09/06/2024 19:00:00 - 09/06/2024 20:00:00,""BZN|NO3"",""Without Sequence"",""14.76"","""","""""
"09/06/2024 20:00:00 - 09/06/2024 21:00:00,""BZN|NO3"",""Without Sequence"",""16.03"","""","""""
"09/06/2024 21:00:00 - 09/06/2024 22:00:00,""BZN|NO3"",""Without Sequence"",""17.45"","""","""""
"09/06/2024 22:00:00 - 09/06/2024 23:00:00,""BZN|NO3"",""Without Sequence"",""16.68"","""","""""
"09/06/2024 23:00:00 - 10/06/2024 00:00:00,""BZN|NO3"",""Without Sequence"",""15.82"","""","""""
"10/06/2024 00:00:00 - 10/06/2024 01:00:00,""BZN|NO3"",""Without Sequence"",""14.69"","""","""""
"10/06/2024 01:00:00 - 10/06/2024 02:00:00,""BZN|NO3"",""Without Sequence"",""12.81"","""","""""
"10/06/2024 02:00:00 - 10/06/2024 03:00:00,""BZN|NO3"",""Without Sequence"",""11.86"","""","""""
"10/06/2024 03:00:00 - 10/06/2024 04:00:00,""BZN|NO3"",""Without Sequence"",""12.03"","""","""""
"10/06/2024 04:00:00 - 10/06/2024 05:00:00,""BZN|NO3"",""Without Sequence"",""15.29"","""","""""
"10/06/2024 05:00:00 - 10/06/2024 06:00:00,""BZN|NO3"",""Without Sequence"",""27.68"","""","""""
"10/06/2024 06:00:00 - 10/06/2024 07:00:00,""BZN|NO3"",""Without Sequence"",""31.22"","""","""""
"10/06/2024 07:00:00 - 10/06/2024 08:00:00,""BZN|NO3"",""Without Sequence"",""32.62"","""","""""
"10/06/2024 08:00:00 - 10/06/2024 09:00:00,""BZN|NO3"",""Without Sequence"",""33.80"","""","""""
"10/06/2024 09:00:00 - 10/06/2024 10:00:00,""BZN|NO3"",""Without Sequence"",""37.74"","""","""""
"10/06/2024 10:00:00 - 10/06/2024 11:00:00,""BZN|NO3"",""Without Sequence"",""35.26"","""","""""
"10/06/2024 11:00:00 - 10/06/2024 12:00:00,""BZN|NO3"",""Without Sequence"",""33.05"","""","""""
"10/06/2024 12:00:00 - 10/06/2024 13:00:00,""BZN|NO3"",""Without Sequence"",""32.32"","""","""""
"10/06/2024 13:00:00 - 10/06/2024 14:00:00,""BZN|NO3"",""Without Sequence"",""32.03"","""","""""
"10/06/2024 14:00:00 - 10/06/2024 15:00:00,""BZN|NO3"",""Without Sequence"",""32.00"","""","""""
"10/06/2024 15:00:00 - 10/06/2024 16:00:00,""BZN|NO3"",""Without Sequence"",""31.83"","""","""""
"10/06/2024 16:00:00 - 10/06/2024 17:00:00,""BZN|NO3"",""Without Sequence"",""31.88"","""","""""
"10/06/2024 17:00:00 - 10/06/2024 18:00:00,""BZN|NO3"",""Without Sequence"",""32.85"","""","""""
"10/06/2024 18:00:00 - 10/06/2024 19:00:00,""BZN|NO3"",""Without Sequence"",""35.41"","""","""""
"10/06/2024 19:00:00 - 10/06/2024 20:00:00,""BZN|NO3"",""Without Sequence"",""34.97"","""","""""
"10/06/2024 20:00:00 - 10/06/2024 21:00:00,""BZN|NO3"",""Without Sequence"",""33.40"","""","""""
"10/06/2024 21:00:00 - 10/06/2024 22:00:00,""BZN|NO3"",""Without Sequence"",""32.41"","""","""""
"10/06/2024 22:00:00 - 10/06/2024 23:00:00,""BZN|NO3"",""Without Sequence"",""31.50"","""","""""
"10/06/2024 23:00:00 - 11/06/2024 00:00:00,""BZN|NO3"",""Without Sequence"",""27.41"","""","""""
"11/06/2024 00:00:00 - 11/06/2024 01:00:00,""BZN|NO3"",""Without Sequence"",""30.57"","""","""""
"11/06/2024 01:00:00 - 11/06/2024 02:00:00,""BZN|NO3"",""Without Sequence"",""29.99"","""","""""
"11/06/2024 02:00:00 - 11/06/2024 03:00:00,""BZN|NO3"",""Without Sequence"",""29.92"","""","""""
"11/06/2024 03:00:00 - 11/06/2024 04:00:00,""BZN|NO3"",""Without Sequence"",""29.93"","""","""""
"11/06/2024 04:00:00 - 11/06/2024 05:00:00,""BZN|NO3"",""Without Sequence"",""31.51"","""","""""
"11/06/2024 05:00:00 - 11/06/2024 06:00:00,""BZN|NO3"",""Without Sequence"",""36.00"","""","""""
"11/06/2024 06:00:00 - 11/06/2024 07:00:00,""BZN|NO3"",""Without Sequence"",""39.39"","""","""""
"11/06/2024 07:00:00 - 11/06/2024 08:00:00,""BZN|NO3"",""Without Sequence"",""40.41"","""","""""
"11/06/2024 08:00:00 - 11/06/2024 09:00:00,""BZN|NO3"",""Without Sequence"",""41.29"","""","""""
"11/06/2024 09:00:00 - 11/06/2024 10:00:00,""BZN|NO3"",""Without Sequence"",""41.67"","""","""""
"11/06/2024 10:00:00 - 11/06/2024 11:00:00,""BZN|NO3"",""Without Sequence"",""42.07"","""","""""
"11/06/2024 11:00:00 - 11/06/2024 12:00:00,""BZN|NO3"",""Without Sequence"",""32.96"","""","""""
"11/06/2024 12:00:00 - 11/06/2024 13:00:00,""BZN|NO3"",""Without Sequence"",""29.49"","""","""""
"11/06/2024 13:00:00 - 11/06/2024 14:00:00,""BZN|NO3"",""Without Sequence"",""21.67"","""","""""
"11/06/2024 14:00:00 - 11/06/2024 15:00:00,""BZN|NO3"",""Without Sequence"",""25.04"","""","""""
"11/06/2024 15:00:00 - 11/06/2024 16:00:00,""BZN|NO3"",""Without Sequence"",""27.14"","""","""""
"11/06/2024 16:00:00 - 11/06/2024 17:00:00,""BZN|NO3"",""Without Sequence"",""31.19"","""","""""
"11/06/2024 17:00:00 - 11/06/2024 18:00:00,""BZN|NO3"",""Without Sequence"",""37.97"","""","""""
"11/06/2024 18:00:00 - 11/06/2024 19:00:00,""BZN|NO3"",""Without Sequence"",""36.61"","""","""""
"11/06/2024 19:00:00 - 11/06/2024 20:00:00,""BZN|NO3"",""Without Sequence"",""36.34"","""","""""
"11/06/2024 20:00:00 - 11/06/2024 21:00:00,""BZN|NO3"",""Without Sequence"",""36.49"","""","""""
"11/06/2024 21:00:00 - 11/06/2024 22:00:00,""BZN|NO3"",""Without Sequence"",""35.34"","""","""""
"11/06/2024 22:00:00 - 11/06/2024 23:00:00,""BZN|NO3"",""Without Sequence"",""37.30"","""","""""
"11/06/2024 23:00:00 - 12/06/2024 00:00:00,""BZN|NO3"",""Without Sequence"",""37.02"","""","""""
"12/06/2024 00:00:00 - 12/06/2024 01:00:00,""BZN|NO3"",""Without Sequence"",""32.40"","""","""""
"12/06/2024 01:00:00 - 12/06/2024 02:00:00,""BZN|NO3"",""Without Sequence"",""31.80"","""","""""
"12/06/2024 02:00:00 - 12/06/2024 03:00:00,""BZN|NO3"",""Without Sequence"",""30.64"","""","""""
"12/06/2024 03:00:00 - 12/06/2024 04:00:00,""BZN|NO3"",""Without Sequence"",""30.93"","""","""""
"12/06/2024 04:00:00 - 12/06/2024 05:00:00,""BZN|NO3"",""Without Sequence"",""31.72"","""","""""
"12/06/2024 05:00:00 - 12/06/2024 06:00:00,""BZN|NO3"",""Without Sequence"",""34.07"","""","""""
"12/06/2024 06:00:00 - 12/06/2024 07:00:00,""BZN|NO3"",""Without Sequence"",""45.21"","""","""""
"12/06/2024 07:00:00 - 12/06/2024 08:00:00,""BZN|NO3"",""Without Sequence"",""111.57"","""","""""
"12/06/2024 08:00:00 - 12/06/2024 09:00:00,""BZN|NO3"",""Without Sequence"",""100.68"","""","""""
"12/06/2024 09:00:00 - 12/06/2024 10:00:00,""BZN|NO3"",""Without Sequence"",""67.87"","""","""""
"12/06/2024 10:00:00 - 12/06/2024 11:00:00,""BZN|NO3"",""Without Sequence"",""51.30"","""","""""
"12/06/2024 11:00:00 - 12/06/2024 12:00:00,""BZN|NO3"",""Without Sequence"",""45.67"","""","""""
"12/06/2024 12:00:00 - 12/06/2024 13:00:00,""BZN|NO3"",""Without Sequence"",""40.94"","""","""""
"12/06/2024 13:00:00 - 12/06/2024 14:00:00,""BZN|NO3"",""Without Sequence"",""39.46"","""","""""
"12/06/2024 14:00:00 - 12/06/2024 15:00:00,""BZN|NO3"",""Without Sequence"",""38.73"","""","""""
"12/06/2024 15:00:00 - 12/06/2024 16:00:00,""BZN|NO3"",""Without Sequence"",""41.40"","""","""""
"12/06/2024 16:00:00 - 12/06/2024 17:00:00,""BZN|NO3"",""Without Sequence"",""44.39"","""","""""
"12/06/2024 17:00:00 - 12/06/2024 18:00:00,""BZN|NO3"",""Without Sequence"",""44.90"","""","""""
"12/06/2024 18:00:00 - 12/06/2024 19:00:00,""BZN|NO3"",""Without Sequence"",""46.21"","""","""""
"12/06/2024 19:00:00 - 12/06/2024 20:00:00,""BZN|NO3"",""Without Sequence"",""46.22"","""","""""
"12/06/2024 20:00:00 - 12/06/2024 21:00:00,""BZN|NO3"",""Without Sequence"",""45.04"","""","""""
"12/06/2024 21:00:00 - 12/06/2024 22:00:00,""BZN|NO3"",""Without Sequence"",""44.35"","""","""""
"12/06/2024 22:00:00 - 12/06/2024 23:00:00,""BZN|NO3"",""Without Sequence"",""44.24"","""","""""
"12/06/2024 23:00:00 - 13/06/2024 00:00:00,""BZN|NO3"",""Without Sequence"",""41.19"","""","""""
"13/06/2024 00:00:00 - 13/06/2024 01:00:00,""BZN|NO3"",""Without Sequence"",""41.00"","""","""""
"13/06/2024 01:00:00 - 13/06/2024 02:00:00,""BZN|NO3"",""Without Sequence"",""40.52"","""","""""
"13/06/2024 02:00:00 - 13/06/2024 03:00:00,""BZN|NO3"",""Without Sequence"",""40.10"","""","""""
"13/06/2024 03:00:00 - 13/06/2024 04:00:00,""BZN|NO3"",""Without Sequence"",""40.19"","""","""""
"13/06/2024 04:00:00 - 13/06/2024 05:00:00,""BZN|NO3"",""Without Sequence"",""39.93"","""","""""
"13/06/2024 05:00:00 - 13/06/2024 06:00:00,""BZN|NO3"",""Without Sequence"",""41.08"","""","""""
"13/06/2024 06:00:00 - 13/06/2024 07:00:00,""BZN|NO3"",""Without Sequence"",""43.95"","""","""""
"13/06/2024 07:00:00 - 13/06/2024 08:00:00,""BZN|NO3"",""Without Sequence"",""56.38"","""","""""
"13/06/2024 08:00:00 - 13/06/2024 09:00:00,""BZN|NO3"",""Without Sequence"",""57.31"","""","""""
"13/06/2024 09:00:00 - 13/06/2024 10:00:00,""BZN|NO3"",""Without Sequence"",""71.43"","""","""""
"13/06/2024 10:00:00 - 13/06/2024 11:00:00,""BZN|NO3"",""Without Sequence"",""55.13"","""","""""
"13/06/2024 11:00:00 - 13/06/2024 12:00:00,""BZN|NO3"",""Without Sequence"",""48.26"","""","""""
"13/06/2024 12:00:00 - 13/06/2024 13:00:00,""BZN|NO3"",""Without Sequence"",""44.15"","""","""""
"13/06/2024 13:00:00 - 13/06/2024 14:00:00,""BZN|NO3"",""Without Sequence"",""42.62"","""","""""
"13/06/2024 14:00:00 - 13/06/2024 15:00:00,""BZN|NO3"",""Without Sequence"",""42.00"","""","""""
"13/06/2024 15:00:00 - 13/06/2024 16:00:00,""BZN|NO3"",""Without Sequence"",""44.06"","""","""""
"13/06/2024 16:00:00 - 13/06/2024 17:00:00,""BZN|NO3"",""Without Sequence"",""42.99"","""","""""
"13/06/2024 17:00:00 - 13/06/2024 18:00:00,""BZN|NO3"",""Without Sequence"",""43.30"","""","""""
"13/06/2024 18:00:00 - 13/06/2024 19:00:00,""BZN|NO3"",""Without Sequence"",""46.33"","""","""""
"13/06/2024 19:00:00 - 13/06/2024 20:00:00,""BZN|NO3"",""Without Sequence"",""46.22"","""","""""
"13/06/2024 20:00:00 - 13/06/2024 21:00:00,""BZN|NO3"",""Without Sequence"",""45.08"","""","""""
"13/06/2024 21:00:00 - 13/06/2024 22:00:00,""BZN|NO3"",""Without Sequence"",""42.97"","""","""""
"13/06/2024 22:00:00 - 13/06/2024 23:00:00,""BZN|NO3"",""Without Sequence"",""42.26"","""","""""
"13/06/2024 23:00:00 - 14/06/2024 00:00:00,""BZN|NO3"",""Without Sequence"",""40.43"","""","""""
"14/06/2024 00:00:00 - 14/06/2024 01:00:00,""BZN|NO3"",""Without Sequence"",""34.07"","""","""""
"14/06/2024 01:00:00 - 14/06/2024 02:00:00,""BZN|NO3"",""Without Sequence"",""33.56"","""","""""
"14/06/2024 02:00:00 - 14/06/2024 03:00:00,""BZN|NO3"",""Without Sequence"",""33.10"","""","""""
"14/06/2024 03:00:00 - 14/06/2024 04:00:00,""BZN|NO3"",""Without Sequence"",""32.92"","""","""""
"14/06/2024 04:00:00 - 14/06/2024 05:00:00,""BZN|NO3"",""Without Sequence"",""33.26"","""","""""
"14/06/2024 05:00:00 - 14/06/2024 06:00:00,""BZN|NO3"",""Without Sequence"",""35.74"","""","""""
"14/06/2024 06:00:00 - 14/06/2024 07:00:00,""BZN|NO3"",""Without Sequence"",""39.35"","""","""""
"14/06/2024 07:00:00 - 14/06/2024 08:00:00,""BZN|NO3"",""Without Sequence"",""42.68"","""","""""
"14/06/2024 08:00:00 - 14/06/2024 09:00:00,""BZN|NO3"",""Without Sequence"",""43.60"","""","""""
"14/06/2024 09:00:00 - 14/06/2024 10:00:00,""BZN|NO3"",""Without Sequence"",""42.82"","""","""""
"14/06/2024 10:00:00 - 14/06/2024 11:00:00,""BZN|NO3"",""Without Sequence"",""42.42"","""","""""
"14/06/2024 11:00:00 - 14/06/2024 12:00:00,""BZN|NO3"",""Without Sequence"",""41.70"","""","""""
"14/06/2024 12:00:00 - 14/06/2024 13:00:00,""BZN|NO3"",""Without Sequence"",""40.96"","""","""""
"14/06/2024 13:00:00 - 14/06/2024 14:00:00,""BZN|NO3"",""Without Sequence"",""39.37"","""","""""
"14/06/2024 14:00:00 - 14/06/2024 15:00:00,""BZN|NO3"",""Without Sequence"",""36.55"","""","""""
"14/06/2024 15:00:00 - 14/06/2024 16:00:00,""BZN|NO3"",""Without Sequence"",""36.95"","""","""""
"14/06/2024 16:00:00 - 14/06/2024 17:00:00,""BZN|NO3"",""Without Sequence"",""39.25"","""","""""
"14/06/2024 17:00:00 - 14/06/2024 18:00:00,""BZN|NO3"",""Without Sequence"",""39.50"","""","""""
"14/06/2024 18:00:00 - 14/06/2024 19:00:00,""BZN|NO3"",""Without Sequence"",""39.58"","""","""""
"14/06/2024 19:00:00 - 14/06/2024 20:00:00,""BZN|NO3"",""Without Sequence"",""39.54"","""","""""
"14/06/2024 20:00:00 - 14/06/2024 21:00:00,""BZN|NO3"",""Without Sequence"",""38.42"","""","""""
"14/06/2024 21:00:00 - 14/06/2024 22:00:00,""BZN|NO3"",""Without Sequence"",""37.30"","""","""""
"14/06/2024 22:00:00 - 14/06/2024 23:00:00,""BZN|NO3"",""Without Sequence"",""34.64"","""","""""
"14/06/2024 23:00:00 - 15/06/2024 00:00:00,""BZN|NO3"",""Without Sequence"",""31.03"","""","""""
"15/06/2024 00:00:00 - 15/06/2024 01:00:00,""BZN|NO3"",""Without Sequence"",""34.13"","""","""""
"15/06/2024 01:00:00 - 15/06/2024 02:00:00,""BZN|NO3"",""Without Sequence"",""32.79"","""","""""
"15/06/2024 02:00:00 - 15/06/2024 03:00:00,""BZN|NO3"",""Without Sequence"",""29.97"","""","""""
"15/06/2024 03:00:00 - 15/06/2024 04:00:00,""BZN|NO3"",""Without Sequence"",""28.86"","""","""""
"15/06/2024 04:00:00 - 15/06/2024 05:00:00,""BZN|NO3"",""Without Sequence"",""22.51"","""","""""
"15/06/2024 05:00:00 - 15/06/2024 06:00:00,""BZN|NO3"",""Without Sequence"",""13.11"","""","""""
"15/06/2024 06:00:00 - 15/06/2024 07:00:00,""BZN|NO3"",""Without Sequence"",""13.18"","""","""""
"15/06/2024 07:00:00 - 15/06/2024 08:00:00,""BZN|NO3"",""Without Sequence"",""13.76"","""","""""
"15/06/2024 08:00:00 - 15/06/2024 09:00:00,""BZN|NO3"",""Without Sequence"",""15.27"","""","""""
"15/06/2024 09:00:00 - 15/06/2024 10:00:00,""BZN|NO3"",""Without Sequence"",""16.12"","""","""""
"15/06/2024 10:00:00 - 15/06/2024 11:00:00,""BZN|NO3"",""Without Sequence"",""16.79"","""","""""
"15/06/2024 11:00:00 - 15/06/2024 12:00:00,""BZN|NO3"",""Without Sequence"",""15.89"","""","""""
"15/06/2024 12:00:00 - 15/06/2024 13:00:00,""BZN|NO3"",""Without Sequence"",""15.23"","""","""""
"15/06/2024 13:00:00 - 15/06/2024 14:00:00,""BZN|NO3"",""Without Sequence"",""13.98"","""","""""
"15/06/2024 14:00:00 - 15/06/2024 15:00:00,""BZN|NO3"",""Without Sequence"",""13.98"","""","""""
"15/06/2024 15:00:00 - 15/06/2024 16:00:00,""BZN|NO3"",""Without Sequence"",""13.77"","""","""""
"15/06/2024 16:00:00 - 15/06/2024 17:00:00,""BZN|NO3"",""Without Sequence"",""13.21"","""","""""
"15/06/2024 17:00:00 - 15/06/2024 18:00:00,""BZN|NO3"",""Without Sequence"",""14.95"","""","""""
"15/06/2024 18:00:00 - 15/06/2024 19:00:00,""BZN|NO3"",""Without Sequence"",""17.89"","""","""""
"15/06/2024 19:00:00 - 15/06/2024 20:00:00,""BZN|NO3"",""Without Sequence"",""31.95"","""","""""
"15/06/2024 20:00:00 - 15/06/2024 21:00:00,""BZN|NO3"",""Without Sequence"",""34.01"","""","""""
"15/06/2024 21:00:00 - 15/06/2024 22:00:00,""BZN|NO3"",""Without Sequence"",""33.21"","""","""""
"15/06/2024 22:00:00 - 15/06/2024 23:00:00,""BZN|NO3"",""Without Sequence"",""31.19"","""","""""
"15/06/2024 23:00:00 - 16/06/2024 00:00:00,""BZN|NO3"",""Without Sequence"",""27.71"","""","""""
"16/06/2024 00:00:00 - 16/06/2024 01:00:00,""BZN|NO3"",""Without Sequence"",""24.31"","""","""""
"16/06/2024 01:00:00 - 16/06/2024 02:00:00,""BZN|NO3"",""Without Sequence"",""10.36"","""","""""
"16/06/2024 02:00:00 - 16/06/2024 03:00:00,""BZN|NO3"",""Without Sequence"",""4.92"","""","""""
"16/06/2024 03:00:00 - 16/06/2024 04:00:00,""BZN|NO3"",""Without Sequence"",""2.92"","""","""""
"16/06/2024 04:00:00 - 16/06/2024 05:00:00,""BZN|NO3"",""Without Sequence"",""2.19"","""","""""
"16/06/2024 05:00:00 - 16/06/2024 06:00:00,""BZN|NO3"",""Without Sequence"",""2.53"","""","""""
"16/06/2024 06:00:00 - 16/06/2024 07:00:00,""BZN|NO3"",""Without Sequence"",""2.95"","""","""""
"16/06/2024 07:00:00 - 16/06/2024 08:00:00,""BZN|NO3"",""Without Sequence"",""1.71"","""","""""
"16/06/2024 08:00:00 - 16/06/2024 09:00:00,""BZN|NO3"",""Without Sequence"",""1.90"","""","""""
"16/06/2024 09:00:00 - 16/06/2024 10:00:00,""BZN|NO3"",""Without Sequence"",""2.07"","""","""""
"16/06/2024 10:00:00 - 16/06/2024 11:00:00,""BZN|NO3"",""Without Sequence"",""1.97"","""","""""
"16/06/2024 11:00:00 - 16/06/2024 12:00:00,""BZN|NO3"",""Without Sequence"",""2.46"","""","""""
"16/06/2024 12:00:00 - 16/06/2024 13:00:00,""BZN|NO3"",""Without Sequence"",""1.92"","""","""""
"16/06/2024 13:00:00 - 16/06/2024 14:00:00,""BZN|NO3"",""Without Sequence"",""1.96"","""","""""
"16/06/2024 14:00:00 - 16/06/2024 15:00:00,""BZN|NO3"",""Without Sequence"",""2.60"","""","""""
"16/06/2024 15:00:00 - 16/06/2024 16:00:00,""BZN|NO3"",""Without Sequence"",""3.07"","""","""""
"16/06/2024 16:00:00 - 16/06/2024 17:00:00,""BZN|NO3"",""Without Sequence"",""11.79"","""","""""
"16/06/2024 17:00:00 - 16/06/2024 18:00:00,""BZN|NO3"",""Without Sequence"",""24.19"","""","""""
"16/06/2024 18:00:00 - 16/06/2024 19:00:00,""BZN|NO3"",""Without Sequence"",""34.84"","""","""""
"16/06/2024 19:00:00 - 16/06/2024 20:00:00,""BZN|NO3"",""Without Sequence"",""37.85"","""","""""
"16/06/2024 20:00:00 - 16/06/2024 21:00:00,""BZN|NO3"",""Without Sequence"",""37.63"","""","""""
"16/06/2024 21:00:00 - 16/06/2024 22:00:00,""BZN|NO3"",""Without Sequence"",""37.09"","""","""""
"16/06/2024 22:00:00 - 16/06/2024 23:00:00,""BZN|NO3"",""Without Sequence"",""36.11"","""","""""
"16/06/2024 23:00:00 - 17/06/2024 00:00:00,""BZN|NO3"",""Without Sequence"",""33.26"","""","""""
"17/06/2024 00:00:00 - 17/06/2024 01:00:00,""BZN|NO3"",""Without Sequence"",""31.44"","""","""""
"17/06/2024 01:00:00 - 17/06/2024 02:00:00,""BZN|NO3"",""Without Sequence"",""31.49"","""","""""
"17/06/2024 02:00:00 - 17/06/2024 03:00:00,""BZN|NO3"",""Without Sequence"",""31.50"","""","""""
"17/06/2024 03:00:00 - 17/06/2024 04:00:00,""BZN|NO3"",""Without Sequence"",""31.79"","""","""""
"17/06/2024 04:00:00 - 17/06/2024 05:00:00,""BZN|NO3"",""Without Sequence"",""33.18"","""","""""
"17/06/2024 05:00:00 - 17/06/2024 06:00:00,""BZN|NO3"",""Without Sequence"",""35.00"","""","""""
"17/06/2024 06:00:00 - 17/06/2024 07:00:00,""BZN|NO3"",""Without Sequence"",""39.58"","""","""""
"17/06/2024 07:00:00 - 17/06/2024 08:00:00,""BZN|NO3"",""Without Sequence"",""41.73"","""","""""
"17/06/2024 08:00:00 - 17/06/2024 09:00:00,""BZN|NO3"",""Without Sequence"",""43.66"","""","""""
"17/06/2024 09:00:00 - 17/06/2024 10:00:00,""BZN|NO3"",""Without Sequence"",""43.47"","""","""""
"17/06/2024 10:00:00 - 17/06/2024 11:00:00,""BZN|NO3"",""Without Sequence"",""42.83"","""","""""
"17/06/2024 11:00:00 - 17/06/2024 12:00:00,""BZN|NO3"",""Without Sequence"",""42.06"","""","""""
"17/06/2024 12:00:00 - 17/06/2024 13:00:00,""BZN|NO3"",""Without Sequence"",""40.56"","""","""""
"17/06/2024 13:00:00 - 17/06/2024 14:00:00,""BZN|NO3"",""Without Sequence"",""39.45"","""","""""
"17/06/2024 14:00:00 - 17/06/2024 15:00:00,""BZN|NO3"",""Without Sequence"",""40.27"","""","""""
"17/06/2024 15:00:00 - 17/06/2024 16:00:00,""BZN|NO3"",""Without Sequence"",""40.43"","""","""""
"17/06/2024 16:00:00 - 17/06/2024 17:00:00,""BZN|NO3"",""Without Sequence"",""40.86"","""","""""
"17/06/2024 17:00:00 - 17/06/2024 18:00:00,""BZN|NO3"",""Without Sequence"",""41.00"","""","""""
"17/06/2024 18:00:00 - 17/06/2024 19:00:00,""BZN|NO3"",""Without Sequence"",""41.63"","""","""""
"17/06/2024 19:00:00 - 17/06/2024 20:00:00,""BZN|NO3"",""Without Sequence"",""41.42"","""","""""
"17/06/2024 20:00:00 - 17/06/2024 21:00:00,""BZN|NO3"",""Without Sequence"",""41.55"","""","""""
"17/06/2024 21:00:00 - 17/06/2024 22:00:00,""BZN|NO3"",""Without Sequence"",""41.02"","""","""""
"17/06/2024 22:00:00 - 17/06/2024 23:00:00,""BZN|NO3"",""Without Sequence"",""39.64"","""","""""
"17/06/2024 23:00:00 - 18/06/2024 00:00:00,""BZN|NO3"",""Without Sequence"",""36.72"","""","""""
"18/06/2024 00:00:00 - 18/06/2024 01:00:00,""BZN|NO3"",""Without Sequence"",""35.52"","""","""""
"18/06/2024 01:00:00 - 18/06/2024 02:00:00,""BZN|NO3"",""Without Sequence"",""35.05"","""","""""
"18/06/2024 02:00:00 - 18/06/2024 03:00:00,""BZN|NO3"",""Without Sequence"",""35.08"","""","""""
"18/06/2024 03:00:00 - 18/06/2024 04:00:00,""BZN|NO3"",""Without Sequence"",""35.12"","""","""""
"18/06/2024 04:00:00 - 18/06/2024 05:00:00,""BZN|NO3"",""Without Sequence"",""35.51"","""","""""
"18/06/2024 05:00:00 - 18/06/2024 06:00:00,""BZN|NO3"",""Without Sequence"",""38.68"","""","""""
"18/06/2024 06:00:00 - 18/06/2024 07:00:00,""BZN|NO3"",""Without Sequence"",""42.53"","""","""""
"18/06/2024 07:00:00 - 18/06/2024 08:00:00,""BZN|NO3"",""Without Sequence"",""43.89"","""","""""
"18/06/2024 08:00:00 - 18/06/2024 09:00:00,""BZN|NO3"",""Without Sequence"",""45.37"","""","""""
"18/06/2024 09:00:00 - 18/06/2024 10:00:00,""BZN|NO3"",""Without Sequence"",""46.22"","""","""""
"18/06/2024 10:00:00 - 18/06/2024 11:00:00,""BZN|NO3"",""Without Sequence"",""42.40"","""","""""
"18/06/2024 11:00:00 - 18/06/2024 12:00:00,""BZN|NO3"",""Without Sequence"",""42.89"","""","""""
"18/06/2024 12:00:00 - 18/06/2024 13:00:00,""BZN|NO3"",""Without Sequence"",""42.48"","""","""""
"18/06/2024 13:00:00 - 18/06/2024 14:00:00,""BZN|NO3"",""Without Sequence"",""39.83"","""","""""
"18/06/2024 14:00:00 - 18/06/2024 15:00:00,""BZN|NO3"",""Without Sequence"",""39.26"","""","""""
"18/06/2024 15:00:00 - 18/06/2024 16:00:00,""BZN|NO3"",""Without Sequence"",""38.50"","""","""""
"18/06/2024 16:00:00 - 18/06/2024 17:00:00,""BZN|NO3"",""Without Sequence"",""37.72"","""","""""
"18/06/2024 17:00:00 - 18/06/2024 18:00:00,""BZN|NO3"",""Without Sequence"",""39.02"","""","""""
"18/06/2024 18:00:00 - 18/06/2024 19:00:00,""BZN|NO3"",""Without Sequence"",""39.66"","""","""""
"18/06/2024 19:00:00 - 18/06/2024 20:00:00,""BZN|NO3"",""Without Sequence"",""39.65"","""","""""
"18/06/2024 20:00:00 - 18/06/2024 21:00:00,""BZN|NO3"",""Without Sequence"",""39.18"","""","""""
"18/06/2024 21:00:00 - 18/06/2024 22:00:00,""BZN|NO3"",""Without Sequence"",""37.24"","""","""""
"18/06/2024 22:00:00 - 18/06/2024 23:00:00,""BZN|NO3"",""Without Sequence"",""34.14"","""","""""
"18/06/2024 23:00:00 - 19/06/2024 00:00:00,""BZN|NO3"",""Without Sequence"",""30.47"","""","""""
"19/06/2024 00:00:00 - 19/06/2024 01:00:00,""BZN|NO3"",""Without Sequence"",""27.51"","""","""""
"19/06/2024 01:00:00 - 19/06/2024 02:00:00,""BZN|NO3"",""Without Sequence"",""25.86"","""","""""
"19/06/2024 02:00:00 - 19/06/2024 03:00:00,""BZN|NO3"",""Without Sequence"",""24.90"","""","""""
"19/06/2024 03:00:00 - 19/06/2024 04:00:00,""BZN|NO3"",""Without Sequence"",""23.45"","""","""""
"19/06/2024 04:00:00 - 19/06/2024 05:00:00,""BZN|NO3"",""Without Sequence"",""23.19"","""","""""
"19/06/2024 05:00:00 - 19/06/2024 06:00:00,""BZN|NO3"",""Without Sequence"",""26.11"","""","""""
"19/06/2024 06:00:00 - 19/06/2024 07:00:00,""BZN|NO3"",""Without Sequence"",""28.59"","""","""""
"19/06/2024 07:00:00 - 19/06/2024 08:00:00,""BZN|NO3"",""Without Sequence"",""29.10"","""","""""
"19/06/2024 08:00:00 - 19/06/2024 09:00:00,""BZN|NO3"",""Without Sequence"",""28.89"","""","""""
"19/06/2024 09:00:00 - 19/06/2024 10:00:00,""BZN|NO3"",""Without Sequence"",""28.76"","""","""""
"19/06/2024 10:00:00 - 19/06/2024 11:00:00,""BZN|NO3"",""Without Sequence"",""26.76"","""","""""
"19/06/2024 11:00:00 - 19/06/2024 12:00:00,""BZN|NO3"",""Without Sequence"",""26.39"","""","""""
"19/06/2024 12:00:00 - 19/06/2024 13:00:00,""BZN|NO3"",""Without Sequence"",""25.91"","""","""""
"19/06/2024 13:00:00 - 19/06/2024 14:00:00,""BZN|NO3"",""Without Sequence"",""25.40"","""","""""
"19/06/2024 14:00:00 - 19/06/2024 15:00:00,""BZN|NO3"",""Without Sequence"",""21.87"","""","""""
"19/06/2024 15:00:00 - 19/06/2024 16:00:00,""BZN|NO3"",""Without Sequence"",""18.95"","""","""""
"19/06/2024 16:00:00 - 19/06/2024 17:00:00,""BZN|NO3"",""Without Sequence"",""20.81"","""","""""
"19/06/2024 17:00:00 - 19/06/2024 18:00:00,""BZN|NO3"",""Without Sequence"",""19.35"","""","""""
"19/06/2024 18:00:00 - 19/06/2024 19:00:00,""BZN|NO3"",""Without Sequence"",""19.01"","""","""""
"19/06/2024 19:00:00 - 19/06/2024 20:00:00,""BZN|NO3"",""Without Sequence"",""17.99"","""","""""
"19/06/2024 20:00:00 - 19/06/2024 21:00:00,""BZN|NO3"",""Without Sequence"",""13.69"","""","""""
"19/06/2024 21:00:00 - 19/06/2024 22:00:00,""BZN|NO3"",""Without Sequence"",""12.22"","""","""""
"19/06/2024 22:00:00 - 19/06/2024 23:00:00,""BZN|NO3"",""Without Sequence"",""10.07"","""","""""
"19/06/2024 23:00:00 - 20/06/2024 00:00:00,""BZN|NO3"",""Without Sequence"",""4.47"","""","""""
"20/06/2024 00:00:00 - 20/06/2024 01:00:00,""BZN|NO3"",""Without Sequence"",""5.15"","""","""""
"20/06/2024 01:00:00 - 20/06/2024 02:00:00,""BZN|NO3"",""Without Sequence"",""5.82"","""","""""
"20/06/2024 02:00:00 - 20/06/2024 03:00:00,""BZN|NO3"",""Without Sequence"",""8.18"","""","""""
"20/06/2024 03:00:00 - 20/06/2024 04:00:00,""BZN|NO3"",""Without Sequence"",""10.64"","""","""""
"20/06/2024 04:00:00 - 20/06/2024 05:00:00,""BZN|NO3"",""Without Sequence"",""10.59"","""","""""
"20/06/2024 05:00:00 - 20/06/2024 06:00:00,""BZN|NO3"",""Without Sequence"",""11.73"","""","""""
"20/06/2024 06:00:00 - 20/06/2024 07:00:00,""BZN|NO3"",""Without Sequence"",""15.64"","""","""""
"20/06/2024 07:00:00 - 20/06/2024 08:00:00,""BZN|NO3"",""Without Sequence"",""19.19"","""","""""
"20/06/2024 08:00:00 - 20/06/2024 09:00:00,""BZN|NO3"",""Without Sequence"",""23.03"","""","""""
"20/06/2024 09:00:00 - 20/06/2024 10:00:00,""BZN|NO3"",""Without Sequence"",""18.86"","""","""""
"20/06/2024 10:00:00 - 20/06/2024 11:00:00,""BZN|NO3"",""Without Sequence"",""14.90"","""","""""
"20/06/2024 11:00:00 - 20/06/2024 12:00:00,""BZN|NO3"",""Without Sequence"",""10.40"","""","""""
"20/06/2024 12:00:00 - 20/06/2024 13:00:00,""BZN|NO3"",""Without Sequence"",""6.59"","""","""""
"20/06/2024 13:00:00 - 20/06/2024 14:00:00,""BZN|NO3"",""Without Sequence"",""3.83"","""","""""
"20/06/2024 14:00:00 - 20/06/2024 15:00:00,""BZN|NO3"",""Without Sequence"",""3.00"","""","""""
"20/06/2024 15:00:00 - 20/06/2024 16:00:00,""BZN|NO3"",""Without Sequence"",""2.61"","""","""""
"20/06/2024 16:00:00 - 20/06/2024 17:00:00,""BZN|NO3"",""Without Sequence"",""2.05"","""","""""
"20/06/2024 17:00:00 - 20/06/2024 18:00:00,""BZN|NO3"",""Without Sequence"",""1.50"","""","""""
"20/06/2024 18:00:00 - 20/06/2024 19:00:00,""BZN|NO3"",""Without Sequence"",""2.44"","""","""""
"20/06/2024 19:00:00 - 20/06/2024 20:00:00,""BZN|NO3"",""Without Sequence"",""3.01"","""","""""
"20/06/2024 20:00:00 - 20/06/2024 21:00:00,""BZN|NO3"",""Without Sequence"",""3.01"","""","""""
"20/06/2024 21:00:00 - 20/06/2024 22:00:00,""BZN|NO3"",""Without Sequence"",""2.02"","""","""""
"20/06/2024 22:00:00 - 20/06/2024 23:00:00,""BZN|NO3"",""Without Sequence"",""0.93"","""","""""
"20/06/2024 23:00:00 - 21/06/2024 00:00:00,""BZN|NO3"",""Without Sequence"",""0.21"","""","""""
"21/06/2024 00:00:00 - 21/06/2024 01:00:00,""BZN|NO3"",""Without Sequence"",""0.00"","""","""""
"21/06/2024 01:00:00 - 21/06/2024 02:00:00,""BZN|NO3"",""Without Sequence"",""0.25"","""","""""
"21/06/2024 02:00:00 - 21/06/2024 03:00:00,""BZN|NO3"",""Without Sequence"",""0.40"","""","""""
"21/06/2024 03:00:00 - 21/06/2024 04:00:00,""BZN|NO3"",""Without Sequence"",""1.30"","""","""""
"21/06/2024 04:00:00 - 21/06/2024 05:00:00,""BZN|NO3"",""Without Sequence"",""2.56"","""","""""
"21/06/2024 05:00:00 - 21/06/2024 06:00:00,""BZN|NO3"",""Without Sequence"",""4.09"","""","""""
"21/06/2024 06:00:00 - 21/06/2024 07:00:00,""BZN|NO3"",""Without Sequence"",""4.19"","""","""""
"21/06/2024 07:00:00 - 21/06/2024 08:00:00,""BZN|NO3"",""Without Sequence"",""8.91"","""","""""
"21/06/2024 08:00:00 - 21/06/2024 09:00:00,""BZN|NO3"",""Without Sequence"",""15.23"","""","""""
"21/06/2024 09:00:00 - 21/06/2024 10:00:00,""BZN|NO3"",""Without Sequence"",""20.34"","""","""""
"21/06/2024 10:00:00 - 21/06/2024 11:00:00,""BZN|NO3"",""Without Sequence"",""19.50"","""","""""
"21/06/2024 11:00:00 - 21/06/2024 12:00:00,""BZN|NO3"",""Without Sequence"",""20.52"","""","""""
"21/06/2024 12:00:00 - 21/06/2024 13:00:00,""BZN|NO3"",""Without Sequence"",""21.48"","""","""""
"21/06/2024 13:00:00 - 21/06/2024 14:00:00,""BZN|NO3"",""Without Sequence"",""21.49"","""","""""
"21/06/2024 14:00:00 - 21/06/2024 15:00:00,""BZN|NO3"",""Without Sequence"",""22.73"","""","""""
"21/06/2024 15:00:00 - 21/06/2024 16:00:00,""BZN|NO3"",""Without Sequence"",""22.93"","""","""""
"21/06/2024 16:00:00 - 21/06/2024 17:00:00,""BZN|NO3"",""Without Sequence"",""26.50"","""","""""
"21/06/2024 17:00:00 - 21/06/2024 18:00:00,""BZN|NO3"",""Without Sequence"",""29.09"","""","""""
"21/06/2024 18:00:00 - 21/06/2024 19:00:00,""BZN|NO3"",""Without Sequence"",""34.44"","""","""""
"21/06/2024 19:00:00 - 21/06/2024 20:00:00,""BZN|NO3"",""Without Sequence"",""34.76"","""","""""
"21/06/2024 20:00:00 - 21/06/2024 21:00:00,""BZN|NO3"",""Without Sequence"",""34.92"","""","""""
"21/06/2024 21:00:00 - 21/06/2024 22:00:00,""BZN|NO3"",""Without Sequence"",""32.56"","""","""""
"21/06/2024 22:00:00 - 21/06/2024 23:00:00,""BZN|NO3"",""Without Sequence"",""30.85"","""","""""
"21/06/2024 23:00:00 - 22/06/2024 00:00:00,""BZN|NO3"",""Without Sequence"",""28.11"","""","""""
"22/06/2024 00:00:00 - 22/06/2024 01:00:00,""BZN|NO3"",""Without Sequence"",""33.33"","""","""""
"22/06/2024 01:00:00 - 22/06/2024 02:00:00,""BZN|NO3"",""Without Sequence"",""33.09"","""","""""
"22/06/2024 02:00:00 - 22/06/2024 03:00:00,""BZN|NO3"",""Without Sequence"",""31.83"","""","""""
"22/06/2024 03:00:00 - 22/06/2024 04:00:00,""BZN|NO3"",""Without Sequence"",""31.58"","""","""""
"22/06/2024 04:00:00 - 22/06/2024 05:00:00,""BZN|NO3"",""Without Sequence"",""30.59"","""","""""
"22/06/2024 05:00:00 - 22/06/2024 06:00:00,""BZN|NO3"",""Without Sequence"",""29.49"","""","""""
"22/06/2024 06:00:00 - 22/06/2024 07:00:00,""BZN|NO3"",""Without Sequence"",""32.03"","""","""""
"22/06/2024 07:00:00 - 22/06/2024 08:00:00,""BZN|NO3"",""Without Sequence"",""34.75"","""","""""
"22/06/2024 08:00:00 - 22/06/2024 09:00:00,""BZN|NO3"",""Without Sequence"",""35.59"","""","""""
"22/06/2024 09:00:00 - 22/06/2024 10:00:00,""BZN|NO3"",""Without Sequence"",""34.34"","""","""""
"22/06/2024 10:00:00 - 22/06/2024 11:00:00,""BZN|NO3"",""Without Sequence"",""22.88"","""","""""
"22/06/2024 11:00:00 - 22/06/2024 12:00:00,""BZN|NO3"",""Without Sequence"",""23.89"","""","""""
"22/06/2024 12:00:00 - 22/06/2024 13:00:00,""BZN|NO3"",""Without Sequence"",""21.28"","""","""""
"22/06/2024 13:00:00 - 22/06/2024 14:00:00,""BZN|NO3"",""Without Sequence"",""20.18"","""","""""
"22/06/2024 14:00:00 - 22/06/2024 15:00:00,""BZN|NO3"",""Without Sequence"",""19.96"","""","""""
"22/06/2024 15:00:00 - 22/06/2024 16:00:00,""BZN|NO3"",""Without Sequence"",""20.51"","""","""""
"22/06/2024 16:00:00 - 22/06/2024 17:00:00,""BZN|NO3"",""Without Sequence"",""19.96"","""","""""
"22/06/2024 17:00:00 - 22/06/2024 18:00:00,""BZN|NO3"",""Without Sequence"",""35.08"","""","""""
"22/06/2024 18:00:00 - 22/06/2024 19:00:00,""BZN|NO3"",""Without Sequence"",""36.59"","""","""""
"22/06/2024 19:00:00 - 22/06/2024 20:00:00,""BZN|NO3"",""Without Sequence"",""36.19"","""","""""
"22/06/2024 20:00:00 - 22/06/2024 21:00:00,""BZN|NO3"",""Without Sequence"",""35.62"","""","""""
"22/06/2024 21:00:00 - 22/06/2024 22:00:00,""BZN|NO3"",""Without Sequence"",""34.42"","""","""""
"22/06/2024 22:00:00 - 22/06/2024 23:00:00,""BZN|NO3"",""Without Sequence"",""30.49"","""","""""
"22/06/2024 23:00:00 - 23/06/2024 00:00:00,""BZN|NO3"",""Without Sequence"",""27.54"","""","""""
"23/06/2024 00:00:00 - 23/06/2024 01:00:00,""BZN|NO3"",""Without Sequence"",""30.89"","""","""""
"23/06/2024 01:00:00 - 23/06/2024 02:00:00,""BZN|NO3"",""Without Sequence"",""30.19"","""","""""
"23/06/2024 02:00:00 - 23/06/2024 03:00:00,""BZN|NO3"",""Without Sequence"",""29.88"","""","""""
"23/06/2024 03:00:00 - 23/06/2024 04:00:00,""BZN|NO3"",""Without Sequence"",""29.72"","""","""""
"23/06/2024 04:00:00 - 23/06/2024 05:00:00,""BZN|NO3"",""Without Sequence"",""29.61"","""","""""
"23/06/2024 05:00:00 - 23/06/2024 06:00:00,""BZN|NO3"",""Without Sequence"",""29.22"","""","""""
"23/06/2024 06:00:00 - 23/06/2024 07:00:00,""BZN|NO3"",""Without Sequence"",""30.34"","""","""""
"23/06/2024 07:00:00 - 23/06/2024 08:00:00,""BZN|NO3"",""Without Sequence"",""34.99"","""","""""
"23/06/2024 08:00:00 - 23/06/2024 09:00:00,""BZN|NO3"",""Without Sequence"",""25.42"","""","""""
"23/06/2024 09:00:00 - 23/06/2024 10:00:00,""BZN|NO3"",""Without Sequence"",""10.48"","""","""""
"23/06/2024 10:00:00 - 23/06/2024 11:00:00,""BZN|NO3"",""Without Sequence"",""10.36"","""","""""
"23/06/2024 11:00:00 - 23/06/2024 12:00:00,""BZN|NO3"",""Without Sequence"",""6.69"","""","""""
"23/06/2024 12:00:00 - 23/06/2024 13:00:00,""BZN|NO3"",""Without Sequence"",""2.61"","""","""""
"23/06/2024 13:00:00 - 23/06/2024 14:00:00,""BZN|NO3"",""Without Sequence"",""0.49"","""","""""
"23/06/2024 14:00:00 - 23/06/2024 15:00:00,""BZN|NO3"",""Without Sequence"",""0.09"","""","""""
"23/06/2024 15:00:00 - 23/06/2024 16:00:00,""BZN|NO3"",""Without Sequence"",""1.74"","""","""""
"23/06/2024 16:00:00 - 23/06/2024 17:00:00,""BZN|NO3"",""Without Sequence"",""4.99"","""","""""
"23/06/2024 17:00:00 - 23/06/2024 18:00:00,""BZN|NO3"",""Without Sequence"",""25.73"","""","""""
"23/06/2024 18:00:00 - 23/06/2024 19:00:00,""BZN|NO3"",""Without Sequence"",""33.64"","""","""""
"23/06/2024 19:00:00 - 23/06/2024 20:00:00,""BZN|NO3"",""Without Sequence"",""33.77"","""","""""
"23/06/2024 20:00:00 - 23/06/2024 21:00:00,""BZN|NO3"",""Without Sequence"",""32.98"","""","""""
"23/06/2024 21:00:00 - 23/06/2024 22:00:00,""BZN|NO3"",""Without Sequence"",""31.91"","""","""""
"23/06/2024 22:00:00 - 23/06/2024 23:00:00,""BZN|NO3"",""Without Sequence"",""29.14"","""","""""
"23/06/2024 23:00:00 - 24/06/2024 00:00:00,""BZN|NO3"",""Without Sequence"",""27.10"","""","""""
"24/06/2024 00:00:00 - 24/06/2024 01:00:00,""BZN|NO3"",""Without Sequence"",""24.54"","""","""""
"24/06/2024 01:00:00 - 24/06/2024 02:00:00,""BZN|NO3"",""Without Sequence"",""23.32"","""","""""
"24/06/2024 02:00:00 - 24/06/2024 03:00:00,""BZN|NO3"",""Without Sequence"",""22.19"","""","""""
"24/06/2024 03:00:00 - 24/06/2024 04:00:00,""BZN|NO3"",""Without Sequence"",""20.59"","""","""""
"24/06/2024 04:00:00 - 24/06/2024 05:00:00,""BZN|NO3"",""Without Sequence"",""22.19"","""","""""
"24/06/2024 05:00:00 - 24/06/2024 06:00:00,""BZN|NO3"",""Without Sequence"",""26.81"","""","""""
"24/06/2024 06:00:00 - 24/06/2024 07:00:00,""BZN|NO3"",""Without Sequence"",""31.95"","""","""""
"24/06/2024 07:00:00 - 24/06/2024 08:00:00,""BZN|NO3"",""Without Sequence"",""35.27"","""","""""
"24/06/2024 08:00:00 - 24/06/2024 09:00:00,""BZN|NO3"",""Without Sequence"",""36.31"","""","""""
"24/06/2024 09:00:00 - 24/06/2024 10:00:00,""BZN|NO3"",""Without Sequence"",""36.86"","""","""""
"24/06/2024 10:00:00 - 24/06/2024 11:00:00,""BZN|NO3"",""Without Sequence"",""36.80"","""","""""
"24/06/2024 11:00:00 - 24/06/2024 12:00:00,""BZN|NO3"",""Without Sequence"",""36.51"","""","""""
"24/06/2024 12:00:00 - 24/06/2024 13:00:00,""BZN|NO3"",""Without Sequence"",""31.81"","""","""""
"24/06/2024 13:00:00 - 24/06/2024 14:00:00,""BZN|NO3"",""Without Sequence"",""29.96"","""","""""
"24/06/2024 14:00:00 - 24/06/2024 15:00:00,""BZN|NO3"",""Without Sequence"",""30.93"","""","""""
"24/06/2024 15:00:00 - 24/06/2024 16:00:00,""BZN|NO3"",""Without Sequence"",""35.65"","""","""""
"24/06/2024 16:00:00 - 24/06/2024 17:00:00,""BZN|NO3"",""Without Sequence"",""35.70"","""","""""
"24/06/2024 17:00:00 - 24/06/2024 18:00:00,""BZN|NO3"",""Without Sequence"",""35.72"","""","""""
"24/06/2024 18:00:00 - 24/06/2024 19:00:00,""BZN|NO3"",""Without Sequence"",""36.26"","""","""""
"24/06/2024 19:00:00 - 24/06/2024 20:00:00,""BZN|NO3"",""Without Sequence"",""36.19"","""","""""
"24/06/2024 20:00:00 - 24/06/2024 21:00:00,""BZN|NO3"",""Without Sequence"",""36.13"","""","""""
"24/06/2024 21:00:00 - 24/06/2024 22:00:00,""BZN|NO3"",""Without Sequence"",""35.80"","""","""""
"24/06/2024 22:00:00 - 24/06/2024 23:00:00,""BZN|NO3"",""Without Sequence"",""34.99"","""","""""
"24/06/2024 23:00:00 - 25/06/2024 00:00:00,""BZN|NO3"",""Without Sequence"",""32.10"","""","""""
"25/06/2024 00:00:00 - 25/06/2024 01:00:00,""BZN|NO3"",""Without Sequence"",""28.83"","""","""""
"25/06/2024 01:00:00 - 25/06/2024 02:00:00,""BZN|NO3"",""Without Sequence"",""27.67"","""","""""
"25/06/2024 02:00:00 - 25/06/2024 03:00:00,""BZN|NO3"",""Without Sequence"",""27.19"","""","""""
"25/06/2024 03:00:00 - 25/06/2024 04:00:00,""BZN|NO3"",""Without Sequence"",""27.30"","""","""""
"25/06/2024 04:00:00 - 25/06/2024 05:00:00,""BZN|NO3"",""Without Sequence"",""28.17"","""","""""
"25/06/2024 05:00:00 - 25/06/2024 06:00:00,""BZN|NO3"",""Without Sequence"",""31.02"","""","""""
"25/06/2024 06:00:00 - 25/06/2024 07:00:00,""BZN|NO3"",""Without Sequence"",""34.36"","""","""""
"25/06/2024 07:00:00 - 25/06/2024 08:00:00,""BZN|NO3"",""Without Sequence"",""36.45"","""","""""
"25/06/2024 08:00:00 - 25/06/2024 09:00:00,""BZN|NO3"",""Without Sequence"",""37.27"","""","""""
"25/06/2024 09:00:00 - 25/06/2024 10:00:00,""BZN|NO3"",""Without Sequence"",""36.77"","""","""""
"25/06/2024 10:00:00 - 25/06/2024 11:00:00,""BZN|NO3"",""Without Sequence"",""34.26"","""","""""
"25/06/2024 11:00:00 - 25/06/2024 12:00:00,""BZN|NO3"",""Without Sequence"",""28.38"","""","""""
"25/06/2024 12:00:00 - 25/06/2024 13:00:00,""BZN|NO3"",""Without Sequence"",""26.10"","""","""""
"25/06/2024 13:00:00 - 25/06/2024 14:00:00,""BZN|NO3"",""Without Sequence"",""22.08"","""","""""
"25/06/2024 14:00:00 - 25/06/2024 15:00:00,""BZN|NO3"",""Without Sequence"",""22.77"","""","""""
"25/06/2024 15:00:00 - 25/06/2024 16:00:00,""BZN|NO3"",""Without Sequence"",""25.95"","""","""""
"25/06/2024 16:00:00 - 25/06/2024 17:00:00,""BZN|NO3"",""Without Sequence"",""32.96"","""","""""
"25/06/2024 17:00:00 - 25/06/2024 18:00:00,""BZN|NO3"",""Without Sequence"",""34.52"","""","""""
"25/06/2024 18:00:00 - 25/06/2024 19:00:00,""BZN|NO3"",""Without Sequence"",""35.42"","""","""""
"25/06/2024 19:00:00 - 25/06/2024 20:00:00,""BZN|NO3"",""Without Sequence"",""35.34"","""","""""
"25/06/2024 20:00:00 - 25/06/2024 21:00:00,""BZN|NO3"",""Without Sequence"",""35.03"","""","""""
"25/06/2024 21:00:00 - 25/06/2024 22:00:00,""BZN|NO3"",""Without Sequence"",""34.18"","""","""""
"25/06/2024 22:00:00 - 25/06/2024 23:00:00,""BZN|NO3"",""Without Sequence"",""32.94"","""","""""
"25/06/2024 23:00:00 - 26/06/2024 00:00:00,""BZN|NO3"",""Without Sequence"",""32.84"","""","""""
"26/06/2024 00:00:00 - 26/06/2024 01:00:00,""BZN|NO3"",""Without Sequence"",""23.65"","""","""""
"26/06/2024 01:00:00 - 26/06/2024 02:00:00,""BZN|NO3"",""Without Sequence"",""20.51"","""","""""
"26/06/2024 02:00:00 - 26/06/2024 03:00:00,""BZN|NO3"",""Without Sequence"",""18.72"","""","""""
"26/06/2024 03:00:00 - 26/06/2024 04:00:00,""BZN|NO3"",""Without Sequence"",""17.32"","""","""""
"26/06/2024 04:00:00 - 26/06/2024 05:00:00,""BZN|NO3"",""Without Sequence"",""17.66"","""","""""
"26/06/2024 05:00:00 - 26/06/2024 06:00:00,""BZN|NO3"",""Without Sequence"",""24.29"","""","""""
"26/06/2024 06:00:00 - 26/06/2024 07:00:00,""BZN|NO3"",""Without Sequence"",""29.10"","""","""""
"26/06/2024 07:00:00 - 26/06/2024 08:00:00,""BZN|NO3"",""Without Sequence"",""34.00"","""","""""
"26/06/2024 08:00:00 - 26/06/2024 09:00:00,""BZN|NO3"",""Without Sequence"",""35.55"","""","""""
"26/06/2024 09:00:00 - 26/06/2024 10:00:00,""BZN|NO3"",""Without Sequence"",""35.14"","""","""""
"26/06/2024 10:00:00 - 26/06/2024 11:00:00,""BZN|NO3"",""Without Sequence"",""35.31"","""","""""
"26/06/2024 11:00:00 - 26/06/2024 12:00:00,""BZN|NO3"",""Without Sequence"",""33.60"","""","""""
"26/06/2024 12:00:00 - 26/06/2024 13:00:00,""BZN|NO3"",""Without Sequence"",""32.90"","""","""""
"26/06/2024 13:00:00 - 26/06/2024 14:00:00,""BZN|NO3"",""Without Sequence"",""32.64"","""","""""
"26/06/2024 14:00:00 - 26/06/2024 15:00:00,""BZN|NO3"",""Without Sequence"",""32.57"","""","""""
"26/06/2024 15:00:00 - 26/06/2024 16:00:00,""BZN|NO3"",""Without Sequence"",""32.65"","""","""""
"26/06/2024 16:00:00 - 26/06/2024 17:00:00,""BZN|NO3"",""Without Sequence"",""33.07"","""","""""
"26/06/2024 17:00:00 - 26/06/2024 18:00:00,""BZN|NO3"",""Without Sequence"",""33.66"","""","""""
"26/06/2024 18:00:00 - 26/06/2024 19:00:00,""BZN|NO3"",""Without Sequence"",""34.93"","""","""""
"26/06/2024 19:00:00 - 26/06/2024 20:00:00,""BZN|NO3"",""Without Sequence"",""34.96"","""","""""
"26/06/2024 20:00:00 - 26/06/2024 21:00:00,""BZN|NO3"",""Without Sequence"",""33.79"","""","""""
"26/06/2024 21:00:00 - 26/06/2024 22:00:00,""BZN|NO3"",""Without Sequence"",""33.70"","""","""""
"26/06/2024 22:00:00 - 26/06/2024 23:00:00,""BZN|NO3"",""Without Sequence"",""33.00"","""","""""
"26/06/2024 23:00:00 - 27/06/2024 00:00:00,""BZN|NO3"",""Without Sequence"",""31.56"","""","""""
"27/06/2024 00:00:00 - 27/06/2024 01:00:00,""BZN|NO3"",""Without Sequence"",""28.41"","""","""""
"27/06/2024 01:00:00 - 27/06/2024 02:00:00,""BZN|NO3"",""Without Sequence"",""27.06"","""","""""
"27/06/2024 02:00:00 - 27/06/2024 03:00:00,""BZN|NO3"",""Without Sequence"",""26.00"","""","""""
"27/06/2024 03:00:00 - 27/06/2024 04:00:00,""BZN|NO3"",""Without Sequence"",""24.92"","""","""""
"27/06/2024 04:00:00 - 27/06/2024 05:00:00,""BZN|NO3"",""Without Sequence"",""25.80"","""","""""
"27/06/2024 05:00:00 - 27/06/2024 06:00:00,""BZN|NO3"",""Without Sequence"",""26.56"","""","""""
"27/06/2024 06:00:00 - 27/06/2024 07:00:00,""BZN|NO3"",""Without Sequence"",""29.23"","""","""""
"27/06/2024 07:00:00 - 27/06/2024 08:00:00,""BZN|NO3"",""Without Sequence"",""32.91"","""","""""
"27/06/2024 08:00:00 - 27/06/2024 09:00:00,""BZN|NO3"",""Without Sequence"",""35.16"","""","""""
"27/06/2024 09:00:00 - 27/06/2024 10:00:00,""BZN|NO3"",""Without Sequence"",""34.79"","""","""""
"27/06/2024 10:00:00 - 27/06/2024 11:00:00,""BZN|NO3"",""Without Sequence"",""33.71"","""","""""
"27/06/2024 11:00:00 - 27/06/2024 12:00:00,""BZN|NO3"",""Without Sequence"",""29.46"","""","""""
"27/06/2024 12:00:00 - 27/06/2024 13:00:00,""BZN|NO3"",""Without Sequence"",""29.71"","""","""""
"27/06/2024 13:00:00 - 27/06/2024 14:00:00,""BZN|NO3"",""Without Sequence"",""28.94"","""","""""
"27/06/2024 14:00:00 - 27/06/2024 15:00:00,""BZN|NO3"",""Without Sequence"",""26.84"","""","""""
"27/06/2024 15:00:00 - 27/06/2024 16:00:00,""BZN|NO3"",""Without Sequence"",""24.99"","""","""""
"27/06/2024 16:00:00 - 27/06/2024 17:00:00,""BZN|NO3"",""Without Sequence"",""27.04"","""","""""
"27/06/2024 17:00:00 - 27/06/2024 18:00:00,""BZN|NO3"",""Without Sequence"",""29.23"","""","""""
"27/06/2024 18:00:00 - 27/06/2024 19:00:00,""BZN|NO3"",""Without Sequence"",""29.30"","""","""""
"27/06/2024 19:00:00 - 27/06/2024 20:00:00,""BZN|NO3"",""Without Sequence"",""28.07"","""","""""
"27/06/2024 20:00:00 - 27/06/2024 21:00:00,""BZN|NO3"",""Without Sequence"",""25.34"","""","""""
"27/06/2024 21:00:00 - 27/06/2024 22:00:00,""BZN|NO3"",""Without Sequence"",""22.32"","""","""""
"27/06/2024 22:00:00 - 27/06/2024 23:00:00,""BZN|NO3"",""Without Sequence"",""15.09"","""","""""
"27/06/2024 23:00:00 - 28/06/2024 00:00:00,""BZN|NO3"",""Without Sequence"",""3.51"","""","""""
"28/06/2024 00:00:00 - 28/06/2024 01:00:00,""BZN|NO3"",""Without Sequence"",""3.20"","""","""""
"28/06/2024 01:00:00 - 28/06/2024 02:00:00,""BZN|NO3"",""Without Sequence"",""3.04"","""","""""
"28/06/2024 02:00:00 - 28/06/2024 03:00:00,""BZN|NO3"",""Without Sequence"",""3.01"","""","""""
"28/06/2024 03:00:00 - 28/06/2024 04:00:00,""BZN|NO3"",""Without Sequence"",""2.91"","""","""""
"28/06/2024 04:00:00 - 28/06/2024 05:00:00,""BZN|NO3"",""Without Sequence"",""3.03"","""","""""
"28/06/2024 05:00:00 - 28/06/2024 06:00:00,""BZN|NO3"",""Without Sequence"",""4.43"","""","""""
"28/06/2024 06:00:00 - 28/06/2024 07:00:00,""BZN|NO3"",""Without Sequence"",""16.95"","""","""""
"28/06/2024 07:00:00 - 28/06/2024 08:00:00,""BZN|NO3"",""Without Sequence"",""28.01"","""","""""
"28/06/2024 08:00:00 - 28/06/2024 09:00:00,""BZN|NO3"",""Without Sequence"",""29.47"","""","""""
"28/06/2024 09:00:00 - 28/06/2024 10:00:00,""BZN|NO3"",""Without Sequence"",""29.20"","""","""""
"28/06/2024 10:00:00 - 28/06/2024 11:00:00,""BZN|NO3"",""Without Sequence"",""22.09"","""","""""
"28/06/2024 11:00:00 - 28/06/2024 12:00:00,""BZN|NO3"",""Without Sequence"",""4.39"","""","""""
"28/06/2024 12:00:00 - 28/06/2024 13:00:00,""BZN|NO3"",""Without Sequence"",""13.10"","""","""""
"28/06/2024 13:00:00 - 28/06/2024 14:00:00,""BZN|NO3"",""Without Sequence"",""13.36"","""","""""
"28/06/2024 14:00:00 - 28/06/2024 15:00:00,""BZN|NO3"",""Without Sequence"",""13.49"","""","""""
"28/06/2024 15:00:00 - 28/06/2024 16:00:00,""BZN|NO3"",""Without Sequence"",""14.09"","""","""""
"28/06/2024 16:00:00 - 28/06/2024 17:00:00,""BZN|NO3"",""Without Sequence"",""14.07"","""","""""
"28/06/2024 17:00:00 - 28/06/2024 18:00:00,""BZN|NO3"",""Without Sequence"",""13.70"","""","""""
"28/06/2024 18:00:00 - 28/06/2024 19:00:00,""BZN|NO3"",""Without Sequence"",""13.76"","""","""""
"28/06/2024 19:00:00 - 28/06/2024 20:00:00,""BZN|NO3"",""Without Sequence"",""19.17"","""","""""
"28/06/2024 20:00:00 - 28/06/2024 21:00:00,""BZN|NO3"",""Without Sequence"",""14.10"","""","""""
"28/06/2024 21:00:00 - 28/06/2024 22:00:00,""BZN|NO3"",""Without Sequence"",""13.09"","""","""""
"28/06/2024 22:00:00 - 28/06/2024 23:00:00,""BZN|NO3"",""Without Sequence"",""12.36"","""","""""
"28/06/2024 23:00:00 - 29/06/2024 00:00:00,""BZN|NO3"",""Without Sequence"",""1.91"","""","""""
"29/06/2024 00:00:00 - 29/06/2024 01:00:00,""BZN|NO3"",""Without Sequence"",""13.69"","""","""""
"29/06/2024 01:00:00 - 29/06/2024 02:00:00,""BZN|NO3"",""Without Sequence"",""4.33"","""","""""
"29/06/2024 02:00:00 - 29/06/2024 03:00:00,""BZN|NO3"",""Without Sequence"",""2.48"","""","""""
"29/06/2024 03:00:00 - 29/06/2024 04:00:00,""BZN|NO3"",""Without Sequence"",""1.68"","""","""""
"29/06/2024 04:00:00 - 29/06/2024 05:00:00,""BZN|NO3"",""Without Sequence"",""0.00"","""","""""
"29/06/2024 05:00:00 - 29/06/2024 06:00:00,""BZN|NO3"",""Without Sequence"",""-0.01"","""","""""
"29/06/2024 06:00:00 - 29/06/2024 07:00:00,""BZN|NO3"",""Without Sequence"",""0.00"","""","""""
"29/06/2024 07:00:00 - 29/06/2024 08:00:00,""BZN|NO3"",""Without Sequence"",""0.00"","""","""""
"29/06/2024 08:00:00 - 29/06/2024 09:00:00,""BZN|NO3"",""Without Sequence"",""0.00"","""","""""
"29/06/2024 09:00:00 - 29/06/2024 10:00:00,""BZN|NO3"",""Without Sequence"",""0.01"","""","""""
"29/06/2024 10:00:00 - 29/06/2024 11:00:00,""BZN|NO3"",""Without Sequence"",""0.00"","""","""""
"29/06/2024 11:00:00 - 29/06/2024 12:00:00,""BZN|NO3"",""Without Sequence"",""0.00"","""","""""
"29/06/2024 12:00:00 - 29/06/2024 13:00:00,""BZN|NO3"",""Without Sequence"",""0.00"","""","""""
"29/06/2024 13:00:00 - 29/06/2024 14:00:00,""BZN|NO3"",""Without Sequence"",""-0.01"","""","""""
"29/06/2024 14:00:00 - 29/06/2024 15:00:00,""BZN|NO3"",""Without Sequence"",""-0.02"","""","""""
"29/06/2024 15:00:00 - 29/06/2024 16:00:00,""BZN|NO3"",""Without Sequence"",""-0.01"","""","""""
"29/06/2024 16:00:00 - 29/06/2024 17:00:00,""BZN|NO3"",""Without Sequence"",""0.00"","""","""""
"29/06/2024 17:00:00 - 29/06/2024 18:00:00,""BZN|NO3"",""Without Sequence"",""0.19"","""","""""
"29/06/2024 18:00:00 - 29/06/2024 19:00:00,""BZN|NO3"",""Without Sequence"",""0.30"","""","""""
"29/06/2024 19:00:00 - 29/06/2024 20:00:00,""BZN|NO3"",""Without Sequence"",""2.90"","""","""""
"29/06/2024 20:00:00 - 29/06/2024 21:00:00,""BZN|NO3"",""Without Sequence"",""9.30"","""","""""
"29/06/2024 21:00:00 - 29/06/2024 22:00:00,""BZN|NO3"",""Without Sequence"",""11.80"","""","""""
"29/06/2024 22:00:00 - 29/06/2024 23:00:00,""BZN|NO3"",""Without Sequence"",""11.43"","""","""""
"29/06/2024 23:00:00 - 30/06/2024 00:00:00,""BZN|NO3"",""Without Sequence"",""4.99"","""","""""
"30/06/2024 00:00:00 - 30/06/2024 01:00:00,""BZN|NO3"",""Without Sequence"",""19.46"","""","""""
"30/06/2024 01:00:00 - 30/06/2024 02:00:00,""BZN|NO3"",""Without Sequence"",""18.63"","""","""""
"30/06/2024 02:00:00 - 30/06/2024 03:00:00,""BZN|NO3"",""Without Sequence"",""18.54"","""","""""
"30/06/2024 03:00:00 - 30/06/2024 04:00:00,""BZN|NO3"",""Without Sequence"",""19.95"","""","""""
"30/06/2024 04:00:00 - 30/06/2024 05:00:00,""BZN|NO3"",""Without Sequence"",""21.38"","""","""""
"30/06/2024 05:00:00 - 30/06/2024 06:00:00,""BZN|NO3"",""Without Sequence"",""23.93"","""","""""
"30/06/2024 06:00:00 - 30/06/2024 07:00:00,""BZN|NO3"",""Without Sequence"",""26.87"","""","""""
"30/06/2024 07:00:00 - 30/06/2024 08:00:00,""BZN|NO3"",""Without Sequence"",""20.42"","""","""""
"30/06/2024 08:00:00 - 30/06/2024 09:00:00,""BZN|NO3"",""Without Sequence"",""14.64"","""","""""
"30/06/2024 09:00:00 - 30/06/2024 10:00:00,""BZN|NO3"",""Without Sequence"",""14.38"","""","""""
"30/06/2024 10:00:00 - 30/06/2024 11:00:00,""BZN|NO3"",""Without Sequence"",""13.19"","""","""""
"30/06/2024 11:00:00 - 30/06/2024 12:00:00,""BZN|NO3"",""Without Sequence"",""14.27"","""","""""
"30/06/2024 12:00:00 - 30/06/2024 13:00:00,""BZN|NO3"",""Without Sequence"",""14.25"","""","""""
"30/06/2024 13:00:00 - 30/06/2024 14:00:00,""BZN|NO3"",""Without Sequence"",""5.76"","""","""""
"30/06/2024 14:00:00 - 30/06/2024 15:00:00,""BZN|NO3"",""Without Sequence"",""3.99"","""","""""
"30/06/2024 15:00:00 - 30/06/2024 16:00:00,""BZN|NO3"",""Without Sequence"",""15.24"","""","""""
"30/06/2024 16:00:00 - 30/06/2024 17:00:00,""BZN|NO3"",""Without Sequence"",""15.04"","""","""""
"30/06/2024 17:00:00 - 30/06/2024 18:00:00,""BZN|NO3"",""Without Sequence"",""29.86"","""","""""
"30/06/2024 18:00:00 - 30/06/2024 19:00:00,""BZN|NO3"",""Without Sequence"",""32.33"","""","""""
"30/06/2024 19:00:00 - 30/06/2024 20:00:00,""BZN|NO3"",""Without Sequence"",""32.68"","""","""""
"30/06/2024 20:00:00 - 30/06/2024 21:00:00,""BZN|NO3"",""Without Sequence"",""32.39"","""","""""
"30/06/2024 21:00:00 - 30/06/2024 22:00:00,""BZN|NO3"",""Without Sequence"",""32.36"","""","""""
"30/06/2024 22:00:00 - 30/06/2024 23:00:00,""BZN|NO3"",""Without Sequence"",""32.25"","""","""""
"30/06/2024 23:00:00 - 01/07/2024 00:00:00,""BZN|NO3"",""Without Sequence"",""30.93"","""","""""
"01/07/2024 00:00:00 - 01/07/2024 01:00:00,""BZN|NO3"",""Without Sequence"",""30.23"","""","""""
"01/07/2024 01:00:00 - 01/07/2024 02:00:00,""BZN|NO3"",""Without Sequence"",""29.56"","""","""""
"01/07/2024 02:00:00 - 01/07/2024 03:00:00,""BZN|NO3"",""Without Sequence"",""28.85"","""","""""
"01/07/2024 03:00:00 - 01/07/2024 04:00:00,""BZN|NO3"",""Without Sequence"",""28.62"","""","""""
"01/07/2024 04:00:00 - 01/07/2024 05:00:00,""BZN|NO3"",""Without Sequence"",""28.85"","""","""""
"01/07/2024 05:00:00 - 01/07/2024 06:00:00,""BZN|NO3"",""Without Sequence"",""30.50"","""","""""
"01/07/2024 06:00:00 - 01/07/2024 07:00:00,""BZN|NO3"",""Without Sequence"",""32.43"","""","""""
"01/07/2024 07:00:00 - 01/07/2024 08:00:00,""BZN|NO3"",""Without Sequence"",""34.03"","""","""""
"01/07/2024 08:00:00 - 01/07/2024 09:00:00,""BZN|NO3"",""Without Sequence"",""35.00"","""","""""
"01/07/2024 09:00:00 - 01/07/2024 10:00:00,""BZN|NO3"",""Without Sequence"",""35.40"","""","""""
"01/07/2024 10:00:00 - 01/07/2024 11:00:00,""BZN|NO3"",""Without Sequence"",""34.90"","""","""""
"01/07/2024 11:00:00 - 01/07/2024 12:00:00,""BZN|NO3"",""Without Sequence"",""34.17"","""","""""
"01/07/2024 12:00:00 - 01/07/2024 13:00:00,""BZN|NO3"",""Without Sequence"",""33.44"","""","""""
"01/07/2024 13:00:00 - 01/07/2024 14:00:00,""BZN|NO3"",""Without Sequence"",""33.17"","""","""""
"01/07/2024 14:00:00 - 01/07/2024 15:00:00,""BZN|NO3"",""Without Sequence"",""32.41"","""","""""
"01/07/2024 15:00:00 - 01/07/2024 16:00:00,""BZN|NO3"",""Without Sequence"",""32.55"","""","""""
"01/07/2024 16:00:00 - 01/07/2024 17:00:00,""BZN|NO3"",""Without Sequence"",""32.68"","""","""""
"01/07/2024 17:00:00 - 01/07/2024 18:00:00,""BZN|NO3"",""Without Sequence"",""33.10"","""","""""
"01/07/2024 18:00:00 - 01/07/2024 19:00:00,""BZN|NO3"",""Without Sequence"",""34.04"","""","""""
"01/07/2024 19:00:00 - 01/07/2024 20:00:00,""BZN|NO3"",""Without Sequence"",""33.91"","""","""""
"01/07/2024 20:00:00 - 01/07/2024 21:00:00,""BZN|NO3"",""Without Sequence"",""33.46"","""","""""
"01/07/2024 21:00:00 - 01/07/2024 22:00:00,""BZN|NO3"",""Without Sequence"",""32.66"","""","""""
"01/07/2024 22:00:00 - 01/07/2024 23:00:00,""BZN|NO3"",""Without Sequence"",""31.67"","""","""""
"01/07/2024 23:00:00 - 02/07/2024 00:00:00,""BZN|NO3"",""Without Sequence"",""30.72"","""","""""
"02/07/2024 00:00:00 - 02/07/2024 01:00:00,""BZN|NO3"",""Without Sequence"",""27.70"","""","""""
"02/07/2024 01:00:00 - 02/07/2024 02:00:00,""BZN|NO3"",""Without Sequence"",""26.57"","""","""""
"02/07/2024 02:00:00 - 02/07/2024 03:00:00,""BZN|NO3"",""Without Sequence"",""25.56"","""","""""
"02/07/2024 03:00:00 - 02/07/2024 04:00:00,""BZN|NO3"",""Without Sequence"",""24.84"","""","""""
"02/07/2024 04:00:00 - 02/07/2024 05:00:00,""BZN|NO3"",""Without Sequence"",""25.48"","""","""""
"02/07/2024 05:00:00 - 02/07/2024 06:00:00,""BZN|NO3"",""Without Sequence"",""27.06"","""","""""
"02/07/2024 06:00:00 - 02/07/2024 07:00:00,""BZN|NO3"",""Without Sequence"",""27.71"","""","""""
"02/07/2024 07:00:00 - 02/07/2024 08:00:00,""BZN|NO3"",""Without Sequence"",""30.26"","""","""""
"02/07/2024 08:00:00 - 02/07/2024 09:00:00,""BZN|NO3"",""Without Sequence"",""30.39"","""","""""
"02/07/2024 09:00:00 - 02/07/2024 10:00:00,""BZN|NO3"",""Without Sequence"",""28.85"","""","""""
"02/07/2024 10:00:00 - 02/07/2024 11:00:00,""BZN|NO3"",""Without Sequence"",""28.62"","""","""""
"02/07/2024 11:00:00 - 02/07/2024 12:00:00,""BZN|NO3"",""Without Sequence"",""27.93"","""","""""
"02/07/2024 12:00:00 - 02/07/2024 13:00:00,""BZN|NO3"",""Without Sequence"",""29.03"","""","""""
"02/07/2024 13:00:00 - 02/07/2024 14:00:00,""BZN|NO3"",""Without Sequence"",""28.91"","""","""""
"02/07/2024 14:00:00 - 02/07/2024 15:00:00,""BZN|NO3"",""Without Sequence"",""28.56"","""","""""
"02/07/2024 15:00:00 - 02/07/2024 16:00:00,""BZN|NO3"",""Without Sequence"",""28.35"","""","""""
"02/07/2024 16:00:00 - 02/07/2024 17:00:00,""BZN|NO3"",""Without Sequence"",""26.05"","""","""""
"02/07/2024 17:00:00 - 02/07/2024 18:00:00,""BZN|NO3"",""Without Sequence"",""26.51"","""","""""
"02/07/2024 18:00:00 - 02/07/2024 19:00:00,""BZN|NO3"",""Without Sequence"",""27.17"","""","""""
"02/07/2024 19:00:00 - 02/07/2024 20:00:00,""BZN|NO3"",""Without Sequence"",""27.70"","""","""""
"02/07/2024 20:00:00 - 02/07/2024 21:00:00,""BZN|NO3"",""Without Sequence"",""27.69"","""","""""
"02/07/2024 21:00:00 - 02/07/2024 22:00:00,""BZN|NO3"",""Without Sequence"",""27.35"","""","""""
"02/07/2024 22:00:00 - 02/07/2024 23:00:00,""BZN|NO3"",""Without Sequence"",""28.77"","""","""""
"02/07/2024 23:00:00 - 03/07/2024 00:00:00,""BZN|NO3"",""Without Sequence"",""28.08"","""","""""
"03/07/2024 00:00:00 - 03/07/2024 01:00:00,""BZN|NO3"",""Without Sequence"",""25.51"","""","""""
"03/07/2024 01:00:00 - 03/07/2024 02:00:00,""BZN|NO3"",""Without Sequence"",""24.06"","""","""""
"03/07/2024 02:00:00 - 03/07/2024 03:00:00,""BZN|NO3"",""Without Sequence"",""23.73"","""","""""
"03/07/2024 03:00:00 - 03/07/2024 04:00:00,""BZN|NO3"",""Without Sequence"",""24.70"","""","""""
"03/07/2024 04:00:00 - 03/07/2024 05:00:00,""BZN|NO3"",""Without Sequence"",""26.20"","""","""""
"03/07/2024 05:00:00 - 03/07/2024 06:00:00,""BZN|NO3"",""Without Sequence"",""28.89"","""","""""
"03/07/2024 06:00:00 - 03/07/2024 07:00:00,""BZN|NO3"",""Without Sequence"",""30.63"","""","""""
"03/07/2024 07:00:00 - 03/07/2024 08:00:00,""BZN|NO3"",""Without Sequence"",""31.24"","""","""""
"03/07/2024 08:00:00 - 03/07/2024 09:00:00,""BZN|NO3"",""Without Sequence"",""32.31"","""","""""
"03/07/2024 09:00:00 - 03/07/2024 10:00:00,""BZN|NO3"",""Without Sequence"",""34.71"","""","""""
"03/07/2024 10:00:00 - 03/07/2024 11:00:00,""BZN|NO3"",""Without Sequence"",""34.17"","""","""""
"03/07/2024 11:00:00 - 03/07/2024 12:00:00,""BZN|NO3"",""Without Sequence"",""37.58"","""","""""
"03/07/2024 12:00:00 - 03/07/2024 13:00:00,""BZN|NO3"",""Without Sequence"",""37.98"","""","""""
"03/07/2024 13:00:00 - 03/07/2024 14:00:00,""BZN|NO3"",""Without Sequence"",""38.50"","""","""""
"03/07/2024 14:00:00 - 03/07/2024 15:00:00,""BZN|NO3"",""Without Sequence"",""37.95"","""","""""
"03/07/2024 15:00:00 - 03/07/2024 16:00:00,""BZN|NO3"",""Without Sequence"",""37.08"","""","""""
"03/07/2024 16:00:00 - 03/07/2024 17:00:00,""BZN|NO3"",""Without Sequence"",""36.70"","""","""""
"03/07/2024 17:00:00 - 03/07/2024 18:00:00,""BZN|NO3"",""Without Sequence"",""35.99"","""","""""
"03/07/2024 18:00:00 - 03/07/2024 19:00:00,""BZN|NO3"",""Without Sequence"",""36.70"","""","""""
"03/07/2024 19:00:00 - 03/07/2024 20:00:00,""BZN|NO3"",""Without Sequence"",""35.97"","""","""""
"03/07/2024 20:00:00 - 03/07/2024 21:00:00,""BZN|NO3"",""Without Sequence"",""35.46"","""","""""
"03/07/2024 21:00:00 - 03/07/2024 22:00:00,""BZN|NO3"",""Without Sequence"",""35.04"","""","""""
"03/07/2024 22:00:00 - 03/07/2024 23:00:00,""BZN|NO3"",""Without Sequence"",""33.67"","""","""""
"03/07/2024 23:00:00 - 04/07/2024 00:00:00,""BZN|NO3"",""Without Sequence"",""31.97"","""","""""
"04/07/2024 00:00:00 - 04/07/2024 01:00:00,""BZN|NO3"",""Without Sequence"",""31.18"","""","""""
"04/07/2024 01:00:00 - 04/07/2024 02:00:00,""BZN|NO3"",""Without Sequence"",""30.00"","""","""""
"04/07/2024 02:00:00 - 04/07/2024 03:00:00,""BZN|NO3"",""Without Sequence"",""25.64"","""","""""
"04/07/2024 03:00:00 - 04/07/2024 04:00:00,""BZN|NO3"",""Without Sequence"",""17.45"","""","""""
"04/07/2024 04:00:00 - 04/07/2024 05:00:00,""BZN|NO3"",""Without Sequence"",""16.87"","""","""""
"04/07/2024 05:00:00 - 04/07/2024 06:00:00,""BZN|NO3"",""Without Sequence"",""13.69"","""","""""
"04/07/2024 06:00:00 - 04/07/2024 07:00:00,""BZN|NO3"",""Without Sequence"",""26.47"","""","""""
"04/07/2024 07:00:00 - 04/07/2024 08:00:00,""BZN|NO3"",""Without Sequence"",""30.00"","""","""""
"04/07/2024 08:00:00 - 04/07/2024 09:00:00,""BZN|NO3"",""Without Sequence"",""30.33"","""","""""
"04/07/2024 09:00:00 - 04/07/2024 10:00:00,""BZN|NO3"",""Without Sequence"",""23.95"","""","""""
"04/07/2024 10:00:00 - 04/07/2024 11:00:00,""BZN|NO3"",""Without Sequence"",""17.55"","""","""""
"04/07/2024 11:00:00 - 04/07/2024 12:00:00,""BZN|NO3"",""Without Sequence"",""17.86"","""","""""
"04/07/2024 12:00:00 - 04/07/2024 13:00:00,""BZN|NO3"",""Without Sequence"",""17.78"","""","""""
"04/07/2024 13:00:00 - 04/07/2024 14:00:00,""BZN|NO3"",""Without Sequence"",""17.56"","""","""""
"04/07/2024 14:00:00 - 04/07/2024 15:00:00,""BZN|NO3"",""Without Sequence"",""17.53"","""","""""
"04/07/2024 15:00:00 - 04/07/2024 16:00:00,""BZN|NO3"",""Without Sequence"",""17.55"","""","""""
"04/07/2024 16:00:00 - 04/07/2024 17:00:00,""BZN|NO3"",""Without Sequence"",""17.69"","""","""""
"04/07/2024 17:00:00 - 04/07/2024 18:00:00,""BZN|NO3"",""Without Sequence"",""17.79"","""","""""
"04/07/2024 18:00:00 - 04/07/2024 19:00:00,""BZN|NO3"",""Without Sequence"",""17.74"","""","""""
"04/07/2024 19:00:00 - 04/07/2024 20:00:00,""BZN|NO3"",""Without Sequence"",""26.38"","""","""""
"04/07/2024 20:00:00 - 04/07/2024 21:00:00,""BZN|NO3"",""Without Sequence"",""25.22"","""","""""
"04/07/2024 21:00:00 - 04/07/2024 22:00:00,""BZN|NO3"",""Without Sequence"",""23.82"","""","""""
"04/07/2024 22:00:00 - 04/07/2024 23:00:00,""BZN|NO3"",""Without Sequence"",""17.96"","""","""""
"04/07/2024 23:00:00 - 05/07/2024 00:00:00,""BZN|NO3"",""Without Sequence"",""13.26"","""","""""
"05/07/2024 00:00:00 - 05/07/2024 01:00:00,""BZN|NO3"",""Without Sequence"",""6.92"","""","""""
"05/07/2024 01:00:00 - 05/07/2024 02:00:00,""BZN|NO3"",""Without Sequence"",""4.71"","""","""""
"05/07/2024 02:00:00 - 05/07/2024 03:00:00,""BZN|NO3"",""Without Sequence"",""4.12"","""","""""
"05/07/2024 03:00:00 - 05/07/2024 04:00:00,""BZN|NO3"",""Without Sequence"",""3.44"","""","""""
"05/07/2024 04:00:00 - 05/07/2024 05:00:00,""BZN|NO3"",""Without Sequence"",""15.95"","""","""""
"05/07/2024 05:00:00 - 05/07/2024 06:00:00,""BZN|NO3"",""Without Sequence"",""18.11"","""","""""
"05/07/2024 06:00:00 - 05/07/2024 07:00:00,""BZN|NO3"",""Without Sequence"",""19.99"","""","""""
"05/07/2024 07:00:00 - 05/07/2024 08:00:00,""BZN|NO3"",""Without Sequence"",""28.69"","""","""""
"05/07/2024 08:00:00 - 05/07/2024 09:00:00,""BZN|NO3"",""Without Sequence"",""29.68"","""","""""
"05/07/2024 09:00:00 - 05/07/2024 10:00:00,""BZN|NO3"",""Without Sequence"",""26.30"","""","""""
"05/07/2024 10:00:00 - 05/07/2024 11:00:00,""BZN|NO3"",""Without Sequence"",""26.55"","""","""""
"05/07/2024 11:00:00 - 05/07/2024 12:00:00,""BZN|NO3"",""Without Sequence"",""26.44"","""","""""
"05/07/2024 12:00:00 - 05/07/2024 13:00:00,""BZN|NO3"",""Without Sequence"",""26.81"","""","""""
"05/07/2024 13:00:00 - 05/07/2024 14:00:00,""BZN|NO3"",""Without Sequence"",""26.52"","""","""""
"05/07/2024 14:00:00 - 05/07/2024 15:00:00,""BZN|NO3"",""Without Sequence"",""26.45"","""","""""
"05/07/2024 15:00:00 - 05/07/2024 16:00:00,""BZN|NO3"",""Without Sequence"",""26.49"","""","""""
"05/07/2024 16:00:00 - 05/07/2024 17:00:00,""BZN|NO3"",""Without Sequence"",""26.30"","""","""""
"05/07/2024 17:00:00 - 05/07/2024 18:00:00,""BZN|NO3"",""Without Sequence"",""26.29"","""","""""
"05/07/2024 18:00:00 - 05/07/2024 19:00:00,""BZN|NO3"",""Without Sequence"",""26.04"","""","""""
"05/07/2024 19:00:00 - 05/07/2024 20:00:00,""BZN|NO3"",""Without Sequence"",""25.80"","""","""""
"05/07/2024 20:00:00 - 05/07/2024 21:00:00,""BZN|NO3"",""Without Sequence"",""23.49"","""","""""
"05/07/2024 21:00:00 - 05/07/2024 22:00:00,""BZN|NO3"",""Without Sequence"",""19.98"","""","""""
"05/07/2024 22:00:00 - 05/07/2024 23:00:00,""BZN|NO3"",""Without Sequence"",""19.42"","""","""""
"05/07/2024 23:00:00 - 06/07/2024 00:00:00,""BZN|NO3"",""Without Sequence"",""18.80"","""","""""
"06/07/2024 00:00:00 - 06/07/2024 01:00:00,""BZN|NO3"",""Without Sequence"",""21.86"","""","""""
"06/07/2024 01:00:00 - 06/07/2024 02:00:00,""BZN|NO3"",""Without Sequence"",""21.32"","""","""""
"06/07/2024 02:00:00 - 06/07/2024 03:00:00,""BZN|NO3"",""Without Sequence"",""20.71"","""","""""
"06/07/2024 03:00:00 - 06/07/2024 04:00:00,""BZN|NO3"",""Without Sequence"",""20.34"","""","""""
"06/07/2024 04:00:00 - 06/07/2024 05:00:00,""BZN|NO3"",""Without Sequence"",""20.21"","""","""""
"06/07/2024 05:00:00 - 06/07/2024 06:00:00,""BZN|NO3"",""Without Sequence"",""19.95"","""","""""
"06/07/2024 06:00:00 - 06/07/2024 07:00:00,""BZN|NO3"",""Without Sequence"",""21.15"","""","""""
"06/07/2024 07:00:00 - 06/07/2024 08:00:00,""BZN|NO3"",""Without Sequence"",""21.80"","""","""""
"06/07/2024 08:00:00 - 06/07/2024 09:00:00,""BZN|NO3"",""Without Sequence"",""24.17"","""","""""
"06/07/2024 09:00:00 - 06/07/2024 10:00:00,""BZN|NO3"",""Without Sequence"",""25.36"","""","""""
"06/07/2024 10:00:00 - 06/07/2024 11:00:00,""BZN|NO3"",""Without Sequence"",""26.10"","""","""""
"06/07/2024 11:00:00 - 06/07/2024 12:00:00,""BZN|NO3"",""Without Sequence"",""24.66"","""","""""
"06/07/2024 12:00:00 - 06/07/2024 13:00:00,""BZN|NO3"",""Without Sequence"",""22.79"","""","""""
"06/07/2024 13:00:00 - 06/07/2024 14:00:00,""BZN|NO3"",""Without Sequence"",""22.07"","""","""""
"06/07/2024 14:00:00 - 06/07/2024 15:00:00,""BZN|NO3"",""Without Sequence"",""22.07"","""","""""
"06/07/2024 15:00:00 - 06/07/2024 16:00:00,""BZN|NO3"",""Without Sequence"",""21.75"","""","""""
"06/07/2024 16:00:00 - 06/07/2024 17:00:00,""BZN|NO3"",""Without Sequence"",""21.22"","""","""""
"06/07/2024 17:00:00 - 06/07/2024 18:00:00,""BZN|NO3"",""Without Sequence"",""24.17"","""","""""
"06/07/2024 18:00:00 - 06/07/2024 19:00:00,""BZN|NO3"",""Without Sequence"",""25.35"","""","""""
"06/07/2024 19:00:00 - 06/07/2024 20:00:00,""BZN|NO3"",""Without Sequence"",""23.96"","""","""""
"06/07/2024 20:00:00 - 06/07/2024 21:00:00,""BZN|NO3"",""Without Sequence"",""19.80"","""","""""
"06/07/2024 21:00:00 - 06/07/2024 22:00:00,""BZN|NO3"",""Without Sequence"",""19.65"","""","""""
"06/07/2024 22:00:00 - 06/07/2024 23:00:00,""BZN|NO3"",""Without Sequence"",""19.36"","""","""""
"06/07/2024 23:00:00 - 07/07/2024 00:00:00,""BZN|NO3"",""Without Sequence"",""18.73"","""","""""
"07/07/2024 00:00:00 - 07/07/2024 01:00:00,""BZN|NO3"",""Without Sequence"",""19.30"","""","""""
"07/07/2024 01:00:00 - 07/07/2024 02:00:00,""BZN|NO3"",""Without Sequence"",""19.03"","""","""""
"07/07/2024 02:00:00 - 07/07/2024 03:00:00,""BZN|NO3"",""Without Sequence"",""18.43"","""","""""
"07/07/2024 03:00:00 - 07/07/2024 04:00:00,""BZN|NO3"",""Without Sequence"",""18.19"","""","""""
"07/07/2024 04:00:00 - 07/07/2024 05:00:00,""BZN|NO3"",""Without Sequence"",""17.27"","""","""""
"07/07/2024 05:00:00 - 07/07/2024 06:00:00,""BZN|NO3"",""Without Sequence"",""15.97"","""","""""
"07/07/2024 06:00:00 - 07/07/2024 07:00:00,""BZN|NO3"",""Without Sequence"",""17.20"","""","""""
"07/07/2024 07:00:00 - 07/07/2024 08:00:00,""BZN|NO3"",""Without Sequence"",""18.18"","""","""""
"07/07/2024 08:00:00 - 07/07/2024 09:00:00,""BZN|NO3"",""Without Sequence"",""18.62"","""","""""
"07/07/2024 09:00:00 - 07/07/2024 10:00:00,""BZN|NO3"",""Without Sequence"",""18.61"","""","""""
"07/07/2024 10:00:00 - 07/07/2024 11:00:00,""BZN|NO3"",""Without Sequence"",""18.94"","""","""""
"07/07/2024 11:00:00 - 07/07/2024 12:00:00,""BZN|NO3"",""Without Sequence"",""18.85"","""","""""
"07/07/2024 12:00:00 - 07/07/2024 13:00:00,""BZN|NO3"",""Without Sequence"",""18.20"","""","""""
"07/07/2024 13:00:00 - 07/07/2024 14:00:00,""BZN|NO3"",""Without Sequence"",""18.13"","""","""""
"07/07/2024 14:00:00 - 07/07/2024 15:00:00,""BZN|NO3"",""Without Sequence"",""17.25"","""","""""
"07/07/2024 15:00:00 - 07/07/2024 16:00:00,""BZN|NO3"",""Without Sequence"",""18.01"","""","""""
"07/07/2024 16:00:00 - 07/07/2024 17:00:00,""BZN|NO3"",""Without Sequence"",""17.92"","""","""""
"07/07/2024 17:00:00 - 07/07/2024 18:00:00,""BZN|NO3"",""Without Sequence"",""18.72"","""","""""
"07/07/2024 18:00:00 - 07/07/2024 19:00:00,""BZN|NO3"",""Without Sequence"",""18.82"","""","""""
"07/07/2024 19:00:00 - 07/07/2024 20:00:00,""BZN|NO3"",""Without Sequence"",""18.57"","""","""""
"07/07/2024 20:00:00 - 07/07/2024 21:00:00,""BZN|NO3"",""Without Sequence"",""18.58"","""","""""
"07/07/2024 21:00:00 - 07/07/2024 22:00:00,""BZN|NO3"",""Without Sequence"",""18.08"","""","""""
"07/07/2024 22:00:00 - 07/07/2024 23:00:00,""BZN|NO3"",""Without Sequence"",""17.40"","""","""""
"07/07/2024 23:00:00 - 08/07/2024 00:00:00,""BZN|NO3"",""Without Sequence"",""5.50"","""","""""
"08/07/2024 00:00:00 - 08/07/2024 01:00:00,""BZN|NO3"",""Without Sequence"",""14.76"","""","""""
"08/07/2024 01:00:00 - 08/07/2024 02:00:00,""BZN|NO3"",""Without Sequence"",""8.01"","""","""""
"08/07/2024 02:00:00 - 08/07/2024 03:00:00,""BZN|NO3"",""Without Sequence"",""8.73"","""","""""
"08/07/2024 03:00:00 - 08/07/2024 04:00:00,""BZN|NO3"",""Without Sequence"",""14.27"","""","""""
"08/07/2024 04:00:00 - 08/07/2024 05:00:00,""BZN|NO3"",""Without Sequence"",""16.75"","""","""""
"08/07/2024 05:00:00 - 08/07/2024 06:00:00,""BZN|NO3"",""Without Sequence"",""18.51"","""","""""
"08/07/2024 06:00:00 - 08/07/2024 07:00:00,""BZN|NO3"",""Without Sequence"",""24.54"","""","""""
"08/07/2024 07:00:00 - 08/07/2024 08:00:00,""BZN|NO3"",""Without Sequence"",""28.14"","""","""""
"08/07/2024 08:00:00 - 08/07/2024 09:00:00,""BZN|NO3"",""Without Sequence"",""30.29"","""","""""
"08/07/2024 09:00:00 - 08/07/2024 10:00:00,""BZN|NO3"",""Without Sequence"",""30.61"","""","""""
"08/07/2024 10:00:00 - 08/07/2024 11:00:00,""BZN|NO3"",""Without Sequence"",""30.56"","""","""""
"08/07/2024 11:00:00 - 08/07/2024 12:00:00,""BZN|NO3"",""Without Sequence"",""30.19"","""","""""
"08/07/2024 12:00:00 - 08/07/2024 13:00:00,""BZN|NO3"",""Without Sequence"",""30.36"","""","""""
"08/07/2024 13:00:00 - 08/07/2024 14:00:00,""BZN|NO3"",""Without Sequence"",""28.74"","""","""""
"08/07/2024 14:00:00 - 08/07/2024 15:00:00,""BZN|NO3"",""Without Sequence"",""28.85"","""","""""
"08/07/2024 15:00:00 - 08/07/2024 16:00:00,""BZN|NO3"",""Without Sequence"",""29.98"","""","""""
"08/07/2024 16:00:00 - 08/07/2024 17:00:00,""BZN|NO3"",""Without Sequence"",""29.98"","""","""""
"08/07/2024 17:00:00 - 08/07/2024 18:00:00,""BZN|NO3"",""Without Sequence"",""30.15"","""","""""
"08/07/2024 18:00:00 - 08/07/2024 19:00:00,""BZN|NO3"",""Without Sequence"",""30.74"","""","""""
"08/07/2024 19:00:00 - 08/07/2024 20:00:00,""BZN|NO3"",""Without Sequence"",""31.46"","""","""""
"08/07/2024 20:00:00 - 08/07/2024 21:00:00,""BZN|NO3"",""Without Sequence"",""31.17"","""","""""
"08/07/2024 21:00:00 - 08/07/2024 22:00:00,""BZN|NO3"",""Without Sequence"",""30.17"","""","""""
"08/07/2024 22:00:00 - 08/07/2024 23:00:00,""BZN|NO3"",""Without Sequence"",""29.03"","""","""""
"08/07/2024 23:00:00 - 09/07/2024 00:00:00,""BZN|NO3"",""Without Sequence"",""27.99"","""","""""
"09/07/2024 00:00:00 - 09/07/2024 01:00:00,""BZN|NO3"",""Without Sequence"",""27.46"","""","""""
"09/07/2024 01:00:00 - 09/07/2024 02:00:00,""BZN|NO3"",""Without Sequence"",""26.69"","""","""""
"09/07/2024 02:00:00 - 09/07/2024 03:00:00,""BZN|NO3"",""Without Sequence"",""26.06"","""","""""
"09/07/2024 03:00:00 - 09/07/2024 04:00:00,""BZN|NO3"",""Without Sequence"",""25.65"","""","""""
"09/07/2024 04:00:00 - 09/07/2024 05:00:00,""BZN|NO3"",""Without Sequence"",""25.58"","""","""""
"09/07/2024 05:00:00 - 09/07/2024 06:00:00,""BZN|NO3"",""Without Sequence"",""27.27"","""","""""
"09/07/2024 06:00:00 - 09/07/2024 07:00:00,""BZN|NO3"",""Without Sequence"",""30.52"","""","""""
"09/07/2024 07:00:00 - 09/07/2024 08:00:00,""BZN|NO3"",""Without Sequence"",""32.25"","""","""""
"09/07/2024 08:00:00 - 09/07/2024 09:00:00,""BZN|NO3"",""Without Sequence"",""33.81"","""","""""
"09/07/2024 09:00:00 - 09/07/2024 10:00:00,""BZN|NO3"",""Without Sequence"",""33.65"","""","""""
"09/07/2024 10:00:00 - 09/07/2024 11:00:00,""BZN|NO3"",""Without Sequence"",""31.42"","""","""""
"09/07/2024 11:00:00 - 09/07/2024 12:00:00,""BZN|NO3"",""Without Sequence"",""30.44"","""","""""
"09/07/2024 12:00:00 - 09/07/2024 13:00:00,""BZN|NO3"",""Without Sequence"",""28.83"","""","""""
"09/07/2024 13:00:00 - 09/07/2024 14:00:00,""BZN|NO3"",""Without Sequence"",""25.27"","""","""""
"09/07/2024 14:00:00 - 09/07/2024 15:00:00,""BZN|NO3"",""Without Sequence"",""26.68"","""","""""
"09/07/2024 15:00:00 - 09/07/2024 16:00:00,""BZN|NO3"",""Without Sequence"",""29.72"","""","""""
"09/07/2024 16:00:00 - 09/07/2024 17:00:00,""BZN|NO3"",""Without Sequence"",""32.29"","""","""""
"09/07/2024 17:00:00 - 09/07/2024 18:00:00,""BZN|NO3"",""Without Sequence"",""34.67"","""","""""
"09/07/2024 18:00:00 - 09/07/2024 19:00:00,""BZN|NO3"",""Without Sequence"",""35.90"","""","""""
"09/07/2024 19:00:00 - 09/07/2024 20:00:00,""BZN|NO3"",""Without Sequence"",""35.93"","""","""""
"09/07/2024 20:00:00 - 09/07/2024 21:00:00,""BZN|NO3"",""Without Sequence"",""35.34"","""","""""
"09/07/2024 21:00:00 - 09/07/2024 22:00:00,""BZN|NO3"",""Without Sequence"",""34.22"","""","""""
"09/07/2024 22:00:00 - 09/07/2024 23:00:00,""BZN|NO3"",""Without Sequence"",""31.54"","""","""""
"09/07/2024 23:00:00 - 10/07/2024 00:00:00,""BZN|NO3"",""Without Sequence"",""30.10"","""","""""
"10/07/2024 00:00:00 - 10/07/2024 01:00:00,""BZN|NO3"",""Without Sequence"",""28.96"","""","""""
"10/07/2024 01:00:00 - 10/07/2024 02:00:00,""BZN|NO3"",""Without Sequence"",""28.18"","""","""""
"10/07/2024 02:00:00 - 10/07/2024 03:00:00,""BZN|NO3"",""Without Sequence"",""27.22"","""","""""
"10/07/2024 03:00:00 - 10/07/2024 04:00:00,""BZN|NO3"",""Without Sequence"",""26.29"","""","""""
"10/07/2024 04:00:00 - 10/07/2024 05:00:00,""BZN|NO3"",""Without Sequence"",""25.71"","""","""""
"10/07/2024 05:00:00 - 10/07/2024 06:00:00,""BZN|NO3"",""Without Sequence"",""27.04"","""","""""
"10/07/2024 06:00:00 - 10/07/2024 07:00:00,""BZN|NO3"",""Without Sequence"",""28.26"","""","""""
"10/07/2024 07:00:00 - 10/07/2024 08:00:00,""BZN|NO3"",""Without Sequence"",""29.12"","""","""""
"10/07/2024 08:00:00 - 10/07/2024 09:00:00,""BZN|NO3"",""Without Sequence"",""29.66"","""","""""
"10/07/2024 09:00:00 - 10/07/2024 10:00:00,""BZN|NO3"",""Without Sequence"",""28.89"","""","""""
"10/07/2024 10:00:00 - 10/07/2024 11:00:00,""BZN|NO3"",""Without Sequence"",""27.93"","""","""""
"10/07/2024 11:00:00 - 10/07/2024 12:00:00,""BZN|NO3"",""Without Sequence"",""26.62"","""","""""
"10/07/2024 12:00:00 - 10/07/2024 13:00:00,""BZN|NO3"",""Without Sequence"",""25.30"","""","""""
"10/07/2024 13:00:00 - 10/07/2024 14:00:00,""BZN|NO3"",""Without Sequence"",""24.96"","""","""""
"10/07/2024 14:00:00 - 10/07/2024 15:00:00,""BZN|NO3"",""Without Sequence"",""24.31"","""","""""
"10/07/2024 15:00:00 - 10/07/2024 16:00:00,""BZN|NO3"",""Without Sequence"",""22.13"","""","""""
"10/07/2024 16:00:00 - 10/07/2024 17:00:00,""BZN|NO3"",""Without Sequence"",""23.92"","""","""""
"10/07/2024 17:00:00 - 10/07/2024 18:00:00,""BZN|NO3"",""Without Sequence"",""25.43"","""","""""
"10/07/2024 18:00:00 - 10/07/2024 19:00:00,""BZN|NO3"",""Without Sequence"",""26.12"","""","""""
"10/07/2024 19:00:00 - 10/07/2024 20:00:00,""BZN|NO3"",""Without Sequence"",""25.31"","""","""""
"10/07/2024 20:00:00 - 10/07/2024 21:00:00,""BZN|NO3"",""Without Sequence"",""22.47"","""","""""
"10/07/2024 21:00:00 - 10/07/2024 22:00:00,""BZN|NO3"",""Without Sequence"",""18.13"","""","""""
"10/07/2024 22:00:00 - 10/07/2024 23:00:00,""BZN|NO3"",""Without Sequence"",""4.98"","""","""""
"10/07/2024 23:00:00 - 11/07/2024 00:00:00,""BZN|NO3"",""Without Sequence"",""2.66"","""","""""
"11/07/2024 00:00:00 - 11/07/2024 01:00:00,""BZN|NO3"",""Without Sequence"",""3.02"","""","""""
"11/07/2024 01:00:00 - 11/07/2024 02:00:00,""BZN|NO3"",""Without Sequence"",""3.01"","""","""""
"11/07/2024 02:00:00 - 11/07/2024 03:00:00,""BZN|NO3"",""Without Sequence"",""3.04"","""","""""
"11/07/2024 03:00:00 - 11/07/2024 04:00:00,""BZN|NO3"",""Without Sequence"",""4.12"","""","""""
"11/07/2024 04:00:00 - 11/07/2024 05:00:00,""BZN|NO3"",""Without Sequence"",""10.56"","""","""""
"11/07/2024 05:00:00 - 11/07/2024 06:00:00,""BZN|NO3"",""Without Sequence"",""17.16"","""","""""
"11/07/2024 06:00:00 - 11/07/2024 07:00:00,""BZN|NO3"",""Without Sequence"",""18.75"","""","""""
"11/07/2024 07:00:00 - 11/07/2024 08:00:00,""BZN|NO3"",""Without Sequence"",""23.62"","""","""""
"11/07/2024 08:00:00 - 11/07/2024 09:00:00,""BZN|NO3"",""Without Sequence"",""26.11"","""","""""
"11/07/2024 09:00:00 - 11/07/2024 10:00:00,""BZN|NO3"",""Without Sequence"",""27.07"","""","""""
"11/07/2024 10:00:00 - 11/07/2024 11:00:00,""BZN|NO3"",""Without Sequence"",""27.71"","""","""""
"11/07/2024 11:00:00 - 11/07/2024 12:00:00,""BZN|NO3"",""Without Sequence"",""27.75"","""","""""
"11/07/2024 12:00:00 - 11/07/2024 13:00:00,""BZN|NO3"",""Without Sequence"",""28.08"","""","""""
"11/07/2024 13:00:00 - 11/07/2024 14:00:00,""BZN|NO3"",""Without Sequence"",""28.20"","""","""""
"11/07/2024 14:00:00 - 11/07/2024 15:00:00,""BZN|NO3"",""Without Sequence"",""28.20"","""","""""
"11/07/2024 15:00:00 - 11/07/2024 16:00:00,""BZN|NO3"",""Without Sequence"",""28.56"","""","""""
"11/07/2024 16:00:00 - 11/07/2024 17:00:00,""BZN|NO3"",""Without Sequence"",""29.01"","""","""""
"11/07/2024 17:00:00 - 11/07/2024 18:00:00,""BZN|NO3"",""Without Sequence"",""29.41"","""","""""
"11/07/2024 18:00:00 - 11/07/2024 19:00:00,""BZN|NO3"",""Without Sequence"",""29.41"","""","""""
"11/07/2024 19:00:00 - 11/07/2024 20:00:00,""BZN|NO3"",""Without Sequence"",""29.55"","""","""""
"11/07/2024 20:00:00 - 11/07/2024 21:00:00,""BZN|NO3"",""Without Sequence"",""29.47"","""","""""
"11/07/2024 21:00:00 - 11/07/2024 22:00:00,""BZN|NO3"",""Without Sequence"",""29.07"","""","""""
"11/07/2024 22:00:00 - 11/07/2024 23:00:00,""BZN|NO3"",""Without Sequence"",""28.44"","""","""""
"11/07/2024 23:00:00 - 12/07/2024 00:00:00,""BZN|NO3"",""Without Sequence"",""27.02"","""","""""
"12/07/2024 00:00:00 - 12/07/2024 01:00:00,""BZN|NO3"",""Without Sequence"",""26.81"","""","""""
"12/07/2024 01:00:00 - 12/07/2024 02:00:00,""BZN|NO3"",""Without Sequence"",""25.65"","""","""""
"12/07/2024 02:00:00 - 12/07/2024 03:00:00,""BZN|NO3"",""Without Sequence"",""24.41"","""","""""
"12/07/2024 03:00:00 - 12/07/2024 04:00:00,""BZN|NO3"",""Without Sequence"",""21.58"","""","""""
"12/07/2024 04:00:00 - 12/07/2024 05:00:00,""BZN|NO3"",""Without Sequence"",""21.37"","""","""""
"12/07/2024 05:00:00 - 12/07/2024 06:00:00,""BZN|NO3"",""Without Sequence"",""25.50"","""","""""
"12/07/2024 06:00:00 - 12/07/2024 07:00:00,""BZN|NO3"",""Without Sequence"",""27.85"","""","""""
"12/07/2024 07:00:00 - 12/07/2024 08:00:00,""BZN|NO3"",""Without Sequence"",""28.59"","""","""""
"12/07/2024 08:00:00 - 12/07/2024 09:00:00,""BZN|NO3"",""Without Sequence"",""29.48"","""","""""
"12/07/2024 09:00:00 - 12/07/2024 10:00:00,""BZN|NO3"",""Without Sequence"",""29.61"","""","""""
"12/07/2024 10:00:00 - 12/07/2024 11:00:00,""BZN|NO3"",""Without Sequence"",""29.42"","""","""""
"12/07/2024 11:00:00 - 12/07/2024 12:00:00,""BZN|NO3"",""Without Sequence"",""29.10"","""","""""
"12/07/2024 12:00:00 - 12/07/2024 13:00:00,""BZN|NO3"",""Without Sequence"",""28.72"","""","""""
"12/07/2024 13:00:00 - 12/07/2024 14:00:00,""BZN|NO3"",""Without Sequence"",""28.27"","""","""""
"12/07/2024 14:00:00 - 12/07/2024 15:00:00,""BZN|NO3"",""Without Sequence"",""28.09"","""","""""
"12/07/2024 15:00:00 - 12/07/2024 16:00:00,""BZN|NO3"",""Without Sequence"",""27.94"","""","""""
"12/07/2024 16:00:00 - 12/07/2024 17:00:00,""BZN|NO3"",""Without Sequence"",""27.93"","""","""""
"12/07/2024 17:00:00 - 12/07/2024 18:00:00,""BZN|NO3"",""Without Sequence"",""29.48"","""","""""
"12/07/2024 18:00:00 - 12/07/2024 19:00:00,""BZN|NO3"",""Without Sequence"",""29.68"","""","""""
"12/07/2024 19:00:00 - 12/07/2024 20:00:00,""BZN|NO3"",""Without Sequence"",""29.77"","""","""""
"12/07/2024 20:00:00 - 12/07/2024 21:00:00,""BZN|NO3"",""Without Sequence"",""29.46"","""","""""
"12/07/2024 21:00:00 - 12/07/2024 22:00:00,""BZN|NO3"",""Without Sequence"",""28.50"","""","""""
"12/07/2024 22:00:00 - 12/07/2024 23:00:00,""BZN|NO3"",""Without Sequence"",""27.85"","""","""""
"12/07/2024 23:00:00 - 13/07/2024 00:00:00,""BZN|NO3"",""Without Sequence"",""26.48"","""","""""
"13/07/2024 00:00:00 - 13/07/2024 01:00:00,""BZN|NO3"",""Without Sequence"",""20.73"","""","""""
"13/07/2024 01:00:00 - 13/07/2024 02:00:00,""BZN|NO3"",""Without Sequence"",""17.98"","""","""""
"13/07/2024 02:00:00 - 13/07/2024 03:00:00,""BZN|NO3"",""Without Sequence"",""17.94"","""","""""
"13/07/2024 03:00:00 - 13/07/2024 04:00:00,""BZN|NO3"",""Without Sequence"",""17.93"","""","""""
"13/07/2024 04:00:00 - 13/07/2024 05:00:00,""BZN|NO3"",""Without Sequence"",""17.90"","""","""""
"13/07/2024 05:00:00 - 13/07/2024 06:00:00,""BZN|NO3"",""Without Sequence"",""17.91"","""","""""
"13/07/2024 06:00:00 - 13/07/2024 07:00:00,""BZN|NO3"",""Without Sequence"",""19.54"","""","""""
"13/07/2024 07:00:00 - 13/07/2024 08:00:00,""BZN|NO3"",""Without Sequence"",""24.89"","""","""""
"13/07/2024 08:00:00 - 13/07/2024 09:00:00,""BZN|NO3"",""Without Sequence"",""25.83"","""","""""
"13/07/2024 09:00:00 - 13/07/2024 10:00:00,""BZN|NO3"",""Without Sequence"",""20.97"","""","""""
"13/07/2024 10:00:00 - 13/07/2024 11:00:00,""BZN|NO3"",""Without Sequence"",""18.57"","""","""""
"13/07/2024 11:00:00 - 13/07/2024 12:00:00,""BZN|NO3"",""Without Sequence"",""18.90"","""","""""
"13/07/2024 12:00:00 - 13/07/2024 13:00:00,""BZN|NO3"",""Without Sequence"",""18.89"","""","""""
"13/07/2024 13:00:00 - 13/07/2024 14:00:00,""BZN|NO3"",""Without Sequence"",""18.68"","""","""""
"13/07/2024 14:00:00 - 13/07/2024 15:00:00,""BZN|NO3"",""Without Sequence"",""17.96"","""","""""
"13/07/2024 15:00:00 - 13/07/2024 16:00:00,""BZN|NO3"",""Without Sequence"",""17.83"","""","""""
"13/07/2024 16:00:00 - 13/07/2024 17:00:00,""BZN|NO3"",""Without Sequence"",""17.36"","""","""""
"13/07/2024 17:00:00 - 13/07/2024 18:00:00,""BZN|NO3"",""Without Sequence"",""18.69"","""","""""
"13/07/2024 18:00:00 - 13/07/2024 19:00:00,""BZN|NO3"",""Without Sequence"",""22.44"","""","""""
"13/07/2024 19:00:00 - 13/07/2024 20:00:00,""BZN|NO3"",""Without Sequence"",""26.27"","""","""""
"13/07/2024 20:00:00 - 13/07/2024 21:00:00,""BZN|NO3"",""Without Sequence"",""21.74"","""","""""
"13/07/2024 21:00:00 - 13/07/2024 22:00:00,""BZN|NO3"",""Without Sequence"",""17.95"","""","""""
"13/07/2024 22:00:00 - 13/07/2024 23:00:00,""BZN|NO3"",""Without Sequence"",""17.95"","""","""""
"13/07/2024 23:00:00 - 14/07/2024 00:00:00,""BZN|NO3"",""Without Sequence"",""17.52"","""","""""
"14/07/2024 00:00:00 - 14/07/2024 01:00:00,""BZN|NO3"",""Without Sequence"",""23.69"","""","""""
"14/07/2024 01:00:00 - 14/07/2024 02:00:00,""BZN|NO3"",""Without Sequence"",""20.93"","""","""""
"14/07/2024 02:00:00 - 14/07/2024 03:00:00,""BZN|NO3"",""Without Sequence"",""19.01"","""","""""
"14/07/2024 03:00:00 - 14/07/2024 04:00:00,""BZN|NO3"",""Without Sequence"",""18.28"","""","""""
"14/07/2024 04:00:00 - 14/07/2024 05:00:00,""BZN|NO3"",""Without Sequence"",""17.96"","""","""""
"14/07/2024 05:00:00 - 14/07/2024 06:00:00,""BZN|NO3"",""Without Sequence"",""17.97"","""","""""
"14/07/2024 06:00:00 - 14/07/2024 07:00:00,""BZN|NO3"",""Without Sequence"",""18.69"","""","""""
"14/07/2024 07:00:00 - 14/07/2024 08:00:00,""BZN|NO3"",""Without Sequence"",""17.58"","""","""""
"14/07/2024 08:00:00 - 14/07/2024 09:00:00,""BZN|NO3"",""Without Sequence"",""17.64"","""","""""
"14/07/2024 09:00:00 - 14/07/2024 10:00:00,""BZN|NO3"",""Without Sequence"",""17.88"","""","""""
"14/07/2024 10:00:00 - 14/07/2024 11:00:00,""BZN|NO3"",""Without Sequence"",""17.92"","""","""""
"14/07/2024 11:00:00 - 14/07/2024 12:00:00,""BZN|NO3"",""Without Sequence"",""17.70"","""","""""
"14/07/2024 12:00:00 - 14/07/2024 13:00:00,""BZN|NO3"",""Without Sequence"",""17.26"","""","""""
"14/07/2024 13:00:00 - 14/07/2024 14:00:00,""BZN|NO3"",""Without Sequence"",""16.91"","""","""""
"14/07/2024 14:00:00 - 14/07/2024 15:00:00,""BZN|NO3"",""Without Sequence"",""16.85"","""","""""
"14/07/2024 15:00:00 - 14/07/2024 16:00:00,""BZN|NO3"",""Without Sequence"",""17.03"","""","""""
"14/07/2024 16:00:00 - 14/07/2024 17:00:00,""BZN|NO3"",""Without Sequence"",""17.01"","""","""""
"14/07/2024 17:00:00 - 14/07/2024 18:00:00,""BZN|NO3"",""Without Sequence"",""18.70"","""","""""
"14/07/2024 18:00:00 - 14/07/2024 19:00:00,""BZN|NO3"",""Without Sequence"",""21.75"","""","""""
"14/07/2024 19:00:00 - 14/07/2024 20:00:00,""BZN|NO3"",""Without Sequence"",""21.58"","""","""""
"14/07/2024 20:00:00 - 14/07/2024 21:00:00,""BZN|NO3"",""Without Sequence"",""19.93"","""","""""
"14/07/2024 21:00:00 - 14/07/2024 22:00:00,""BZN|NO3"",""Without Sequence"",""18.69"","""","""""
"14/07/2024 22:00:00 - 14/07/2024 23:00:00,""BZN|NO3"",""Without Sequence"",""18.65"","""","""""
"14/07/2024 23:00:00 - 15/07/2024 00:00:00,""BZN|NO3"",""Without Sequence"",""17.99"","""","""""
"15/07/2024 00:00:00 - 15/07/2024 01:00:00,""BZN|NO3"",""Without Sequence"",""17.31"","""","""""
"15/07/2024 01:00:00 - 15/07/2024 02:00:00,""BZN|NO3"",""Without Sequence"",""15.93"","""","""""
"15/07/2024 02:00:00 - 15/07/2024 03:00:00,""BZN|NO3"",""Without Sequence"",""13.44"","""","""""
"15/07/2024 03:00:00 - 15/07/2024 04:00:00,""BZN|NO3"",""Without Sequence"",""13.78"","""","""""
"15/07/2024 04:00:00 - 15/07/2024 05:00:00,""BZN|NO3"",""Without Sequence"",""17.06"","""","""""
"15/07/2024 05:00:00 - 15/07/2024 06:00:00,""BZN|NO3"",""Without Sequence"",""19.01"","""","""""
"15/07/2024 06:00:00 - 15/07/2024 07:00:00,""BZN|NO3"",""Without Sequence"",""25.37"","""","""""
"15/07/2024 07:00:00 - 15/07/2024 08:00:00,""BZN|NO3"",""Without Sequence"",""27.10"","""","""""
"15/07/2024 08:00:00 - 15/07/2024 09:00:00,""BZN|NO3"",""Without Sequence"",""27.58"","""","""""
"15/07/2024 09:00:00 - 15/07/2024 10:00:00,""BZN|NO3"",""Without Sequence"",""27.11"","""","""""
"15/07/2024 10:00:00 - 15/07/2024 11:00:00,""BZN|NO3"",""Without Sequence"",""26.40"","""","""""
"15/07/2024 11:00:00 - 15/07/2024 12:00:00,""BZN|NO3"",""Without Sequence"",""20.03"","""","""""
"15/07/2024 12:00:00 - 15/07/2024 13:00:00,""BZN|NO3"",""Without Sequence"",""17.82"","""","""""
"15/07/2024 13:00:00 - 15/07/2024 14:00:00,""BZN|NO3"",""Without Sequence"",""17.91"","""","""""
"15/07/2024 14:00:00 - 15/07/2024 15:00:00,""BZN|NO3"",""Without Sequence"",""18.39"","""","""""
"15/07/2024 15:00:00 - 15/07/2024 16:00:00,""BZN|NO3"",""Without Sequence"",""20.82"","""","""""
"15/07/2024 16:00:00 - 15/07/2024 17:00:00,""BZN|NO3"",""Without Sequence"",""27.02"","""","""""
"15/07/2024 17:00:00 - 15/07/2024 18:00:00,""BZN|NO3"",""Without Sequence"",""28.89"","""","""""
"15/07/2024 18:00:00 - 15/07/2024 19:00:00,""BZN|NO3"",""Without Sequence"",""29.90"","""","""""
"15/07/2024 19:00:00 - 15/07/2024 20:00:00,""BZN|NO3"",""Without Sequence"",""29.69"","""","""""
"15/07/2024 20:00:00 - 15/07/2024 21:00:00,""BZN|NO3"",""Without Sequence"",""28.88"","""","""""
"15/07/2024 21:00:00 - 15/07/2024 22:00:00,""BZN|NO3"",""Without Sequence"",""28.18"","""","""""
"15/07/2024 22:00:00 - 15/07/2024 23:00:00,""BZN|NO3"",""Without Sequence"",""27.27"","""","""""
"15/07/2024 23:00:00 - 16/07/2024 00:00:00,""BZN|NO3"",""Without Sequence"",""25.89"","""","""""
"16/07/2024 00:00:00 - 16/07/2024 01:00:00,""BZN|NO3"",""Without Sequence"",""24.89"","""","""""
"16/07/2024 01:00:00 - 16/07/2024 02:00:00,""BZN|NO3"",""Without Sequence"",""24.48"","""","""""
"16/07/2024 02:00:00 - 16/07/2024 03:00:00,""BZN|NO3"",""Without Sequence"",""24.38"","""","""""
"16/07/2024 03:00:00 - 16/07/2024 04:00:00,""BZN|NO3"",""Without Sequence"",""24.52"","""","""""
"16/07/2024 04:00:00 - 16/07/2024 05:00:00,""BZN|NO3"",""Without Sequence"",""24.78"","""","""""
"16/07/2024 05:00:00 - 16/07/2024 06:00:00,""BZN|NO3"",""Without Sequence"",""25.58"","""","""""
"16/07/2024 06:00:00 - 16/07/2024 07:00:00,""BZN|NO3"",""Without Sequence"",""27.25"","""","""""
"16/07/2024 07:00:00 - 16/07/2024 08:00:00,""BZN|NO3"",""Without Sequence"",""28.19"","""","""""
"16/07/2024 08:00:00 - 16/07/2024 09:00:00,""BZN|NO3"",""Without Sequence"",""27.96"","""","""""
"16/07/2024 09:00:00 - 16/07/2024 10:00:00,""BZN|NO3"",""Without Sequence"",""27.97"","""","""""
"16/07/2024 10:00:00 - 16/07/2024 11:00:00,""BZN|NO3"",""Without Sequence"",""25.19"","""","""""
"16/07/2024 11:00:00 - 16/07/2024 12:00:00,""BZN|NO3"",""Without Sequence"",""26.90"","""","""""
"16/07/2024 12:00:00 - 16/07/2024 13:00:00,""BZN|NO3"",""Without Sequence"",""26.27"","""","""""
"16/07/2024 13:00:00 - 16/07/2024 14:00:00,""BZN|NO3"",""Without Sequence"",""26.17"","""","""""
"16/07/2024 14:00:00 - 16/07/2024 15:00:00,""BZN|NO3"",""Without Sequence"",""26.87"","""","""""
"16/07/2024 15:00:00 - 16/07/2024 16:00:00,""BZN|NO3"",""Without Sequence"",""26.65"","""","""""
"16/07/2024 16:00:00 - 16/07/2024 17:00:00,""BZN|NO3"",""Without Sequence"",""26.62"","""","""""
"16/07/2024 17:00:00 - 16/07/2024 18:00:00,""BZN|NO3"",""Without Sequence"",""26.00"","""","""""
"16/07/2024 18:00:00 - 16/07/2024 19:00:00,""BZN|NO3"",""Without Sequence"",""28.95"","""","""""
"16/07/2024 19:00:00 - 16/07/2024 20:00:00,""BZN|NO3"",""Without Sequence"",""28.40"","""","""""
"16/07/2024 20:00:00 - 16/07/2024 21:00:00,""BZN|NO3"",""Without Sequence"",""27.38"","""","""""
"16/07/2024 21:00:00 - 16/07/2024 22:00:00,""BZN|NO3"",""Without Sequence"",""26.26"","""","""""
"16/07/2024 22:00:00 - 16/07/2024 23:00:00,""BZN|NO3"",""Without Sequence"",""25.28"","""","""""
"16/07/2024 23:00:00 - 17/07/2024 00:00:00,""BZN|NO3"",""Without Sequence"",""24.01"","""","""""
"17/07/2024 00:00:00 - 17/07/2024 01:00:00,""BZN|NO3"",""Without Sequence"",""23.32"","""","""""
"17/07/2024 01:00:00 - 17/07/2024 02:00:00,""BZN|NO3"",""Without Sequence"",""21.46"","""","""""
"17/07/2024 02:00:00 - 17/07/2024 03:00:00,""BZN|NO3"",""Without Sequence"",""20.55"","""","""""
"17/07/2024 03:00:00 - 17/07/2024 04:00:00,""BZN|NO3"",""Without Sequence"",""19.99"","""","""""
"17/07/2024 04:00:00 - 17/07/2024 05:00:00,""BZN|NO3"",""Without Sequence"",""19.93"","""","""""
"17/07/2024 05:00:00 - 17/07/2024 06:00:00,""BZN|NO3"",""Without Sequence"",""19.99"","""","""""
"17/07/2024 06:00:00 - 17/07/2024 07:00:00,""BZN|NO3"",""Without Sequence"",""20.62"","""","""""
"17/07/2024 07:00:00 - 17/07/2024 08:00:00,""BZN|NO3"",""Without Sequence"",""22.98"","""","""""
"17/07/2024 08:00:00 - 17/07/2024 09:00:00,""BZN|NO3"",""Without Sequence"",""23.59"","""","""""
"17/07/2024 09:00:00 - 17/07/2024 10:00:00,""BZN|NO3"",""Without Sequence"",""23.84"","""","""""
"17/07/2024 10:00:00 - 17/07/2024 11:00:00,""BZN|NO3"",""Without Sequence"",""24.82"","""","""""
"17/07/2024 11:00:00 - 17/07/2024 12:00:00,""BZN|NO3"",""Without Sequence"",""25.51"","""","""""
"17/07/2024 12:00:00 - 17/07/2024 13:00:00,""BZN|NO3"",""Without Sequence"",""26.19"","""","""""
"17/07/2024 13:00:00 - 17/07/2024 14:00:00,""BZN|NO3"",""Without Sequence"",""23.95"","""","""""
"17/07/2024 14:00:00 - 17/07/2024 15:00:00,""BZN|NO3"",""Without Sequence"",""24.19"","""","""""
"17/07/2024 15:00:00 - 17/07/2024 16:00:00,""BZN|NO3"",""Without Sequence"",""24.95"","""","""""
"17/07/2024 16:00:00 - 17/07/2024 17:00:00,""BZN|NO3"",""Without Sequence"",""26.25"","""","""""
"17/07/2024 17:00:00 - 17/07/2024 18:00:00,""BZN|NO3"",""Without Sequence"",""26.07"","""","""""
"17/07/2024 18:00:00 - 17/07/2024 19:00:00,""BZN|NO3"",""Without Sequence"",""25.58"","""","""""
"17/07/2024 19:00:00 - 17/07/2024 20:00:00,""BZN|NO3"",""Without Sequence"",""25.48"","""","""""
"17/07/2024 20:00:00 - 17/07/2024 21:00:00,""BZN|NO3"",""Without Sequence"",""26.07"","""","""""
"17/07/2024 21:00:00 - 17/07/2024 22:00:00,""BZN|NO3"",""Without Sequence"",""25.52"","""","""""
"17/07/2024 22:00:00 - 17/07/2024 23:00:00,""BZN|NO3"",""Without Sequence"",""24.91"","""","""""
"17/07/2024 23:00:00 - 18/07/2024 00:00:00,""BZN|NO3"",""Without Sequence"",""21.42"","""","""""
"18/07/2024 00:00:00 - 18/07/2024 01:00:00,""BZN|NO3"",""Without Sequence"",""21.09"","""","""""
"18/07/2024 01:00:00 - 18/07/2024 02:00:00,""BZN|NO3"",""Without Sequence"",""19.38"","""","""""
"18/07/2024 02:00:00 - 18/07/2024 03:00:00,""BZN|NO3"",""Without Sequence"",""18.60"","""","""""
"18/07/2024 03:00:00 - 18/07/2024 04:00:00,""BZN|NO3"",""Without Sequence"",""17.97"","""","""""
"18/07/2024 04:00:00 - 18/07/2024 05:00:00,""BZN|NO3"",""Without Sequence"",""17.92"","""","""""
"18/07/2024 05:00:00 - 18/07/2024 06:00:00,""BZN|NO3"",""Without Sequence"",""17.76"","""","""""
"18/07/2024 06:00:00 - 18/07/2024 07:00:00,""BZN|NO3"",""Without Sequence"",""17.87"","""","""""
"18/07/2024 07:00:00 - 18/07/2024 08:00:00,""BZN|NO3"",""Without Sequence"",""18.61"","""","""""
"18/07/2024 08:00:00 - 18/07/2024 09:00:00,""BZN|NO3"",""Without Sequence"",""19.53"","""","""""
"18/07/2024 09:00:00 - 18/07/2024 10:00:00,""BZN|NO3"",""Without Sequence"",""20.56"","""","""""
"18/07/2024 10:00:00 - 18/07/2024 11:00:00,""BZN|NO3"",""Without Sequence"",""20.42"","""","""""
"18/07/2024 11:00:00 - 18/07/2024 12:00:00,""BZN|NO3"",""Without Sequence"",""19.01"","""","""""
"18/07/2024 12:00:00 - 18/07/2024 13:00:00,""BZN|NO3"",""Without Sequence"",""18.89"","""","""""
"18/07/2024 13:00:00 - 18/07/2024 14:00:00,""BZN|NO3"",""Without Sequence"",""19.02"","""","""""
"18/07/2024 14:00:00 - 18/07/2024 15:00:00,""BZN|NO3"",""Without Sequence"",""19.01"","""","""""
"18/07/2024 15:00:00 - 18/07/2024 16:00:00,""BZN|NO3"",""Without Sequence"",""19.35"","""","""""
"18/07/2024 16:00:00 - 18/07/2024 17:00:00,""BZN|NO3"",""Without Sequence"",""19.66"","""","""""
"18/07/2024 17:00:00 - 18/07/2024 18:00:00,""BZN|NO3"",""Without Sequence"",""20.89"","""","""""
"18/07/2024 18:00:00 - 18/07/2024 19:00:00,""BZN|NO3"",""Without Sequence"",""21.09"","""","""""
"18/07/2024 19:00:00 - 18/07/2024 20:00:00,""BZN|NO3"",""Without Sequence"",""21.47"","""","""""
"18/07/2024 20:00:00 - 18/07/2024 21:00:00,""BZN|NO3"",""Without Sequence"",""21.70"","""","""""
"18/07/2024 21:00:00 - 18/07/2024 22:00:00,""BZN|NO3"",""Without Sequence"",""21.09"","""","""""
"18/07/2024 22:00:00 - 18/07/2024 23:00:00,""BZN|NO3"",""Without Sequence"",""21.39"","""","""""
"18/07/2024 23:00:00 - 19/07/2024 00:00:00,""BZN|NO3"",""Without Sequence"",""21.66"","""","""""
"19/07/2024 00:00:00 - 19/07/2024 01:00:00,""BZN|NO3"",""Without Sequence"",""22.76"","""","""""
"19/07/2024 01:00:00 - 19/07/2024 02:00:00,""BZN|NO3"",""Without Sequence"",""22.53"","""","""""
"19/07/2024 02:00:00 - 19/07/2024 03:00:00,""BZN|NO3"",""Without Sequence"",""21.67"","""","""""
"19/07/2024 03:00:00 - 19/07/2024 04:00:00,""BZN|NO3"",""Without Sequence"",""21.31"","""","""""
"19/07/2024 04:00:00 - 19/07/2024 05:00:00,""BZN|NO3"",""Without Sequence"",""21.76"","""","""""
"19/07/2024 05:00:00 - 19/07/2024 06:00:00,""BZN|NO3"",""Without Sequence"",""22.17"","""","""""
"19/07/2024 06:00:00 - 19/07/2024 07:00:00,""BZN|NO3"",""Without Sequence"",""22.48"","""","""""
"19/07/2024 07:00:00 - 19/07/2024 08:00:00,""BZN|NO3"",""Without Sequence"",""23.22"","""","""""
"19/07/2024 08:00:00 - 19/07/2024 09:00:00,""BZN|NO3"",""Without Sequence"",""23.27"","""","""""
"19/07/2024 09:00:00 - 19/07/2024 10:00:00,""BZN|NO3"",""Without Sequence"",""24.68"","""","""""
"19/07/2024 10:00:00 - 19/07/2024 11:00:00,""BZN|NO3"",""Without Sequence"",""24.58"","""","""""
"19/07/2024 11:00:00 - 19/07/2024 12:00:00,""BZN|NO3"",""Without Sequence"",""24.55"","""","""""
"19/07/2024 12:00:00 - 19/07/2024 13:00:00,""BZN|NO3"",""Without Sequence"",""24.90"","""","""""
"19/07/2024 13:00:00 - 19/07/2024 14:00:00,""BZN|NO3"",""Without Sequence"",""25.26"","""","""""
"19/07/2024 14:00:00 - 19/07/2024 15:00:00,""BZN|NO3"",""Without Sequence"",""25.57"","""","""""
"19/07/2024 15:00:00 - 19/07/2024 16:00:00,""BZN|NO3"",""Without Sequence"",""25.79"","""","""""
"19/07/2024 16:00:00 - 19/07/2024 17:00:00,""BZN|NO3"",""Without Sequence"",""25.68"","""","""""
"19/07/2024 17:00:00 - 19/07/2024 18:00:00,""BZN|NO3"",""Without Sequence"",""25.01"","""","""""
"19/07/2024 18:00:00 - 19/07/2024 19:00:00,""BZN|NO3"",""Without Sequence"",""24.77"","""","""""
"19/07/2024 19:00:00 - 19/07/2024 20:00:00,""BZN|NO3"",""Without Sequence"",""24.20"","""","""""
"19/07/2024 20:00:00 - 19/07/2024 21:00:00,""BZN|NO3"",""Without Sequence"",""24.49"","""","""""
"19/07/2024 21:00:00 - 19/07/2024 22:00:00,""BZN|NO3"",""Without Sequence"",""22.45"","""","""""
"19/07/2024 22:00:00 - 19/07/2024 23:00:00,""BZN|NO3"",""Without Sequence"",""22.47"","""","""""
"19/07/2024 23:00:00 - 20/07/2024 00:00:00,""BZN|NO3"",""Without Sequence"",""21.94"","""","""""
"20/07/2024 00:00:00 - 20/07/2024 01:00:00,""BZN|NO3"",""Without Sequence"",""18.43"","""","""""
"20/07/2024 01:00:00 - 20/07/2024 02:00:00,""BZN|NO3"",""Without Sequence"",""17.84"","""","""""
"20/07/2024 02:00:00 - 20/07/2024 03:00:00,""BZN|NO3"",""Without Sequence"",""17.73"","""","""""
"20/07/2024 03:00:00 - 20/07/2024 04:00:00,""BZN|NO3"",""Without Sequence"",""17.95"","""","""""
"20/07/2024 04:00:00 - 20/07/2024 05:00:00,""BZN|NO3"",""Without Sequence"",""17.95"","""","""""
"20/07/2024 05:00:00 - 20/07/2024 06:00:00,""BZN|NO3"",""Without Sequence"",""18.29"","""","""""
"20/07/2024 06:00:00 - 20/07/2024 07:00:00,""BZN|NO3"",""Without Sequence"",""19.44"","""","""""
"20/07/2024 07:00:00 - 20/07/2024 08:00:00,""BZN|NO3"",""Without Sequence"",""20.79"","""","""""
"20/07/2024 08:00:00 - 20/07/2024 09:00:00,""BZN|NO3"",""Without Sequence"",""23.08"","""","""""
"20/07/2024 09:00:00 - 20/07/2024 10:00:00,""BZN|NO3"",""Without Sequence"",""25.41"","""","""""
"20/07/2024 10:00:00 - 20/07/2024 11:00:00,""BZN|NO3"",""Without Sequence"",""23.52"","""","""""
"20/07/2024 11:00:00 - 20/07/2024 12:00:00,""BZN|NO3"",""Without Sequence"",""22.19"","""","""""
"20/07/2024 12:00:00 - 20/07/2024 13:00:00,""BZN|NO3"",""Without Sequence"",""22.27"","""","""""
"20/07/2024 13:00:00 - 20/07/2024 14:00:00,""BZN|NO3"",""Without Sequence"",""22.30"","""","""""
"20/07/2024 14:00:00 - 20/07/2024 15:00:00,""BZN|NO3"",""Without Sequence"",""22.24"","""","""""
"20/07/2024 15:00:00 - 20/07/2024 16:00:00,""BZN|NO3"",""Without Sequence"",""22.30"","""","""""
"20/07/2024 16:00:00 - 20/07/2024 17:00:00,""BZN|NO3"",""Without Sequence"",""26.27"","""","""""
"20/07/2024 17:00:00 - 20/07/2024 18:00:00,""BZN|NO3"",""Without Sequence"",""25.25"","""","""""
"20/07/2024 18:00:00 - 20/07/2024 19:00:00,""BZN|NO3"",""Without Sequence"",""25.21"","""","""""
"20/07/2024 19:00:00 - 20/07/2024 20:00:00,""BZN|NO3"",""Without Sequence"",""25.21"","""","""""
"20/07/2024 20:00:00 - 20/07/2024 21:00:00,""BZN|NO3"",""Without Sequence"",""24.52"","""","""""
"20/07/2024 21:00:00 - 20/07/2024 22:00:00,""BZN|NO3"",""Without Sequence"",""23.77"","""","""""
"20/07/2024 22:00:00 - 20/07/2024 23:00:00,""BZN|NO3"",""Without Sequence"",""22.99"","""","""""
"20/07/2024 23:00:00 - 21/07/2024 00:00:00,""BZN|NO3"",""Without Sequence"",""21.51"","""","""""
"21/07/2024 00:00:00 - 21/07/2024 01:00:00,""BZN|NO3"",""Without Sequence"",""21.38"","""","""""
"21/07/2024 01:00:00 - 21/07/2024 02:00:00,""BZN|NO3"",""Without Sequence"",""20.79"","""","""""
"21/07/2024 02:00:00 - 21/07/2024 03:00:00,""BZN|NO3"",""Without Sequence"",""20.43"","""","""""
"21/07/2024 03:00:00 - 21/07/2024 04:00:00,""BZN|NO3"",""Without Sequence"",""20.08"","""","""""
"21/07/2024 04:00:00 - 21/07/2024 05:00:00,""BZN|NO3"",""Without Sequence"",""19.27"","""","""""
"21/07/2024 05:00:00 - 21/07/2024 06:00:00,""BZN|NO3"",""Without Sequence"",""20.30"","""","""""
"21/07/2024 06:00:00 - 21/07/2024 07:00:00,""BZN|NO3"",""Without Sequence"",""21.39"","""","""""
"21/07/2024 07:00:00 - 21/07/2024 08:00:00,""BZN|NO3"",""Without Sequence"",""22.65"","""","""""
"21/07/2024 08:00:00 - 21/07/2024 09:00:00,""BZN|NO3"",""Without Sequence"",""23.55"","""","""""
"21/07/2024 09:00:00 - 21/07/2024 10:00:00,""BZN|NO3"",""Without Sequence"",""18.57"","""","""""
"21/07/2024 10:00:00 - 21/07/2024 11:00:00,""BZN|NO3"",""Without Sequence"",""3.09"","""","""""
"21/07/2024 11:00:00 - 21/07/2024 12:00:00,""BZN|NO3"",""Without Sequence"",""3.10"","""","""""
"21/07/2024 12:00:00 - 21/07/2024 13:00:00,""BZN|NO3"",""Without Sequence"",""3.03"","""","""""
"21/07/2024 13:00:00 - 21/07/2024 14:00:00,""BZN|NO3"",""Without Sequence"",""3.01"","""","""""
"21/07/2024 14:00:00 - 21/07/2024 15:00:00,""BZN|NO3"",""Without Sequence"",""3.02"","""","""""
"21/07/2024 15:00:00 - 21/07/2024 16:00:00,""BZN|NO3"",""Without Sequence"",""3.91"","""","""""
"21/07/2024 16:00:00 - 21/07/2024 17:00:00,""BZN|NO3"",""Without Sequence"",""18.68"","""","""""
"21/07/2024 17:00:00 - 21/07/2024 18:00:00,""BZN|NO3"",""Without Sequence"",""23.12"","""","""""
"21/07/2024 18:00:00 - 21/07/2024 19:00:00,""BZN|NO3"",""Without Sequence"",""23.12"","""","""""
"21/07/2024 19:00:00 - 21/07/2024 20:00:00,""BZN|NO3"",""Without Sequence"",""22.81"","""","""""
"21/07/2024 20:00:00 - 21/07/2024 21:00:00,""BZN|NO3"",""Without Sequence"",""22.16"","""","""""
"21/07/2024 21:00:00 - 21/07/2024 22:00:00,""BZN|NO3"",""Without Sequence"",""21.63"","""","""""
"21/07/2024 22:00:00 - 21/07/2024 23:00:00,""BZN|NO3"",""Without Sequence"",""20.45"","""","""""
"21/07/2024 23:00:00 - 22/07/2024 00:00:00,""BZN|NO3"",""Without Sequence"",""21.54"","""","""""
"22/07/2024 00:00:00 - 22/07/2024 01:00:00,""BZN|NO3"",""Without Sequence"",""20.05"","""","""""
"22/07/2024 01:00:00 - 22/07/2024 02:00:00,""BZN|NO3"",""Without Sequence"",""19.78"","""","""""
"22/07/2024 02:00:00 - 22/07/2024 03:00:00,""BZN|NO3"",""Without Sequence"",""19.55"","""","""""
"22/07/2024 03:00:00 - 22/07/2024 04:00:00,""BZN|NO3"",""Without Sequence"",""19.79"","""","""""
"22/07/2024 04:00:00 - 22/07/2024 05:00:00,""BZN|NO3"",""Without Sequence"",""20.17"","""","""""
"22/07/2024 05:00:00 - 22/07/2024 06:00:00,""BZN|NO3"",""Without Sequence"",""21.71"","""","""""
"22/07/2024 06:00:00 - 22/07/2024 07:00:00,""BZN|NO3"",""Without Sequence"",""23.67"","""","""""
"22/07/2024 07:00:00 - 22/07/2024 08:00:00,""BZN|NO3"",""Without Sequence"",""24.46"","""","""""
"22/07/2024 08:00:00 - 22/07/2024 09:00:00,""BZN|NO3"",""Without Sequence"",""24.96"","""","""""
"22/07/2024 09:00:00 - 22/07/2024 10:00:00,""BZN|NO3"",""Without Sequence"",""24.63"","""","""""
"22/07/2024 10:00:00 - 22/07/2024 11:00:00,""BZN|NO3"",""Without Sequence"",""24.54"","""","""""
"22/07/2024 11:00:00 - 22/07/2024 12:00:00,""BZN|NO3"",""Without Sequence"",""23.96"","""","""""
"22/07/2024 12:00:00 - 22/07/2024 13:00:00,""BZN|NO3"",""Without Sequence"",""23.97"","""","""""
"22/07/2024 13:00:00 - 22/07/2024 14:00:00,""BZN|NO3"",""Without Sequence"",""23.36"","""","""""
"22/07/2024 14:00:00 - 22/07/2024 15:00:00,""BZN|NO3"",""Without Sequence"",""23.35"","""","""""
"22/07/2024 15:00:00 - 22/07/2024 16:00:00,""BZN|NO3"",""Without Sequence"",""23.52"","""","""""
"22/07/2024 16:00:00 - 22/07/2024 17:00:00,""BZN|NO3"",""Without Sequence"",""23.55"","""","""""
"22/07/2024 17:00:00 - 22/07/2024 18:00:00,""BZN|NO3"",""Without Sequence"",""24.17"","""","""""
"22/07/2024 18:00:00 - 22/07/2024 19:00:00,""BZN|NO3"",""Without Sequence"",""25.02"","""","""""
"22/07/2024 19:00:00 - 22/07/2024 20:00:00,""BZN|NO3"",""Without Sequence"",""24.94"","""","""""
"22/07/2024 20:00:00 - 22/07/2024 21:00:00,""BZN|NO3"",""Without Sequence"",""24.98"","""","""""
"22/07/2024 21:00:00 - 22/07/2024 22:00:00,""BZN|NO3"",""Without Sequence"",""24.97"","""","""""
"22/07/2024 22:00:00 - 22/07/2024 23:00:00,""BZN|NO3"",""Without Sequence"",""23.59"","""","""""
"22/07/2024 23:00:00 - 23/07/2024 00:00:00,""BZN|NO3"",""Without Sequence"",""22.75"","""","""""
"23/07/2024 00:00:00 - 23/07/2024 01:00:00,""BZN|NO3"",""Without Sequence"",""20.07"","""","""""
"23/07/2024 01:00:00 - 23/07/2024 02:00:00,""BZN|NO3"",""Without Sequence"",""19.41"","""","""""
"23/07/2024 02:00:00 - 23/07/2024 03:00:00,""BZN|NO3"",""Without Sequence"",""18.38"","""","""""
"23/07/2024 03:00:00 - 23/07/2024 04:00:00,""BZN|NO3"",""Without Sequence"",""17.85"","""","""""
"23/07/2024 04:00:00 - 23/07/2024 05:00:00,""BZN|NO3"",""Without Sequence"",""17.55"","""","""""
"23/07/2024 05:00:00 - 23/07/2024 06:00:00,""BZN|NO3"",""Without Sequence"",""19.74"","""","""""
"23/07/2024 06:00:00 - 23/07/2024 07:00:00,""BZN|NO3"",""Without Sequence"",""21.90"","""","""""
"23/07/2024 07:00:00 - 23/07/2024 08:00:00,""BZN|NO3"",""Without Sequence"",""23.93"","""","""""
"23/07/2024 08:00:00 - 23/07/2024 09:00:00,""BZN|NO3"",""Without Sequence"",""24.51"","""","""""
"23/07/2024 09:00:00 - 23/07/2024 10:00:00,""BZN|NO3"",""Without Sequence"",""24.12"","""","""""
"23/07/2024 10:00:00 - 23/07/2024 11:00:00,""BZN|NO3"",""Without Sequence"",""23.35"","""","""""
"23/07/2024 11:00:00 - 23/07/2024 12:00:00,""BZN|NO3"",""Without Sequence"",""22.54"","""","""""
"23/07/2024 12:00:00 - 23/07/2024 13:00:00,""BZN|NO3"",""Without Sequence"",""21.59"","""","""""
"23/07/2024 13:00:00 - 23/07/2024 14:00:00,""BZN|NO3"",""Without Sequence"",""21.14"","""","""""
"23/07/2024 14:00:00 - 23/07/2024 15:00:00,""BZN|NO3"",""Without Sequence"",""21.29"","""","""""
"23/07/2024 15:00:00 - 23/07/2024 16:00:00,""BZN|NO3"",""Without Sequence"",""21.84"","""","""""
"23/07/2024 16:00:00 - 23/07/2024 17:00:00,""BZN|NO3"",""Without Sequence"",""22.90"","""","""""
"23/07/2024 17:00:00 - 23/07/2024 18:00:00,""BZN|NO3"",""Without Sequence"",""23.52"","""","""""
"23/07/2024 18:00:00 - 23/07/2024 19:00:00,""BZN|NO3"",""Without Sequence"",""23.99"","""","""""
"23/07/2024 19:00:00 - 23/07/2024 20:00:00,""BZN|NO3"",""Without Sequence"",""24.46"","""","""""
"23/07/2024 20:00:00 - 23/07/2024 21:00:00,""BZN|NO3"",""Without Sequence"",""23.72"","""","""""
"23/07/2024 21:00:00 - 23/07/2024 22:00:00,""BZN|NO3"",""Without Sequence"",""23.39"","""","""""
"23/07/2024 22:00:00 - 23/07/2024 23:00:00,""BZN|NO3"",""Without Sequence"",""22.55"","""","""""
"23/07/2024 23:00:00 - 24/07/2024 00:00:00,""BZN|NO3"",""Without Sequence"",""21.06"","""","""""
"24/07/2024 00:00:00 - 24/07/2024 01:00:00,""BZN|NO3"",""Without Sequence"",""20.20"","""","""""
"24/07/2024 01:00:00 - 24/07/2024 02:00:00,""BZN|NO3"",""Without Sequence"",""19.34"","""","""""
"24/07/2024 02:00:00 - 24/07/2024 03:00:00,""BZN|NO3"",""Without Sequence"",""19.00"","""","""""
"24/07/2024 03:00:00 - 24/07/2024 04:00:00,""BZN|NO3"",""Without Sequence"",""18.77"","""","""""
"24/07/2024 04:00:00 - 24/07/2024 05:00:00,""BZN|NO3"",""Without Sequence"",""18.85"","""","""""
"24/07/2024 05:00:00 - 24/07/2024 06:00:00,""BZN|NO3"",""Without Sequence"",""20.58"","""","""""
"24/07/2024 06:00:00 - 24/07/2024 07:00:00,""BZN|NO3"",""Without Sequence"",""22.04"","""","""""
"24/07/2024 07:00:00 - 24/07/2024 08:00:00,""BZN|NO3"",""Without Sequence"",""22.96"","""","""""
"24/07/2024 08:00:00 - 24/07/2024 09:00:00,""BZN|NO3"",""Without Sequence"",""24.00"","""","""""
"24/07/2024 09:00:00 - 24/07/2024 10:00:00,""BZN|NO3"",""Without Sequence"",""24.59"","""","""""
"24/07/2024 10:00:00 - 24/07/2024 11:00:00,""BZN|NO3"",""Without Sequence"",""24.77"","""","""""
"24/07/2024 11:00:00 - 24/07/2024 12:00:00,""BZN|NO3"",""Without Sequence"",""21.93"","""","""""
"24/07/2024 12:00:00 - 24/07/2024 13:00:00,""BZN|NO3"",""Without Sequence"",""21.66"","""","""""
"24/07/2024 13:00:00 - 24/07/2024 14:00:00,""BZN|NO3"",""Without Sequence"",""22.07"","""","""""
"24/07/2024 14:00:00 - 24/07/2024 15:00:00,""BZN|NO3"",""Without Sequence"",""21.97"","""","""""
"24/07/2024 15:00:00 - 24/07/2024 16:00:00,""BZN|NO3"",""Without Sequence"",""21.89"","""","""""
"24/07/2024 16:00:00 - 24/07/2024 17:00:00,""BZN|NO3"",""Without Sequence"",""21.58"","""","""""
"24/07/2024 17:00:00 - 24/07/2024 18:00:00,""BZN|NO3"",""Without Sequence"",""24.78"","""","""""
"24/07/2024 18:00:00 - 24/07/2024 19:00:00,""BZN|NO3"",""Without Sequence"",""25.68"","""","""""
"24/07/2024 19:00:00 - 24/07/2024 20:00:00,""BZN|NO3"",""Without Sequence"",""25.92"","""","""""
"24/07/2024 20:00:00 - 24/07/2024 21:00:00,""BZN|NO3"",""Without Sequence"",""24.99"","""","""""
"24/07/2024 21:00:00 - 24/07/2024 22:00:00,""BZN|NO3"",""Without Sequence"",""24.19"","""","""""
"24/07/2024 22:00:00 - 24/07/2024 23:00:00,""BZN|NO3"",""Without Sequence"",""23.62"","""","""""
"24/07/2024 23:00:00 - 25/07/2024 00:00:00,""BZN|NO3"",""Without Sequence"",""22.21"","""","""""
"25/07/2024 00:00:00 - 25/07/2024 01:00:00,""BZN|NO3"",""Without Sequence"",""21.91"","""","""""
"25/07/2024 01:00:00 - 25/07/2024 02:00:00,""BZN|NO3"",""Without Sequence"",""21.54"","""","""""
"25/07/2024 02:00:00 - 25/07/2024 03:00:00,""BZN|NO3"",""Without Sequence"",""21.24"","""","""""
"25/07/2024 03:00:00 - 25/07/2024 04:00:00,""BZN|NO3"",""Without Sequence"",""21.08"","""","""""
"25/07/2024 04:00:00 - 25/07/2024 05:00:00,""BZN|NO3"",""Without Sequence"",""21.15"","""","""""
"25/07/2024 05:00:00 - 25/07/2024 06:00:00,""BZN|NO3"",""Without Sequence"",""21.04"","""","""""
"25/07/2024 06:00:00 - 25/07/2024 07:00:00,""BZN|NO3"",""Without Sequence"",""22.30"","""","""""
"25/07/2024 07:00:00 - 25/07/2024 08:00:00,""BZN|NO3"",""Without Sequence"",""24.06"","""","""""
"25/07/2024 08:00:00 - 25/07/2024 09:00:00,""BZN|NO3"",""Without Sequence"",""24.79"","""","""""
"25/07/2024 09:00:00 - 25/07/2024 10:00:00,""BZN|NO3"",""Without Sequence"",""25.15"","""","""""
"25/07/2024 10:00:00 - 25/07/2024 11:00:00,""BZN|NO3"",""Without Sequence"",""25.13"","""","""""
"25/07/2024 11:00:00 - 25/07/2024 12:00:00,""BZN|NO3"",""Without Sequence"",""24.34"","""","""""
"25/07/2024 12:00:00 - 25/07/2024 13:00:00,""BZN|NO3"",""Without Sequence"",""23.73"","""","""""
"25/07/2024 13:00:00 - 25/07/2024 14:00:00,""BZN|NO3"",""Without Sequence"",""22.95"","""","""""
"25/07/2024 14:00:00 - 25/07/2024 15:00:00,""BZN|NO3"",""Without Sequence"",""23.36"","""","""""
"25/07/2024 15:00:00 - 25/07/2024 16:00:00,""BZN|NO3"",""Without Sequence"",""23.59"","""","""""
"25/07/2024 16:00:00 - 25/07/2024 17:00:00,""BZN|NO3"",""Without Sequence"",""23.51"","""","""""
"25/07/2024 17:00:00 - 25/07/2024 18:00:00,""BZN|NO3"",""Without Sequence"",""23.99"","""","""""
"25/07/2024 18:00:00 - 25/07/2024 19:00:00,""BZN|NO3"",""Without Sequence"",""24.48"","""","""""
"25/07/2024 19:00:00 - 25/07/2024 20:00:00,""BZN|NO3"",""Without Sequence"",""24.79"","""","""""
"25/07/2024 20:00:00 - 25/07/2024 21:00:00,""BZN|NO3"",""Without Sequence"",""24.00"","""","""""
"25/07/2024 21:00:00 - 25/07/2024 22:00:00,""BZN|NO3"",""Without Sequence"",""23.32"","""","""""
"25/07/2024 22:00:00 - 25/07/2024 23:00:00,""BZN|NO3"",""Without Sequence"",""23.62"","""","""""
"25/07/2024 23:00:00 - 26/07/2024 00:00:00,""BZN|NO3"",""Without Sequence"",""21.67"","""","""""
"26/07/2024 00:00:00 - 26/07/2024 01:00:00,""BZN|NO3"",""Without Sequence"",""20.55"","""","""""
"26/07/2024 01:00:00 - 26/07/2024 02:00:00,""BZN|NO3"",""Without Sequence"",""19.92"","""","""""
"26/07/2024 02:00:00 - 26/07/2024 03:00:00,""BZN|NO3"",""Without Sequence"",""19.08"","""","""""
"26/07/2024 03:00:00 - 26/07/2024 04:00:00,""BZN|NO3"",""Without Sequence"",""18.92"","""","""""
"26/07/2024 04:00:00 - 26/07/2024 05:00:00,""BZN|NO3"",""Without Sequence"",""18.80"","""","""""
"26/07/2024 05:00:00 - 26/07/2024 06:00:00,""BZN|NO3"",""Without Sequence"",""18.92"","""","""""
"26/07/2024 06:00:00 - 26/07/2024 07:00:00,""BZN|NO3"",""Without Sequence"",""19.17"","""","""""
"26/07/2024 07:00:00 - 26/07/2024 08:00:00,""BZN|NO3"",""Without Sequence"",""20.07"","""","""""
"26/07/2024 08:00:00 - 26/07/2024 09:00:00,""BZN|NO3"",""Without Sequence"",""20.85"","""","""""
"26/07/2024 09:00:00 - 26/07/2024 10:00:00,""BZN|NO3"",""Without Sequence"",""20.80"","""","""""
"26/07/2024 10:00:00 - 26/07/2024 11:00:00,""BZN|NO3"",""Without Sequence"",""20.22"","""","""""
"26/07/2024 11:00:00 - 26/07/2024 12:00:00,""BZN|NO3"",""Without Sequence"",""19.08"","""","""""
"26/07/2024 12:00:00 - 26/07/2024 13:00:00,""BZN|NO3"",""Without Sequence"",""18.56"","""","""""
"26/07/2024 13:00:00 - 26/07/2024 14:00:00,""BZN|NO3"",""Without Sequence"",""18.77"","""","""""
"26/07/2024 14:00:00 - 26/07/2024 15:00:00,""BZN|NO3"",""Without Sequence"",""18.84"","""","""""
"26/07/2024 15:00:00 - 26/07/2024 16:00:00,""BZN|NO3"",""Without Sequence"",""19.23"","""","""""
"26/07/2024 16:00:00 - 26/07/2024 17:00:00,""BZN|NO3"",""Without Sequence"",""19.29"","""","""""
"26/07/2024 17:00:00 - 26/07/2024 18:00:00,""BZN|NO3"",""Without Sequence"",""20.40"","""","""""
"26/07/2024 18:00:00 - 26/07/2024 19:00:00,""BZN|NO3"",""Without Sequence"",""20.74"","""","""""
"26/07/2024 19:00:00 - 26/07/2024 20:00:00,""BZN|NO3"",""Without Sequence"",""20.93"","""","""""
"26/07/2024 20:00:00 - 26/07/2024 21:00:00,""BZN|NO3"",""Without Sequence"",""21.06"","""","""""
"26/07/2024 21:00:00 - 26/07/2024 22:00:00,""BZN|NO3"",""Without Sequence"",""20.58"","""","""""
"26/07/2024 22:00:00 - 26/07/2024 23:00:00,""BZN|NO3"",""Without Sequence"",""21.68"","""","""""
"26/07/2024 23:00:00 - 27/07/2024 00:00:00,""BZN|NO3"",""Without Sequence"",""20.80"","""","""""
"27/07/2024 00:00:00 - 27/07/2024 01:00:00,""BZN|NO3"",""Without Sequence"",""20.04"","""","""""
"27/07/2024 01:00:00 - 27/07/2024 02:00:00,""BZN|NO3"",""Without Sequence"",""19.62"","""","""""
"27/07/2024 02:00:00 - 27/07/2024 03:00:00,""BZN|NO3"",""Without Sequence"",""19.34"","""","""""
"27/07/2024 03:00:00 - 27/07/2024 04:00:00,""BZN|NO3"",""Without Sequence"",""19.39"","""","""""
"27/07/2024 04:00:00 - 27/07/2024 05:00:00,""BZN|NO3"",""Without Sequence"",""19.63"","""","""""
"27/07/2024 05:00:00 - 27/07/2024 06:00:00,""BZN|NO3"",""Without Sequence"",""19.79"","""","""""
"27/07/2024 06:00:00 - 27/07/2024 07:00:00,""BZN|NO3"",""Without Sequence"",""20.46"","""","""""
"27/07/2024 07:00:00 - 27/07/2024 08:00:00,""BZN|NO3"",""Without Sequence"",""20.97"","""","""""
"27/07/2024 08:00:00 - 27/07/2024 09:00:00,""BZN|NO3"",""Without Sequence"",""21.88"","""","""""
"27/07/2024 09:00:00 - 27/07/2024 10:00:00,""BZN|NO3"",""Without Sequence"",""22.48"","""","""""
"27/07/2024 10:00:00 - 27/07/2024 11:00:00,""BZN|NO3"",""Without Sequence"",""24.38"","""","""""
"27/07/2024 11:00:00 - 27/07/2024 12:00:00,""BZN|NO3"",""Without Sequence"",""24.10"","""","""""
"27/07/2024 12:00:00 - 27/07/2024 13:00:00,""BZN|NO3"",""Without Sequence"",""24.10"","""","""""
"27/07/2024 13:00:00 - 27/07/2024 14:00:00,""BZN|NO3"",""Without Sequence"",""24.09"","""","""""
"27/07/2024 14:00:00 - 27/07/2024 15:00:00,""BZN|NO3"",""Without Sequence"",""24.10"","""","""""
"27/07/2024 15:00:00 - 27/07/2024 16:00:00,""BZN|NO3"",""Without Sequence"",""23.71"","""","""""
"27/07/2024 16:00:00 - 27/07/2024 17:00:00,""BZN|NO3"",""Without Sequence"",""24.09"","""","""""
"27/07/2024 17:00:00 - 27/07/2024 18:00:00,""BZN|NO3"",""Without Sequence"",""24.10"","""","""""
"27/07/2024 18:00:00 - 27/07/2024 19:00:00,""BZN|NO3"",""Without Sequence"",""24.10"","""","""""
"27/07/2024 19:00:00 - 27/07/2024 20:00:00,""BZN|NO3"",""Without Sequence"",""24.10"","""","""""
"27/07/2024 20:00:00 - 27/07/2024 21:00:00,""BZN|NO3"",""Without Sequence"",""23.97"","""","""""
"27/07/2024 21:00:00 - 27/07/2024 22:00:00,""BZN|NO3"",""Without Sequence"",""23.82"","""","""""
"27/07/2024 22:00:00 - 27/07/2024 23:00:00,""BZN|NO3"",""Without Sequence"",""23.29"","""","""""
"27/07/2024 23:00:00 - 28/07/2024 00:00:00,""BZN|NO3"",""Without Sequence"",""23.37"","""","""""
"28/07/2024 00:00:00 - 28/07/2024 01:00:00,""BZN|NO3"",""Without Sequence"",""22.57"","""","""""
"28/07/2024 01:00:00 - 28/07/2024 02:00:00,""BZN|NO3"",""Without Sequence"",""21.32"","""","""""
"28/07/2024 02:00:00 - 28/07/2024 03:00:00,""BZN|NO3"",""Without Sequence"",""20.76"","""","""""
"28/07/2024 03:00:00 - 28/07/2024 04:00:00,""BZN|NO3"",""Without Sequence"",""20.25"","""","""""
"28/07/2024 04:00:00 - 28/07/2024 05:00:00,""BZN|NO3"",""Without Sequence"",""20.01"","""","""""
"28/07/2024 05:00:00 - 28/07/2024 06:00:00,""BZN|NO3"",""Without Sequence"",""19.90"","""","""""
"28/07/2024 06:00:00 - 28/07/2024 07:00:00,""BZN|NO3"",""Without Sequence"",""20.97"","""","""""
"28/07/2024 07:00:00 - 28/07/2024 08:00:00,""BZN|NO3"",""Without Sequence"",""21.68"","""","""""
"28/07/2024 08:00:00 - 28/07/2024 09:00:00,""BZN|NO3"",""Without Sequence"",""22.14"","""","""""
"28/07/2024 09:00:00 - 28/07/2024 10:00:00,""BZN|NO3"",""Without Sequence"",""20.38"","""","""""
"28/07/2024 10:00:00 - 28/07/2024 11:00:00,""BZN|NO3"",""Without Sequence"",""23.79"","""","""""
"28/07/2024 11:00:00 - 28/07/2024 12:00:00,""BZN|NO3"",""Without Sequence"",""22.76"","""","""""
"28/07/2024 12:00:00 - 28/07/2024 13:00:00,""BZN|NO3"",""Without Sequence"",""22.06"","""","""""
"28/07/2024 13:00:00 - 28/07/2024 14:00:00,""BZN|NO3"",""Without Sequence"",""20.16"","""","""""
"28/07/2024 14:00:00 - 28/07/2024 15:00:00,""BZN|NO3"",""Without Sequence"",""19.89"","""","""""
"28/07/2024 15:00:00 - 28/07/2024 16:00:00,""BZN|NO3"",""Without Sequence"",""19.97"","""","""""
"28/07/2024 16:00:00 - 28/07/2024 17:00:00,""BZN|NO3"",""Without Sequence"",""19.92"","""","""""
"28/07/2024 17:00:00 - 28/07/2024 18:00:00,""BZN|NO3"",""Without Sequence"",""19.77"","""","""""
"28/07/2024 18:00:00 - 28/07/2024 19:00:00,""BZN|NO3"",""Without Sequence"",""21.33"","""","""""
"28/07/2024 19:00:00 - 28/07/2024 20:00:00,""BZN|NO3"",""Without Sequence"",""21.95"","""","""""
"28/07/2024 20:00:00 - 28/07/2024 21:00:00,""BZN|NO3"",""Without Sequence"",""23.33"","""","""""
"28/07/2024 21:00:00 - 28/07/2024 22:00:00,""BZN|NO3"",""Without Sequence"",""24.27"","""","""""
"28/07/2024 22:00:00 - 28/07/2024 23:00:00,""BZN|NO3"",""Without Sequence"",""23.80"","""","""""
"28/07/2024 23:00:00 - 29/07/2024 00:00:00,""BZN|NO3"",""Without Sequence"",""23.79"","""","""""
"29/07/2024 00:00:00 - 29/07/2024 01:00:00,""BZN|NO3"",""Without Sequence"",""21.00"","""","""""
"29/07/2024 01:00:00 - 29/07/2024 02:00:00,""BZN|NO3"",""Without Sequence"",""20.89"","""","""""
"29/07/2024 02:00:00 - 29/07/2024 03:00:00,""BZN|NO3"",""Without Sequence"",""20.95"","""","""""
"29/07/2024 03:00:00 - 29/07/2024 04:00:00,""BZN|NO3"",""Without Sequence"",""20.94"","""","""""
"29/07/2024 04:00:00 - 29/07/2024 05:00:00,""BZN|NO3"",""Without Sequence"",""20.95"","""","""""
"29/07/2024 05:00:00 - 29/07/2024 06:00:00,""BZN|NO3"",""Without Sequence"",""20.95"","""","""""
"29/07/2024 06:00:00 - 29/07/2024 07:00:00,""BZN|NO3"",""Without Sequence"",""22.18"","""","""""
"29/07/2024 07:00:00 - 29/07/2024 08:00:00,""BZN|NO3"",""Without Sequence"",""24.59"","""","""""
"29/07/2024 08:00:00 - 29/07/2024 09:00:00,""BZN|NO3"",""Without Sequence"",""26.04"","""","""""
"29/07/2024 09:00:00 - 29/07/2024 10:00:00,""BZN|NO3"",""Without Sequence"",""26.32"","""","""""
"29/07/2024 10:00:00 - 29/07/2024 11:00:00,""BZN|NO3"",""Without Sequence"",""26.21"","""","""""
"29/07/2024 11:00:00 - 29/07/2024 12:00:00,""BZN|NO3"",""Without Sequence"",""26.13"","""","""""
"29/07/2024 12:00:00 - 29/07/2024 13:00:00,""BZN|NO3"",""Without Sequence"",""26.15"","""","""""
"29/07/2024 13:00:00 - 29/07/2024 14:00:00,""BZN|NO3"",""Without Sequence"",""26.21"","""","""""
"29/07/2024 14:00:00 - 29/07/2024 15:00:00,""BZN|NO3"",""Without Sequence"",""26.35"","""","""""
"29/07/2024 15:00:00 - 29/07/2024 16:00:00,""BZN|NO3"",""Without Sequence"",""26.27"","""","""""
"29/07/2024 16:00:00 - 29/07/2024 17:00:00,""BZN|NO3"",""Without Sequence"",""25.74"","""","""""
"29/07/2024 17:00:00 - 29/07/2024 18:00:00,""BZN|NO3"",""Without Sequence"",""26.11"","""","""""
"29/07/2024 18:00:00 - 29/07/2024 19:00:00,""BZN|NO3"",""Without Sequence"",""26.12"","""","""""
"29/07/2024 19:00:00 - 29/07/2024 20:00:00,""BZN|NO3"",""Without Sequence"",""25.69"","""","""""
"29/07/2024 20:00:00 - 29/07/2024 21:00:00,""BZN|NO3"",""Without Sequence"",""26.19"","""","""""
"29/07/2024 21:00:00 - 29/07/2024 22:00:00,""BZN|NO3"",""Without Sequence"",""25.26"","""","""""
"29/07/2024 22:00:00 - 29/07/2024 23:00:00,""BZN|NO3"",""Without Sequence"",""25.89"","""","""""
"29/07/2024 23:00:00 - 30/07/2024 00:00:00,""BZN|NO3"",""Without Sequence"",""24.30"","""","""""
"30/07/2024 00:00:00 - 30/07/2024 01:00:00,""BZN|NO3"",""Without Sequence"",""23.01"","""","""""
"30/07/2024 01:00:00 - 30/07/2024 02:00:00,""BZN|NO3"",""Without Sequence"",""21.90"","""","""""
"30/07/2024 02:00:00 - 30/07/2024 03:00:00,""BZN|NO3"",""Without Sequence"",""21.18"","""","""""
"30/07/2024 03:00:00 - 30/07/2024 04:00:00,""BZN|NO3"",""Without Sequence"",""19.88"","""","""""
"30/07/2024 04:00:00 - 30/07/2024 05:00:00,""BZN|NO3"",""Without Sequence"",""19.76"","""","""""
"30/07/2024 05:00:00 - 30/07/2024 06:00:00,""BZN|NO3"",""Without Sequence"",""19.95"","""","""""
"30/07/2024 06:00:00 - 30/07/2024 07:00:00,""BZN|NO3"",""Without Sequence"",""19.70"","""","""""
"30/07/2024 07:00:00 - 30/07/2024 08:00:00,""BZN|NO3"",""Without Sequence"",""22.93"","""","""""
"30/07/2024 08:00:00 - 30/07/2024 09:00:00,""BZN|NO3"",""Without Sequence"",""23.21"","""","""""
"30/07/2024 09:00:00 - 30/07/2024 10:00:00,""BZN|NO3"",""Without Sequence"",""23.43"","""","""""
"30/07/2024 10:00:00 - 30/07/2024 11:00:00,""BZN|NO3"",""Without Sequence"",""23.83"","""","""""
"30/07/2024 11:00:00 - 30/07/2024 12:00:00,""BZN|NO3"",""Without Sequence"",""24.49"","""","""""
"30/07/2024 12:00:00 - 30/07/2024 13:00:00,""BZN|NO3"",""Without Sequence"",""24.75"","""","""""
"30/07/2024 13:00:00 - 30/07/2024 14:00:00,""BZN|NO3"",""Without Sequence"",""24.81"","""","""""
"30/07/2024 14:00:00 - 30/07/2024 15:00:00,""BZN|NO3"",""Without Sequence"",""24.98"","""","""""
"30/07/2024 15:00:00 - 30/07/2024 16:00:00,""BZN|NO3"",""Without Sequence"",""24.93"","""","""""
"30/07/2024 16:00:00 - 30/07/2024 17:00:00,""BZN|NO3"",""Without Sequence"",""24.44"","""","""""
"30/07/2024 17:00:00 - 30/07/2024 18:00:00,""BZN|NO3"",""Without Sequence"",""23.93"","""","""""
"30/07/2024 18:00:00 - 30/07/2024 19:00:00,""BZN|NO3"",""Without Sequence"",""23.69"","""","""""
"30/07/2024 19:00:00 - 30/07/2024 20:00:00,""BZN|NO3"",""Without Sequence"",""23.13"","""","""""
"30/07/2024 20:00:00 - 30/07/2024 21:00:00,""BZN|NO3"",""Without Sequence"",""23.15"","""","""""
"30/07/2024 21:00:00 - 30/07/2024 22:00:00,""BZN|NO3"",""Without Sequence"",""23.00"","""","""""
"30/07/2024 22:00:00 - 30/07/2024 23:00:00,""BZN|NO3"",""Without Sequence"",""19.97"","""","""""
"30/07/2024 23:00:00 - 31/07/2024 00:00:00,""BZN|NO3"",""Without Sequence"",""19.37"","""","""""
"31/07/2024 00:00:00 - 31/07/2024 01:00:00,""BZN|NO3"",""Without Sequence"",""18.57"","""","""""
"31/07/2024 01:00:00 - 31/07/2024 02:00:00,""BZN|NO3"",""Without Sequence"",""15.66"","""","""""
"31/07/2024 02:00:00 - 31/07/2024 03:00:00,""BZN|NO3"",""Without Sequence"",""16.22"","""","""""
"31/07/2024 03:00:00 - 31/07/2024 04:00:00,""BZN|NO3"",""Without Sequence"",""18.71"","""","""""
"31/07/2024 04:00:00 - 31/07/2024 05:00:00,""BZN|NO3"",""Without Sequence"",""19.61"","""","""""
"31/07/2024 05:00:00 - 31/07/2024 06:00:00,""BZN|NO3"",""Without Sequence"",""20.79"","""","""""
"31/07/2024 06:00:00 - 31/07/2024 07:00:00,""BZN|NO3"",""Without Sequence"",""21.19"","""","""""
"31/07/2024 07:00:00 - 31/07/2024 08:00:00,""BZN|NO3"",""Without Sequence"",""21.61"","""","""""
"31/07/2024 08:00:00 - 31/07/2024 09:00:00,""BZN|NO3"",""Without Sequence"",""21.02"","""","""""
"31/07/2024 09:00:00 - 31/07/2024 10:00:00,""BZN|NO3"",""Without Sequence"",""21.68"","""","""""
"31/07/2024 10:00:00 - 31/07/2024 11:00:00,""BZN|NO3"",""Without Sequence"",""21.91"","""","""""
"31/07/2024 11:00:00 - 31/07/2024 12:00:00,""BZN|NO3"",""Without Sequence"",""19.82"","""","""""
"31/07/2024 12:00:00 - 31/07/2024 13:00:00,""BZN|NO3"",""Without Sequence"",""19.82"","""","""""
"31/07/2024 13:00:00 - 31/07/2024 14:00:00,""BZN|NO3"",""Without Sequence"",""18.97"","""","""""
"31/07/2024 14:00:00 - 31/07/2024 15:00:00,""BZN|NO3"",""Without Sequence"",""19.21"","""","""""
"31/07/2024 15:00:00 - 31/07/2024 16:00:00,""BZN|NO3"",""Without Sequence"",""19.13"","""","""""
"31/07/2024 16:00:00 - 31/07/2024 17:00:00,""BZN|NO3"",""Without Sequence"",""20.93"","""","""""
"31/07/2024 17:00:00 - 31/07/2024 18:00:00,""BZN|NO3"",""Without Sequence"",""21.16"","""","""""
"31/07/2024 18:00:00 - 31/07/2024 19:00:00,""BZN|NO3"",""Without Sequence"",""21.63"","""","""""
"31/07/2024 19:00:00 - 31/07/2024 20:00:00,""BZN|NO3"",""Without Sequence"",""22.07"","""","""""
"31/07/2024 20:00:00 - 31/07/2024 21:00:00,""BZN|NO3"",""Without Sequence"",""22.97"","""","""""
"31/07/2024 21:00:00 - 31/07/2024 22:00:00,""BZN|NO3"",""Without Sequence"",""22.91"","""","""""
"31/07/2024 22:00:00 - 31/07/2024 23:00:00,""BZN|NO3"",""Without Sequence"",""23.11"","""","""""
"31/07/2024 23:00:00 - 01/08/2024 00:00:00,""BZN|NO3"",""Without Sequence"",""23.36"","""","""""
"01/08/2024 00:00:00 - 01/08/2024 01:00:00,""BZN|NO3"",""Without Sequence"",""16.40"","""","""""
"01/08/2024 01:00:00 - 01/08/2024 02:00:00,""BZN|NO3"",""Without Sequence"",""16.46"","""","""""
"01/08/2024 02:00:00 - 01/08/2024 03:00:00,""BZN|NO3"",""Without Sequence"",""16.45"","""","""""
"01/08/2024 03:00:00 - 01/08/2024 04:00:00,""BZN|NO3"",""Without Sequence"",""16.28"","""","""""
"01/08/2024 04:00:00 - 01/08/2024 05:00:00,""BZN|NO3"",""Without Sequence"",""16.85"","""","""""
"01/08/2024 05:00:00 - 01/08/2024 06:00:00,""BZN|NO3"",""Without Sequence"",""17.26"","""","""""
"01/08/2024 06:00:00 - 01/08/2024 07:00:00,""BZN|NO3"",""Without Sequence"",""17.71"","""","""""
"01/08/2024 07:00:00 - 01/08/2024 08:00:00,""BZN|NO3"",""Without Sequence"",""22.47"","""","""""
"01/08/2024 08:00:00 - 01/08/2024 09:00:00,""BZN|NO3"",""Without Sequence"",""23.49"","""","""""
"01/08/2024 09:00:00 - 01/08/2024 10:00:00,""BZN|NO3"",""Without Sequence"",""25.16"","""","""""
"01/08/2024 10:00:00 - 01/08/2024 11:00:00,""BZN|NO3"",""Without Sequence"",""25.49"","""","""""
"01/08/2024 11:00:00 - 01/08/2024 12:00:00,""BZN|NO3"",""Without Sequence"",""25.20"","""","""""
"01/08/2024 12:00:00 - 01/08/2024 13:00:00,""BZN|NO3"",""Without Sequence"",""25.16"","""","""""
"01/08/2024 13:00:00 - 01/08/2024 14:00:00,""BZN|NO3"",""Without Sequence"",""24.94"","""","""""
"01/08/2024 14:00:00 - 01/08/2024 15:00:00,""BZN|NO3"",""Without Sequence"",""24.52"","""","""""
"01/08/2024 15:00:00 - 01/08/2024 16:00:00,""BZN|NO3"",""Without Sequence"",""24.24"","""","""""
"01/08/2024 16:00:00 - 01/08/2024 17:00:00,""BZN|NO3"",""Without Sequence"",""24.19"","""","""""
"01/08/2024 17:00:00 - 01/08/2024 18:00:00,""BZN|NO3"",""Without Sequence"",""24.23"","""","""""
"01/08/2024 18:00:00 - 01/08/2024 19:00:00,""BZN|NO3"",""Without Sequence"",""24.23"","""","""""
"01/08/2024 19:00:00 - 01/08/2024 20:00:00,""BZN|NO3"",""Without Sequence"",""24.20"","""","""""
"01/08/2024 20:00:00 - 01/08/2024 21:00:00,""BZN|NO3"",""Without Sequence"",""24.19"","""","""""
"01/08/2024 21:00:00 - 01/08/2024 22:00:00,""BZN|NO3"",""Without Sequence"",""23.94"","""","""""
"01/08/2024 22:00:00 - 01/08/2024 23:00:00,""BZN|NO3"",""Without Sequence"",""24.50"","""","""""
"01/08/2024 23:00:00 - 02/08/2024 00:00:00,""BZN|NO3"",""Without Sequence"",""24.42"","""","""""
"02/08/2024 00:00:00 - 02/08/2024 01:00:00,""BZN|NO3"",""Without Sequence"",""23.70"","""","""""
"02/08/2024 01:00:00 - 02/08/2024 02:00:00,""BZN|NO3"",""Without Sequence"",""23.21"","""","""""
"02/08/2024 02:00:00 - 02/08/2024 03:00:00,""BZN|NO3"",""Without Sequence"",""22.98"","""","""""
"02/08/2024 03:00:00 - 02/08/2024 04:00:00,""BZN|NO3"",""Without Sequence"",""22.85"","""","""""
"02/08/2024 04:00:00 - 02/08/2024 05:00:00,""BZN|NO3"",""Without Sequence"",""22.74"","""","""""
"02/08/2024 05:00:00 - 02/08/2024 06:00:00,""BZN|NO3"",""Without Sequence"",""22.75"","""","""""
"02/08/2024 06:00:00 - 02/08/2024 07:00:00,""BZN|NO3"",""Without Sequence"",""22.79"","""","""""
"02/08/2024 07:00:00 - 02/08/2024 08:00:00,""BZN|NO3"",""Without Sequence"",""22.39"","""","""""
"02/08/2024 08:00:00 - 02/08/2024 09:00:00,""BZN|NO3"",""Without Sequence"",""24.28"","""","""""
"02/08/2024 09:00:00 - 02/08/2024 10:00:00,""BZN|NO3"",""Without Sequence"",""24.64"","""","""""
"02/08/2024 10:00:00 - 02/08/2024 11:00:00,""BZN|NO3"",""Without Sequence"",""25.25"","""","""""
"02/08/2024 11:00:00 - 02/08/2024 12:00:00,""BZN|NO3"",""Without Sequence"",""24.98"","""","""""
"02/08/2024 12:00:00 - 02/08/2024 13:00:00,""BZN|NO3"",""Without Sequence"",""24.57"","""","""""
"02/08/2024 13:00:00 - 02/08/2024 14:00:00,""BZN|NO3"",""Without Sequence"",""24.66"","""","""""
"02/08/2024 14:00:00 - 02/08/2024 15:00:00,""BZN|NO3"",""Without Sequence"",""24.22"","""","""""
"02/08/2024 15:00:00 - 02/08/2024 16:00:00,""BZN|NO3"",""Without Sequence"",""24.39"","""","""""
"02/08/2024 16:00:00 - 02/08/2024 17:00:00,""BZN|NO3"",""Without Sequence"",""24.23"","""","""""
"02/08/2024 17:00:00 - 02/08/2024 18:00:00,""BZN|NO3"",""Without Sequence"",""23.37"","""","""""
"02/08/2024 18:00:00 - 02/08/2024 19:00:00,""BZN|NO3"",""Without Sequence"",""23.61"","""","""""
"02/08/2024 19:00:00 - 02/08/2024 20:00:00,""BZN|NO3"",""Without Sequence"",""24.06"","""","""""
"02/08/2024 20:00:00 - 02/08/2024 21:00:00,""BZN|NO3"",""Without Sequence"",""23.94"","""","""""
"02/08/2024 21:00:00 - 02/08/2024 22:00:00,""BZN|NO3"",""Without Sequence"",""23.86"","""","""""
"02/08/2024 22:00:00 - 02/08/2024 23:00:00,""BZN|NO3"",""Without Sequence"",""23.76"","""","""""
"02/08/2024 23:00:00 - 03/08/2024 00:00:00,""BZN|NO3"",""Without Sequence"",""23.36"","""","""""
"03/08/2024 00:00:00 - 03/08/2024 01:00:00,""BZN|NO3"",""Without Sequence"",""22.11"","""","""""
"03/08/2024 01:00:00 - 03/08/2024 02:00:00,""BZN|NO3"",""Without Sequence"",""21.63"","""","""""
"03/08/2024 02:00:00 - 03/08/2024 03:00:00,""BZN|NO3"",""Without Sequence"",""21.34"","""","""""
"03/08/2024 03:00:00 - 03/08/2024 04:00:00,""BZN|NO3"",""Without Sequence"",""20.64"","""","""""
"03/08/2024 04:00:00 - 03/08/2024 05:00:00,""BZN|NO3"",""Without Sequence"",""20.33"","""","""""
"03/08/2024 05:00:00 - 03/08/2024 06:00:00,""BZN|NO3"",""Without Sequence"",""20.23"","""","""""
"03/08/2024 06:00:00 - 03/08/2024 07:00:00,""BZN|NO3"",""Without Sequence"",""20.48"","""","""""
"03/08/2024 07:00:00 - 03/08/2024 08:00:00,""BZN|NO3"",""Without Sequence"",""21.01"","""","""""
"03/08/2024 08:00:00 - 03/08/2024 09:00:00,""BZN|NO3"",""Without Sequence"",""22.25"","""","""""
"03/08/2024 09:00:00 - 03/08/2024 10:00:00,""BZN|NO3"",""Without Sequence"",""22.26"","""","""""
"03/08/2024 10:00:00 - 03/08/2024 11:00:00,""BZN|NO3"",""Without Sequence"",""23.03"","""","""""
"03/08/2024 11:00:00 - 03/08/2024 12:00:00,""BZN|NO3"",""Without Sequence"",""21.75"","""","""""
"03/08/2024 12:00:00 - 03/08/2024 13:00:00,""BZN|NO3"",""Without Sequence"",""21.17"","""","""""
"03/08/2024 13:00:00 - 03/08/2024 14:00:00,""BZN|NO3"",""Without Sequence"",""20.98"","""","""""
"03/08/2024 14:00:00 - 03/08/2024 15:00:00,""BZN|NO3"",""Without Sequence"",""21.22"","""","""""
"03/08/2024 15:00:00 - 03/08/2024 16:00:00,""BZN|NO3"",""Without Sequence"",""20.98"","""","""""
"03/08/2024 16:00:00 - 03/08/2024 17:00:00,""BZN|NO3"",""Without Sequence"",""23.03"","""","""""
"03/08/2024 17:00:00 - 03/08/2024 18:00:00,""BZN|NO3"",""Without Sequence"",""23.75"","""","""""
"03/08/2024 18:00:00 - 03/08/2024 19:00:00,""BZN|NO3"",""Without Sequence"",""23.22"","""","""""
"03/08/2024 19:00:00 - 03/08/2024 20:00:00,""BZN|NO3"",""Without Sequence"",""23.03"","""","""""
"03/08/2024 20:00:00 - 03/08/2024 21:00:00,""BZN|NO3"",""Without Sequence"",""22.90"","""","""""
"03/08/2024 21:00:00 - 03/08/2024 22:00:00,""BZN|NO3"",""Without Sequence"",""22.23"","""","""""
"03/08/2024 22:00:00 - 03/08/2024 23:00:00,""BZN|NO3"",""Without Sequence"",""21.01"","""","""""
"03/08/2024 23:00:00 - 04/08/2024 00:00:00,""BZN|NO3"",""Without Sequence"",""20.79"","""","""""
"04/08/2024 00:00:00 - 04/08/2024 01:00:00,""BZN|NO3"",""Without Sequence"",""19.41"","""","""""
"04/08/2024 01:00:00 - 04/08/2024 02:00:00,""BZN|NO3"",""Without Sequence"",""18.65"","""","""""
"04/08/2024 02:00:00 - 04/08/2024 03:00:00,""BZN|NO3"",""Without Sequence"",""18.43"","""","""""
"04/08/2024 03:00:00 - 04/08/2024 04:00:00,""BZN|NO3"",""Without Sequence"",""18.03"","""","""""
"04/08/2024 04:00:00 - 04/08/2024 05:00:00,""BZN|NO3"",""Without Sequence"",""17.29"","""","""""
"04/08/2024 05:00:00 - 04/08/2024 06:00:00,""BZN|NO3"",""Without Sequence"",""17.01"","""","""""
"04/08/2024 06:00:00 - 04/08/2024 07:00:00,""BZN|NO3"",""Without Sequence"",""19.57"","""","""""
"04/08/2024 07:00:00 - 04/08/2024 08:00:00,""BZN|NO3"",""Without Sequence"",""20.78"","""","""""
"04/08/2024 08:00:00 - 04/08/2024 09:00:00,""BZN|NO3"",""Without Sequence"",""22.25"","""","""""
"04/08/2024 09:00:00 - 04/08/2024 10:00:00,""BZN|NO3"",""Without Sequence"",""20.93"","""","""""
"04/08/2024 10:00:00 - 04/08/2024 11:00:00,""BZN|NO3"",""Without Sequence"",""18.76"","""","""""
"04/08/2024 11:00:00 - 04/08/2024 12:00:00,""BZN|NO3"",""Without Sequence"",""20.05"","""","""""
"04/08/2024 12:00:00 - 04/08/2024 13:00:00,""BZN|NO3"",""Without Sequence"",""21.01"","""","""""
"04/08/2024 13:00:00 - 04/08/2024 14:00:00,""BZN|NO3"",""Without Sequence"",""22.06"","""","""""
"04/08/2024 14:00:00 - 04/08/2024 15:00:00,""BZN|NO3"",""Without Sequence"",""22.83"","""","""""
"04/08/2024 15:00:00 - 04/08/2024 16:00:00,""BZN|NO3"",""Without Sequence"",""22.90"","""","""""
"04/08/2024 16:00:00 - 04/08/2024 17:00:00,""BZN|NO3"",""Without Sequence"",""21.97"","""","""""
"04/08/2024 17:00:00 - 04/08/2024 18:00:00,""BZN|NO3"",""Without Sequence"",""22.53"","""","""""
"04/08/2024 18:00:00 - 04/08/2024 19:00:00,""BZN|NO3"",""Without Sequence"",""25.88"","""","""""
"04/08/2024 19:00:00 - 04/08/2024 20:00:00,""BZN|NO3"",""Without Sequence"",""25.76"","""","""""
"04/08/2024 20:00:00 - 04/08/2024 21:00:00,""BZN|NO3"",""Without Sequence"",""25.12"","""","""""
"04/08/2024 21:00:00 - 04/08/2024 22:00:00,""BZN|NO3"",""Without Sequence"",""24.91"","""","""""
"04/08/2024 22:00:00 - 04/08/2024 23:00:00,""BZN|NO3"",""Without Sequence"",""24.02"","""","""""
"04/08/2024 23:00:00 - 05/08/2024 00:00:00,""BZN|NO3"",""Without Sequence"",""22.58"","""","""""
"05/08/2024 00:00:00 - 05/08/2024 01:00:00,""BZN|NO3"",""Without Sequence"",""23.19"","""","""""
"05/08/2024 01:00:00 - 05/08/2024 02:00:00,""BZN|NO3"",""Without Sequence"",""21.94"","""","""""
"05/08/2024 02:00:00 - 05/08/2024 03:00:00,""BZN|NO3"",""Without Sequence"",""20.79"","""","""""
"05/08/2024 03:00:00 - 05/08/2024 04:00:00,""BZN|NO3"",""Without Sequence"",""20.97"","""","""""
"05/08/2024 04:00:00 - 05/08/2024 05:00:00,""BZN|NO3"",""Without Sequence"",""21.44"","""","""""
"05/08/2024 05:00:00 - 05/08/2024 06:00:00,""BZN|NO3"",""Without Sequence"",""23.58"","""","""""
"05/08/2024 06:00:00 - 05/08/2024 07:00:00,""BZN|NO3"",""Without Sequence"",""24.08"","""","""""
"05/08/2024 07:00:00 - 05/08/2024 08:00:00,""BZN|NO3"",""Without Sequence"",""25.96"","""","""""
"05/08/2024 08:00:00 - 05/08/2024 09:00:00,""BZN|NO3"",""Without Sequence"",""27.32"","""","""""
"05/08/2024 09:00:00 - 05/08/2024 10:00:00,""BZN|NO3"",""Without Sequence"",""27.62"","""","""""
"05/08/2024 10:00:00 - 05/08/2024 11:00:00,""BZN|NO3"",""Without Sequence"",""27.92"","""","""""
"05/08/2024 11:00:00 - 05/08/2024 12:00:00,""BZN|NO3"",""Without Sequence"",""27.67"","""","""""
"05/08/2024 12:00:00 - 05/08/2024 13:00:00,""BZN|NO3"",""Without Sequence"",""27.60"","""","""""
"05/08/2024 13:00:00 - 05/08/2024 14:00:00,""BZN|NO3"",""Without Sequence"",""27.01"","""","""""
"05/08/2024 14:00:00 - 05/08/2024 15:00:00,""BZN|NO3"",""Without Sequence"",""26.51"","""","""""
"05/08/2024 15:00:00 - 05/08/2024 16:00:00,""BZN|NO3"",""Without Sequence"",""25.88"","""","""""
"05/08/2024 16:00:00 - 05/08/2024 17:00:00,""BZN|NO3"",""Without Sequence"",""26.00"","""","""""
"05/08/2024 17:00:00 - 05/08/2024 18:00:00,""BZN|NO3"",""Without Sequence"",""26.00"","""","""""
"05/08/2024 18:00:00 - 05/08/2024 19:00:00,""BZN|NO3"",""Without Sequence"",""26.65"","""","""""
"05/08/2024 19:00:00 - 05/08/2024 20:00:00,""BZN|NO3"",""Without Sequence"",""26.00"","""","""""
"05/08/2024 20:00:00 - 05/08/2024 21:00:00,""BZN|NO3"",""Without Sequence"",""25.75"","""","""""
"05/08/2024 21:00:00 - 05/08/2024 22:00:00,""BZN|NO3"",""Without Sequence"",""25.20"","""","""""
"05/08/2024 22:00:00 - 05/08/2024 23:00:00,""BZN|NO3"",""Without Sequence"",""24.54"","""","""""
"05/08/2024 23:00:00 - 06/08/2024 00:00:00,""BZN|NO3"",""Without Sequence"",""22.32"","""","""""
"06/08/2024 00:00:00 - 06/08/2024 01:00:00,""BZN|NO3"",""Without Sequence"",""19.25"","""","""""
"06/08/2024 01:00:00 - 06/08/2024 02:00:00,""BZN|NO3"",""Without Sequence"",""17.99"","""","""""
"06/08/2024 02:00:00 - 06/08/2024 03:00:00,""BZN|NO3"",""Without Sequence"",""17.74"","""","""""
"06/08/2024 03:00:00 - 06/08/2024 04:00:00,""BZN|NO3"",""Without Sequence"",""17.59"","""","""""
"06/08/2024 04:00:00 - 06/08/2024 05:00:00,""BZN|NO3"",""Without Sequence"",""17.81"","""","""""
"06/08/2024 05:00:00 - 06/08/2024 06:00:00,""BZN|NO3"",""Without Sequence"",""19.72"","""","""""
"06/08/2024 06:00:00 - 06/08/2024 07:00:00,""BZN|NO3"",""Without Sequence"",""22.87"","""","""""
"06/08/2024 07:00:00 - 06/08/2024 08:00:00,""BZN|NO3"",""Without Sequence"",""25.39"","""","""""
"06/08/2024 08:00:00 - 06/08/2024 09:00:00,""BZN|NO3"",""Without Sequence"",""26.25"","""","""""
"06/08/2024 09:00:00 - 06/08/2024 10:00:00,""BZN|NO3"",""Without Sequence"",""27.53"","""","""""
"06/08/2024 10:00:00 - 06/08/2024 11:00:00,""BZN|NO3"",""Without Sequence"",""28.17"","""","""""
"06/08/2024 11:00:00 - 06/08/2024 12:00:00,""BZN|NO3"",""Without Sequence"",""22.75"","""","""""
"06/08/2024 12:00:00 - 06/08/2024 13:00:00,""BZN|NO3"",""Without Sequence"",""20.30"","""","""""
"06/08/2024 13:00:00 - 06/08/2024 14:00:00,""BZN|NO3"",""Without Sequence"",""20.56"","""","""""
"06/08/2024 14:00:00 - 06/08/2024 15:00:00,""BZN|NO3"",""Without Sequence"",""21.06"","""","""""
"06/08/2024 15:00:00 - 06/08/2024 16:00:00,""BZN|NO3"",""Without Sequence"",""23.23"","""","""""
"06/08/2024 16:00:00 - 06/08/2024 17:00:00,""BZN|NO3"",""Without Sequence"",""27.51"","""","""""
"06/08/2024 17:00:00 - 06/08/2024 18:00:00,""BZN|NO3"",""Without Sequence"",""28.04"","""","""""
"06/08/2024 18:00:00 - 06/08/2024 19:00:00,""BZN|NO3"",""Without Sequence"",""27.67"","""","""""
"06/08/2024 19:00:00 - 06/08/2024 20:00:00,""BZN|NO3"",""Without Sequence"",""26.00"","""","""""
"06/08/2024 20:00:00 - 06/08/2024 21:00:00,""BZN|NO3"",""Without Sequence"",""25.48"","""","""""
"06/08/2024 21:00:00 - 06/08/2024 22:00:00,""BZN|NO3"",""Without Sequence"",""24.65"","""","""""
"06/08/2024 22:00:00 - 06/08/2024 23:00:00,""BZN|NO3"",""Without Sequence"",""21.58"","""","""""
"06/08/2024 23:00:00 - 07/08/2024 00:00:00,""BZN|NO3"",""Without Sequence"",""17.46"","""","""""
"07/08/2024 00:00:00 - 07/08/2024 01:00:00,""BZN|NO3"",""Without Sequence"",""14.04"","""","""""
"07/08/2024 01:00:00 - 07/08/2024 02:00:00,""BZN|NO3"",""Without Sequence"",""12.40"","""","""""
"07/08/2024 02:00:00 - 07/08/2024 03:00:00,""BZN|NO3"",""Without Sequence"",""11.94"","""","""""
"07/08/2024 03:00:00 - 07/08/2024 04:00:00,""BZN|NO3"",""Without Sequence"",""11.88"","""","""""
"07/08/2024 04:00:00 - 07/08/2024 05:00:00,""BZN|NO3"",""Without Sequence"",""12.43"","""","""""
"07/08/2024 05:00:00 - 07/08/2024 06:00:00,""BZN|NO3"",""Without Sequence"",""14.88"","""","""""
"07/08/2024 06:00:00 - 07/08/2024 07:00:00,""BZN|NO3"",""Without Sequence"",""17.03"","""","""""
"07/08/2024 07:00:00 - 07/08/2024 08:00:00,""BZN|NO3"",""Without Sequence"",""20.58"","""","""""
"07/08/2024 08:00:00 - 07/08/2024 09:00:00,""BZN|NO3"",""Without Sequence"",""22.96"","""","""""
"07/08/2024 09:00:00 - 07/08/2024 10:00:00,""BZN|NO3"",""Without Sequence"",""23.20"","""","""""
"07/08/2024 10:00:00 - 07/08/2024 11:00:00,""BZN|NO3"",""Without Sequence"",""22.21"","""","""""
"07/08/2024 11:00:00 - 07/08/2024 12:00:00,""BZN|NO3"",""Without Sequence"",""22.38"","""","""""
"07/08/2024 12:00:00 - 07/08/2024 13:00:00,""BZN|NO3"",""Without Sequence"",""21.57"","""","""""
"07/08/2024 13:00:00 - 07/08/2024 14:00:00,""BZN|NO3"",""Without Sequence"",""20.37"","""","""""
"07/08/2024 14:00:00 - 07/08/2024 15:00:00,""BZN|NO3"",""Without Sequence"",""19.61"","""","""""
"07/08/2024 15:00:00 - 07/08/2024 16:00:00,""BZN|NO3"",""Without Sequence"",""18.10"","""","""""
"07/08/2024 16:00:00 - 07/08/2024 17:00:00,""BZN|NO3"",""Without Sequence"",""18.10"","""","""""
"07/08/2024 17:00:00 - 07/08/2024 18:00:00,""BZN|NO3"",""Without Sequence"",""17.39"","""","""""
"07/08/2024 18:00:00 - 07/08/2024 19:00:00,""BZN|NO3"",""Without Sequence"",""19.90"","""","""""
"07/08/2024 19:00:00 - 07/08/2024 20:00:00,""BZN|NO3"",""Without Sequence"",""17.88"","""","""""
"07/08/2024 20:00:00 - 07/08/2024 21:00:00,""BZN|NO3"",""Without Sequence"",""14.72"","""","""""
"07/08/2024 21:00:00 - 07/08/2024 22:00:00,""BZN|NO3"",""Without Sequence"",""12.14"","""","""""
"07/08/2024 22:00:00 - 07/08/2024 23:00:00,""BZN|NO3"",""Without Sequence"",""8.89"","""","""""
"07/08/2024 23:00:00 - 08/08/2024 00:00:00,""BZN|NO3"",""Without Sequence"",""4.93"","""","""""
"08/08/2024 00:00:00 - 08/08/2024 01:00:00,""BZN|NO3"",""Without Sequence"",""2.90"","""","""""
"08/08/2024 01:00:00 - 08/08/2024 02:00:00,""BZN|NO3"",""Without Sequence"",""2.59"","""","""""
"08/08/2024 02:00:00 - 08/08/2024 03:00:00,""BZN|NO3"",""Without Sequence"",""2.58"","""","""""
"08/08/2024 03:00:00 - 08/08/2024 04:00:00,""BZN|NO3"",""Without Sequence"",""2.61"","""","""""
"08/08/2024 04:00:00 - 08/08/2024 05:00:00,""BZN|NO3"",""Without Sequence"",""2.97"","""","""""
"08/08/2024 05:00:00 - 08/08/2024 06:00:00,""BZN|NO3"",""Without Sequence"",""4.87"","""","""""
"08/08/2024 06:00:00 - 08/08/2024 07:00:00,""BZN|NO3"",""Without Sequence"",""8.60"","""","""""
"08/08/2024 07:00:00 - 08/08/2024 08:00:00,""BZN|NO3"",""Without Sequence"",""14.72"","""","""""
"08/08/2024 08:00:00 - 08/08/2024 09:00:00,""BZN|NO3"",""Without Sequence"",""16.42"","""","""""
"08/08/2024 09:00:00 - 08/08/2024 10:00:00,""BZN|NO3"",""Without Sequence"",""16.24"","""","""""
"08/08/2024 10:00:00 - 08/08/2024 11:00:00,""BZN|NO3"",""Without Sequence"",""16.59"","""","""""
"08/08/2024 11:00:00 - 08/08/2024 12:00:00,""BZN|NO3"",""Without Sequence"",""17.72"","""","""""
"08/08/2024 12:00:00 - 08/08/2024 13:00:00,""BZN|NO3"",""Without Sequence"",""17.94"","""","""""
"08/08/2024 13:00:00 - 08/08/2024 14:00:00,""BZN|NO3"",""Without Sequence"",""17.96"","""","""""
"08/08/2024 14:00:00 - 08/08/2024 15:00:00,""BZN|NO3"",""Without Sequence"",""18.09"","""","""""
"08/08/2024 15:00:00 - 08/08/2024 16:00:00,""BZN|NO3"",""Without Sequence"",""18.09"","""","""""
"08/08/2024 16:00:00 - 08/08/2024 17:00:00,""BZN|NO3"",""Without Sequence"",""18.11"","""","""""
"08/08/2024 17:00:00 - 08/08/2024 18:00:00,""BZN|NO3"",""Without Sequence"",""18.11"","""","""""
"08/08/2024 18:00:00 - 08/08/2024 19:00:00,""BZN|NO3"",""Without Sequence"",""18.25"","""","""""
"08/08/2024 19:00:00 - 08/08/2024 20:00:00,""BZN|NO3"",""Without Sequence"",""18.35"","""","""""
"08/08/2024 20:00:00 - 08/08/2024 21:00:00,""BZN|NO3"",""Without Sequence"",""18.32"","""","""""
"08/08/2024 21:00:00 - 08/08/2024 22:00:00,""BZN|NO3"",""Without Sequence"",""18.10"","""","""""
"08/08/2024 22:00:00 - 08/08/2024 23:00:00,""BZN|NO3"",""Without Sequence"",""18.09"","""","""""
"08/08/2024 23:00:00 - 09/08/2024 00:00:00,""BZN|NO3"",""Without Sequence"",""17.70"","""","""""
"09/08/2024 00:00:00 - 09/08/2024 01:00:00,""BZN|NO3"",""Without Sequence"",""16.37"","""","""""
"09/08/2024 01:00:00 - 09/08/2024 02:00:00,""BZN|NO3"",""Without Sequence"",""15.01"","""","""""
"09/08/2024 02:00:00 - 09/08/2024 03:00:00,""BZN|NO3"",""Without Sequence"",""12.97"","""","""""
"09/08/2024 03:00:00 - 09/08/2024 04:00:00,""BZN|NO3"",""Without Sequence"",""8.42"","""","""""
"09/08/2024 04:00:00 - 09/08/2024 05:00:00,""BZN|NO3"",""Without Sequence"",""10.99"","""","""""
"09/08/2024 05:00:00 - 09/08/2024 06:00:00,""BZN|NO3"",""Without Sequence"",""9.86"","""","""""
"09/08/2024 06:00:00 - 09/08/2024 07:00:00,""BZN|NO3"",""Without Sequence"",""12.65"","""","""""
"09/08/2024 07:00:00 - 09/08/2024 08:00:00,""BZN|NO3"",""Without Sequence"",""16.33"","""","""""
"09/08/2024 08:00:00 - 09/08/2024 09:00:00,""BZN|NO3"",""Without Sequence"",""17.34"","""","""""
"09/08/2024 09:00:00 - 09/08/2024 10:00:00,""BZN|NO3"",""Without Sequence"",""17.26"","""","""""
"09/08/2024 10:00:00 - 09/08/2024 11:00:00,""BZN|NO3"",""Without Sequence"",""16.31"","""","""""
"09/08/2024 11:00:00 - 09/08/2024 12:00:00,""BZN|NO3"",""Without Sequence"",""16.30"","""","""""
"09/08/2024 12:00:00 - 09/08/2024 13:00:00,""BZN|NO3"",""Without Sequence"",""16.49"","""","""""
"09/08/2024 13:00:00 - 09/08/2024 14:00:00,""BZN|NO3"",""Without Sequence"",""16.48"","""","""""
"09/08/2024 14:00:00 - 09/08/2024 15:00:00,""BZN|NO3"",""Without Sequence"",""14.31"","""","""""
"09/08/2024 15:00:00 - 09/08/2024 16:00:00,""BZN|NO3"",""Without Sequence"",""12.57"","""","""""
"09/08/2024 16:00:00 - 09/08/2024 17:00:00,""BZN|NO3"",""Without Sequence"",""11.48"","""","""""
"09/08/2024 17:00:00 - 09/08/2024 18:00:00,""BZN|NO3"",""Without Sequence"",""11.38"","""","""""
"09/08/2024 18:00:00 - 09/08/2024 19:00:00,""BZN|NO3"",""Without Sequence"",""12.61"","""","""""
"09/08/2024 19:00:00 - 09/08/2024 20:00:00,""BZN|NO3"",""Without Sequence"",""13.36"","""","""""
"09/08/2024 20:00:00 - 09/08/2024 21:00:00,""BZN|NO3"",""Without Sequence"",""11.44"","""","""""
"09/08/2024 21:00:00 - 09/08/2024 22:00:00,""BZN|NO3"",""Without Sequence"",""11.73"","""","""""
"09/08/2024 22:00:00 - 09/08/2024 23:00:00,""BZN|NO3"",""Without Sequence"",""3.21"","""","""""
"09/08/2024 23:00:00 - 10/08/2024 00:00:00,""BZN|NO3"",""Without Sequence"",""0.50"","""","""""
"10/08/2024 00:00:00 - 10/08/2024 01:00:00,""BZN|NO3"",""Without Sequence"",""-0.08"","""","""""
"10/08/2024 01:00:00 - 10/08/2024 02:00:00,""BZN|NO3"",""Without Sequence"",""-0.10"","""","""""
"10/08/2024 02:00:00 - 10/08/2024 03:00:00,""BZN|NO3"",""Without Sequence"",""-0.87"","""","""""
"10/08/2024 03:00:00 - 10/08/2024 04:00:00,""BZN|NO3"",""Without Sequence"",""-0.90"","""","""""
"10/08/2024 04:00:00 - 10/08/2024 05:00:00,""BZN|NO3"",""Without Sequence"",""-1.00"","""","""""
"10/08/2024 05:00:00 - 10/08/2024 06:00:00,""BZN|NO3"",""Without Sequence"",""-1.00"","""","""""
"10/08/2024 06:00:00 - 10/08/2024 07:00:00,""BZN|NO3"",""Without Sequence"",""-0.10"","""","""""
"10/08/2024 07:00:00 - 10/08/2024 08:00:00,""BZN|NO3"",""Without Sequence"",""-0.07"","""","""""
"10/08/2024 08:00:00 - 10/08/2024 09:00:00,""BZN|NO3"",""Without Sequence"",""-0.04"","""","""""
"10/08/2024 09:00:00 - 10/08/2024 10:00:00,""BZN|NO3"",""Without Sequence"",""-0.02"","""","""""
"10/08/2024 10:00:00 - 10/08/2024 11:00:00,""BZN|NO3"",""Without Sequence"",""-0.03"","""","""""
"10/08/2024 11:00:00 - 10/08/2024 12:00:00,""BZN|NO3"",""Without Sequence"",""-0.04"","""","""""
"10/08/2024 12:00:00 - 10/08/2024 13:00:00,""BZN|NO3"",""Without Sequence"",""-0.06"","""","""""
"10/08/2024 13:00:00 - 10/08/2024 14:00:00,""BZN|NO3"",""Without Sequence"",""-0.07"","""","""""
"10/08/2024 14:00:00 - 10/08/2024 15:00:00,""BZN|NO3"",""Without Sequence"",""-0.08"","""","""""
"10/08/2024 15:00:00 - 10/08/2024 16:00:00,""BZN|NO3"",""Without Sequence"",""-0.05"","""","""""
"10/08/2024 16:00:00 - 10/08/2024 17:00:00,""BZN|NO3"",""Without Sequence"",""-0.04"","""","""""
"10/08/2024 17:00:00 - 10/08/2024 18:00:00,""BZN|NO3"",""Without Sequence"",""0.00"","""","""""
"10/08/2024 18:00:00 - 10/08/2024 19:00:00,""BZN|NO3"",""Without Sequence"",""2.51"","""","""""
"10/08/2024 19:00:00 - 10/08/2024 20:00:00,""BZN|NO3"",""Without Sequence"",""2.90"","""","""""
"10/08/2024 20:00:00 - 10/08/2024 21:00:00,""BZN|NO3"",""Without Sequence"",""2.90"","""","""""
"10/08/2024 21:00:00 - 10/08/2024 22:00:00,""BZN|NO3"",""Without Sequence"",""2.94"","""","""""
"10/08/2024 22:00:00 - 10/08/2024 23:00:00,""BZN|NO3"",""Without Sequence"",""2.19"","""","""""
"10/08/2024 23:00:00 - 11/08/2024 00:00:00,""BZN|NO3"",""Without Sequence"",""0.43"","""","""""
"11/08/2024 00:00:00 - 11/08/2024 01:00:00,""BZN|NO3"",""Without Sequence"",""0.00"","""","""""
"11/08/2024 01:00:00 - 11/08/2024 02:00:00,""BZN|NO3"",""Without Sequence"",""-0.01"","""","""""
"11/08/2024 02:00:00 - 11/08/2024 03:00:00,""BZN|NO3"",""Without Sequence"",""-0.01"","""","""""
"11/08/2024 03:00:00 - 11/08/2024 04:00:00,""BZN|NO3"",""Without Sequence"",""-0.01"","""","""""
"11/08/2024 04:00:00 - 11/08/2024 05:00:00,""BZN|NO3"",""Without Sequence"",""-0.01"","""","""""
"11/08/2024 05:00:00 - 11/08/2024 06:00:00,""BZN|NO3"",""Without Sequence"",""-0.01"","""","""""
"11/08/2024 06:00:00 - 11/08/2024 07:00:00,""BZN|NO3"",""Without Sequence"",""-0.01"","""","""""
"11/08/2024 07:00:00 - 11/08/2024 08:00:00,""BZN|NO3"",""Without Sequence"",""0.47"","""","""""
"11/08/2024 08:00:00 - 11/08/2024 09:00:00,""BZN|NO3"",""Without Sequence"",""0.89"","""","""""
"11/08/2024 09:00:00 - 11/08/2024 10:00:00,""BZN|NO3"",""Without Sequence"",""0.00"","""","""""
"11/08/2024 10:00:00 - 11/08/2024 11:00:00,""BZN|NO3"",""Without Sequence"",""-0.01"","""","""""
"11/08/2024 11:00:00 - 11/08/2024 12:00:00,""BZN|NO3"",""Without Sequence"",""-0.01"","""","""""
"11/08/2024 12:00:00 - 11/08/2024 13:00:00,""BZN|NO3"",""Without Sequence"",""-0.01"","""","""""
"11/08/2024 13:00:00 - 11/08/2024 14:00:00,""BZN|NO3"",""Without Sequence"",""-0.01"","""","""""
"11/08/2024 14:00:00 - 11/08/2024 15:00:00,""BZN|NO3"",""Without Sequence"",""-0.01"","""","""""
"11/08/2024 15:00:00 - 11/08/2024 16:00:00,""BZN|NO3"",""Without Sequence"",""-0.01"","""","""""
"11/08/2024 16:00:00 - 11/08/2024 17:00:00,""BZN|NO3"",""Without Sequence"",""0.00"","""","""""
"11/08/2024 17:00:00 - 11/08/2024 18:00:00,""BZN|NO3"",""Without Sequence"",""0.02"","""","""""
"11/08/2024 18:00:00 - 11/08/2024 19:00:00,""BZN|NO3"",""Without Sequence"",""2.76"","""","""""
"11/08/2024 19:00:00 - 11/08/2024 20:00:00,""BZN|NO3"",""Without Sequence"",""3.00"","""","""""
"11/08/2024 20:00:00 - 11/08/2024 21:00:00,""BZN|NO3"",""Without Sequence"",""2.90"","""","""""
"11/08/2024 21:00:00 - 11/08/2024 22:00:00,""BZN|NO3"",""Without Sequence"",""2.91"","""","""""
"11/08/2024 22:00:00 - 11/08/2024 23:00:00,""BZN|NO3"",""Without Sequence"",""2.42"","""","""""
"11/08/2024 23:00:00 - 12/08/2024 00:00:00,""BZN|NO3"",""Without Sequence"",""0.69"","""","""""
"12/08/2024 00:00:00 - 12/08/2024 01:00:00,""BZN|NO3"",""Without Sequence"",""0.49"","""","""""
"12/08/2024 01:00:00 - 12/08/2024 02:00:00,""BZN|NO3"",""Without Sequence"",""0.41"","""","""""
"12/08/2024 02:00:00 - 12/08/2024 03:00:00,""BZN|NO3"",""Without Sequence"",""0.36"","""","""""
"12/08/2024 03:00:00 - 12/08/2024 04:00:00,""BZN|NO3"",""Without Sequence"",""0.64"","""","""""
"12/08/2024 04:00:00 - 12/08/2024 05:00:00,""BZN|NO3"",""Without Sequence"",""2.06"","""","""""
"12/08/2024 05:00:00 - 12/08/2024 06:00:00,""BZN|NO3"",""Without Sequence"",""3.04"","""","""""
"12/08/2024 06:00:00 - 12/08/2024 07:00:00,""BZN|NO3"",""Without Sequence"",""6.78"","""","""""
"12/08/2024 07:00:00 - 12/08/2024 08:00:00,""BZN|NO3"",""Without Sequence"",""9.45"","""","""""
"12/08/2024 08:00:00 - 12/08/2024 09:00:00,""BZN|NO3"",""Without Sequence"",""10.65"","""","""""
"12/08/2024 09:00:00 - 12/08/2024 10:00:00,""BZN|NO3"",""Without Sequence"",""11.67"","""","""""
"12/08/2024 10:00:00 - 12/08/2024 11:00:00,""BZN|NO3"",""Without Sequence"",""12.96"","""","""""
"12/08/2024 11:00:00 - 12/08/2024 12:00:00,""BZN|NO3"",""Without Sequence"",""15.31"","""","""""
"12/08/2024 12:00:00 - 12/08/2024 13:00:00,""BZN|NO3"",""Without Sequence"",""16.40"","""","""""
"12/08/2024 13:00:00 - 12/08/2024 14:00:00,""BZN|NO3"",""Without Sequence"",""17.42"","""","""""
"12/08/2024 14:00:00 - 12/08/2024 15:00:00,""BZN|NO3"",""Without Sequence"",""17.82"","""","""""
"12/08/2024 15:00:00 - 12/08/2024 16:00:00,""BZN|NO3"",""Without Sequence"",""18.53"","""","""""
"12/08/2024 16:00:00 - 12/08/2024 17:00:00,""BZN|NO3"",""Without Sequence"",""18.85"","""","""""
"12/08/2024 17:00:00 - 12/08/2024 18:00:00,""BZN|NO3"",""Without Sequence"",""20.07"","""","""""
"12/08/2024 18:00:00 - 12/08/2024 19:00:00,""BZN|NO3"",""Without Sequence"",""22.22"","""","""""
"12/08/2024 19:00:00 - 12/08/2024 20:00:00,""BZN|NO3"",""Without Sequence"",""22.94"","""","""""
"12/08/2024 20:00:00 - 12/08/2024 21:00:00,""BZN|NO3"",""Without Sequence"",""20.46"","""","""""
"12/08/2024 21:00:00 - 12/08/2024 22:00:00,""BZN|NO3"",""Without Sequence"",""18.00"","""","""""
"12/08/2024 22:00:00 - 12/08/2024 23:00:00,""BZN|NO3"",""Without Sequence"",""16.43"","""","""""
"12/08/2024 23:00:00 - 13/08/2024 00:00:00,""BZN|NO3"",""Without Sequence"",""13.96"","""","""""
"13/08/2024 00:00:00 - 13/08/2024 01:00:00,""BZN|NO3"",""Without Sequence"",""15.68"","""","""""
"13/08/2024 01:00:00 - 13/08/2024 02:00:00,""BZN|NO3"",""Without Sequence"",""15.78"","""","""""
"13/08/2024 02:00:00 - 13/08/2024 03:00:00,""BZN|NO3"",""Without Sequence"",""15.98"","""","""""
"13/08/2024 03:00:00 - 13/08/2024 04:00:00,""BZN|NO3"",""Without Sequence"",""16.59"","""","""""
"13/08/2024 04:00:00 - 13/08/2024 05:00:00,""BZN|NO3"",""Without Sequence"",""17.45"","""","""""
"13/08/2024 05:00:00 - 13/08/2024 06:00:00,""BZN|NO3"",""Without Sequence"",""18.98"","""","""""
"13/08/2024 06:00:00 - 13/08/2024 07:00:00,""BZN|NO3"",""Without Sequence"",""20.71"","""","""""
"13/08/2024 07:00:00 - 13/08/2024 08:00:00,""BZN|NO3"",""Without Sequence"",""25.69"","""","""""
"13/08/2024 08:00:00 - 13/08/2024 09:00:00,""BZN|NO3"",""Without Sequence"",""25.98"","""","""""
"13/08/2024 09:00:00 - 13/08/2024 10:00:00,""BZN|NO3"",""Without Sequence"",""25.91"","""","""""
"13/08/2024 10:00:00 - 13/08/2024 11:00:00,""BZN|NO3"",""Without Sequence"",""23.09"","""","""""
"13/08/2024 11:00:00 - 13/08/2024 12:00:00,""BZN|NO3"",""Without Sequence"",""20.47"","""","""""
"13/08/2024 12:00:00 - 13/08/2024 13:00:00,""BZN|NO3"",""Without Sequence"",""18.40"","""","""""
"13/08/2024 13:00:00 - 13/08/2024 14:00:00,""BZN|NO3"",""Without Sequence"",""17.93"","""","""""
"13/08/2024 14:00:00 - 13/08/2024 15:00:00,""BZN|NO3"",""Without Sequence"",""18.72"","""","""""
"13/08/2024 15:00:00 - 13/08/2024 16:00:00,""BZN|NO3"",""Without Sequence"",""21.19"","""","""""
"13/08/2024 16:00:00 - 13/08/2024 17:00:00,""BZN|NO3"",""Without Sequence"",""23.31"","""","""""
"13/08/2024 17:00:00 - 13/08/2024 18:00:00,""BZN|NO3"",""Without Sequence"",""23.34"","""","""""
"13/08/2024 18:00:00 - 13/08/2024 19:00:00,""BZN|NO3"",""Without Sequence"",""23.83"","""","""""
"13/08/2024 19:00:00 - 13/08/2024 20:00:00,""BZN|NO3"",""Without Sequence"",""21.99"","""","""""
"13/08/2024 20:00:00 - 13/08/2024 21:00:00,""BZN|NO3"",""Without Sequence"",""20.80"","""","""""
"13/08/2024 21:00:00 - 13/08/2024 22:00:00,""BZN|NO3"",""Without Sequence"",""18.08"","""","""""
"13/08/2024 22:00:00 - 13/08/2024 23:00:00,""BZN|NO3"",""Without Sequence"",""18.40"","""","""""
"13/08/2024 23:00:00 - 14/08/2024 00:00:00,""BZN|NO3"",""Without Sequence"",""14.96"","""","""""
"14/08/2024 00:00:00 - 14/08/2024 01:00:00,""BZN|NO3"",""Without Sequence"",""17.30"","""","""""
"14/08/2024 01:00:00 - 14/08/2024 02:00:00,""BZN|NO3"",""Without Sequence"",""16.60"","""","""""
"14/08/2024 02:00:00 - 14/08/2024 03:00:00,""BZN|NO3"",""Without Sequence"",""15.33"","""","""""
"14/08/2024 03:00:00 - 14/08/2024 04:00:00,""BZN|NO3"",""Without Sequence"",""15.01"","""","""""
"14/08/2024 04:00:00 - 14/08/2024 05:00:00,""BZN|NO3"",""Without Sequence"",""15.46"","""","""""
"14/08/2024 05:00:00 - 14/08/2024 06:00:00,""BZN|NO3"",""Without Sequence"",""16.22"","""","""""
"14/08/2024 06:00:00 - 14/08/2024 07:00:00,""BZN|NO3"",""Without Sequence"",""16.37"","""","""""
"14/08/2024 07:00:00 - 14/08/2024 08:00:00,""BZN|NO3"",""Without Sequence"",""17.30"","""","""""
"14/08/2024 08:00:00 - 14/08/2024 09:00:00,""BZN|NO3"",""Without Sequence"",""19.69"","""","""""
"14/08/2024 09:00:00 - 14/08/2024 10:00:00,""BZN|NO3"",""Without Sequence"",""20.86"","""","""""
"14/08/2024 10:00:00 - 14/08/2024 11:00:00,""BZN|NO3"",""Without Sequence"",""20.31"","""","""""
"14/08/2024 11:00:00 - 14/08/2024 12:00:00,""BZN|NO3"",""Without Sequence"",""17.97"","""","""""
"14/08/2024 12:00:00 - 14/08/2024 13:00:00,""BZN|NO3"",""Without Sequence"",""17.46"","""","""""
"14/08/2024 13:00:00 - 14/08/2024 14:00:00,""BZN|NO3"",""Without Sequence"",""16.96"","""","""""
"14/08/2024 14:00:00 - 14/08/2024 15:00:00,""BZN|NO3"",""Without Sequence"",""16.77"","""","""""
"14/08/2024 15:00:00 - 14/08/2024 16:00:00,""BZN|NO3"",""Without Sequence"",""16.83"","""","""""
"14/08/2024 16:00:00 - 14/08/2024 17:00:00,""BZN|NO3"",""Without Sequence"",""17.00"","""","""""
"14/08/2024 17:00:00 - 14/08/2024 18:00:00,""BZN|NO3"",""Without Sequence"",""18.96"","""","""""
"14/08/2024 18:00:00 - 14/08/2024 19:00:00,""BZN|NO3"",""Without Sequence"",""20.94"","""","""""
"14/08/2024 19:00:00 - 14/08/2024 20:00:00,""BZN|NO3"",""Without Sequence"",""19.88"","""","""""
"14/08/2024 20:00:00 - 14/08/2024 21:00:00,""BZN|NO3"",""Without Sequence"",""18.43"","""","""""
"14/08/2024 21:00:00 - 14/08/2024 22:00:00,""BZN|NO3"",""Without Sequence"",""18.79"","""","""""
"14/08/2024 22:00:00 - 14/08/2024 23:00:00,""BZN|NO3"",""Without Sequence"",""18.70"","""","""""
"14/08/2024 23:00:00 - 15/08/2024 00:00:00,""BZN|NO3"",""Without Sequence"",""16.49"","""","""""
"15/08/2024 00:00:00 - 15/08/2024 01:00:00,""BZN|NO3"",""Without Sequence"",""16.72"","""","""""
"15/08/2024 01:00:00 - 15/08/2024 02:00:00,""BZN|NO3"",""Without Sequence"",""15.80"","""","""""
"15/08/2024 02:00:00 - 15/08/2024 03:00:00,""BZN|NO3"",""Without Sequence"",""15.42"","""","""""
"15/08/2024 03:00:00 - 15/08/2024 04:00:00,""BZN|NO3"",""Without Sequence"",""15.11"","""","""""
"15/08/2024 04:00:00 - 15/08/2024 05:00:00,""BZN|NO3"",""Without Sequence"",""13.99"","""","""""
"15/08/2024 05:00:00 - 15/08/2024 06:00:00,""BZN|NO3"",""Without Sequence"",""12.36"","""","""""
"15/08/2024 06:00:00 - 15/08/2024 07:00:00,""BZN|NO3"",""Without Sequence"",""11.46"","""","""""
"15/08/2024 07:00:00 - 15/08/2024 08:00:00,""BZN|NO3"",""Without Sequence"",""15.27"","""","""""
"15/08/2024 08:00:00 - 15/08/2024 09:00:00,""BZN|NO3"",""Without Sequence"",""19.96"","""","""""
"15/08/2024 09:00:00 - 15/08/2024 10:00:00,""BZN|NO3"",""Without Sequence"",""19.94"","""","""""
"15/08/2024 10:00:00 - 15/08/2024 11:00:00,""BZN|NO3"",""Without Sequence"",""19.03"","""","""""
"15/08/2024 11:00:00 - 15/08/2024 12:00:00,""BZN|NO3"",""Without Sequence"",""15.26"","""","""""
"15/08/2024 12:00:00 - 15/08/2024 13:00:00,""BZN|NO3"",""Without Sequence"",""15.14"","""","""""
"15/08/2024 13:00:00 - 15/08/2024 14:00:00,""BZN|NO3"",""Without Sequence"",""15.15"","""","""""
"15/08/2024 14:00:00 - 15/08/2024 15:00:00,""BZN|NO3"",""Without Sequence"",""14.97"","""","""""
"15/08/2024 15:00:00 - 15/08/2024 16:00:00,""BZN|NO3"",""Without Sequence"",""15.52"","""","""""
"15/08/2024 16:00:00 - 15/08/2024 17:00:00,""BZN|NO3"",""Without Sequence"",""15.84"","""","""""
"15/08/2024 17:00:00 - 15/08/2024 18:00:00,""BZN|NO3"",""Without Sequence"",""15.70"","""","""""
"15/08/2024 18:00:00 - 15/08/2024 19:00:00,""BZN|NO3"",""Without Sequence"",""15.74"","""","""""
"15/08/2024 19:00:00 - 15/08/2024 20:00:00,""BZN|NO3"",""Without Sequence"",""16.32"","""","""""
"15/08/2024 20:00:00 - 15/08/2024 21:00:00,""BZN|NO3"",""Without Sequence"",""16.36"","""","""""
"15/08/2024 21:00:00 - 15/08/2024 22:00:00,""BZN|NO3"",""Without Sequence"",""15.58"","""","""""
"15/08/2024 22:00:00 - 15/08/2024 23:00:00,""BZN|NO3"",""Without Sequence"",""15.30"","""","""""
"15/08/2024 23:00:00 - 16/08/2024 00:00:00,""BZN|NO3"",""Without Sequence"",""11.03"","""","""""
"16/08/2024 00:00:00 - 16/08/2024 01:00:00,""BZN|NO3"",""Without Sequence"",""2.60"","""","""""
"16/08/2024 01:00:00 - 16/08/2024 02:00:00,""BZN|NO3"",""Without Sequence"",""0.00"","""","""""
"16/08/2024 02:00:00 - 16/08/2024 03:00:00,""BZN|NO3"",""Without Sequence"",""-0.03"","""","""""
"16/08/2024 03:00:00 - 16/08/2024 04:00:00,""BZN|NO3"",""Without Sequence"",""-0.07"","""","""""
"16/08/2024 04:00:00 - 16/08/2024 05:00:00,""BZN|NO3"",""Without Sequence"",""-0.05"","""","""""
"16/08/2024 05:00:00 - 16/08/2024 06:00:00,""BZN|NO3"",""Without Sequence"",""-0.01"","""","""""
"16/08/2024 06:00:00 - 16/08/2024 07:00:00,""BZN|NO3"",""Without Sequence"",""0.01"","""","""""
"16/08/2024 07:00:00 - 16/08/2024 08:00:00,""BZN|NO3"",""Without Sequence"",""3.08"","""","""""
"16/08/2024 08:00:00 - 16/08/2024 09:00:00,""BZN|NO3"",""Without Sequence"",""6.15"","""","""""
"16/08/2024 09:00:00 - 16/08/2024 10:00:00,""BZN|NO3"",""Without Sequence"",""7.89"","""","""""
"16/08/2024 10:00:00 - 16/08/2024 11:00:00,""BZN|NO3"",""Without Sequence"",""9.78"","""","""""
"16/08/2024 11:00:00 - 16/08/2024 12:00:00,""BZN|NO3"",""Without Sequence"",""10.81"","""","""""
"16/08/2024 12:00:00 - 16/08/2024 13:00:00,""BZN|NO3"",""Without Sequence"",""11.81"","""","""""
"16/08/2024 13:00:00 - 16/08/2024 14:00:00,""BZN|NO3"",""Without Sequence"",""11.84"","""","""""
"16/08/2024 14:00:00 - 16/08/2024 15:00:00,""BZN|NO3"",""Without Sequence"",""10.88"","""","""""
"16/08/2024 15:00:00 - 16/08/2024 16:00:00,""BZN|NO3"",""Without Sequence"",""11.87"","""","""""
"16/08/2024 16:00:00 - 16/08/2024 17:00:00,""BZN|NO3"",""Without Sequence"",""11.07"","""","""""
"16/08/2024 17:00:00 - 16/08/2024 18:00:00,""BZN|NO3"",""Without Sequence"",""13.33"","""","""""
"16/08/2024 18:00:00 - 16/08/2024 19:00:00,""BZN|NO3"",""Without Sequence"",""14.35"","""","""""
"16/08/2024 19:00:00 - 16/08/2024 20:00:00,""BZN|NO3"",""Without Sequence"",""14.85"","""","""""
"16/08/2024 20:00:00 - 16/08/2024 21:00:00,""BZN|NO3"",""Without Sequence"",""14.88"","""","""""
"16/08/2024 21:00:00 - 16/08/2024 22:00:00,""BZN|NO3"",""Without Sequence"",""14.39"","""","""""
"16/08/2024 22:00:00 - 16/08/2024 23:00:00,""BZN|NO3"",""Without Sequence"",""13.66"","""","""""
"16/08/2024 23:00:00 - 17/08/2024 00:00:00,""BZN|NO3"",""Without Sequence"",""11.32"","""","""""
"17/08/2024 00:00:00 - 17/08/2024 01:00:00,""BZN|NO3"",""Without Sequence"",""11.77"","""","""""
"17/08/2024 01:00:00 - 17/08/2024 02:00:00,""BZN|NO3"",""Without Sequence"",""9.60"","""","""""
"17/08/2024 02:00:00 - 17/08/2024 03:00:00,""BZN|NO3"",""Without Sequence"",""8.06"","""","""""
"17/08/2024 03:00:00 - 17/08/2024 04:00:00,""BZN|NO3"",""Without Sequence"",""7.93"","""","""""
"17/08/2024 04:00:00 - 17/08/2024 05:00:00,""BZN|NO3"",""Without Sequence"",""7.71"","""","""""
"17/08/2024 05:00:00 - 17/08/2024 06:00:00,""BZN|NO3"",""Without Sequence"",""7.98"","""","""""
"17/08/2024 06:00:00 - 17/08/2024 07:00:00,""BZN|NO3"",""Without Sequence"",""8.38"","""","""""
"17/08/2024 07:00:00 - 17/08/2024 08:00:00,""BZN|NO3"",""Without Sequence"",""10.11"","""","""""
"17/08/2024 08:00:00 - 17/08/2024 09:00:00,""BZN|NO3"",""Without Sequence"",""11.89"","""","""""
"17/08/2024 09:00:00 - 17/08/2024 10:00:00,""BZN|NO3"",""Without Sequence"",""12.41"","""","""""
"17/08/2024 10:00:00 - 17/08/2024 11:00:00,""BZN|NO3"",""Without Sequence"",""11.96"","""","""""
"17/08/2024 11:00:00 - 17/08/2024 12:00:00,""BZN|NO3"",""Without Sequence"",""11.08"","""","""""
"17/08/2024 12:00:00 - 17/08/2024 13:00:00,""BZN|NO3"",""Without Sequence"",""10.13"","""","""""
"17/08/2024 13:00:00 - 17/08/2024 14:00:00,""BZN|NO3"",""Without Sequence"",""9.57"","""","""""
"17/08/2024 14:00:00 - 17/08/2024 15:00:00,""BZN|NO3"",""Without Sequence"",""9.49"","""","""""
"17/08/2024 15:00:00 - 17/08/2024 16:00:00,""BZN|NO3"",""Without Sequence"",""10.45"","""","""""
"17/08/2024 16:00:00 - 17/08/2024 17:00:00,""BZN|NO3"",""Without Sequence"",""12.37"","""","""""
"17/08/2024 17:00:00 - 17/08/2024 18:00:00,""BZN|NO3"",""Without Sequence"",""14.21"","""","""""
"17/08/2024 18:00:00 - 17/08/2024 19:00:00,""BZN|NO3"",""Without Sequence"",""14.06"","""","""""
"17/08/2024 19:00:00 - 17/08/2024 20:00:00,""BZN|NO3"",""Without Sequence"",""14.35"","""","""""
"17/08/2024 20:00:00 - 17/08/2024 21:00:00,""BZN|NO3"",""Without Sequence"",""14.37"","""","""""
"17/08/2024 21:00:00 - 17/08/2024 22:00:00,""BZN|NO3"",""Without Sequence"",""14.18"","""","""""
"17/08/2024 22:00:00 - 17/08/2024 23:00:00,""BZN|NO3"",""Without Sequence"",""13.77"","""","""""
"17/08/2024 23:00:00 - 18/08/2024 00:00:00,""BZN|NO3"",""Without Sequence"",""11.92"","""","""""
"18/08/2024 00:00:00 - 18/08/2024 01:00:00,""BZN|NO3"",""Without Sequence"",""8.98"","""","""""
"18/08/2024 01:00:00 - 18/08/2024 02:00:00,""BZN|NO3"",""Without Sequence"",""8.23"","""","""""
"18/08/2024 02:00:00 - 18/08/2024 03:00:00,""BZN|NO3"",""Without Sequence"",""9.20"","""","""""
"18/08/2024 03:00:00 - 18/08/2024 04:00:00,""BZN|NO3"",""Without Sequence"",""9.99"","""","""""
"18/08/2024 04:00:00 - 18/08/2024 05:00:00,""BZN|NO3"",""Without Sequence"",""10.15"","""","""""
"18/08/2024 05:00:00 - 18/08/2024 06:00:00,""BZN|NO3"",""Without Sequence"",""10.27"","""","""""
"18/08/2024 06:00:00 - 18/08/2024 07:00:00,""BZN|NO3"",""Without Sequence"",""10.00"","""","""""
"18/08/2024 07:00:00 - 18/08/2024 08:00:00,""BZN|NO3"",""Without Sequence"",""10.29"","""","""""
"18/08/2024 08:00:00 - 18/08/2024 09:00:00,""BZN|NO3"",""Without Sequence"",""10.87"","""","""""
"18/08/2024 09:00:00 - 18/08/2024 10:00:00,""BZN|NO3"",""Without Sequence"",""10.88"","""","""""
"18/08/2024 10:00:00 - 18/08/2024 11:00:00,""BZN|NO3"",""Without Sequence"",""10.63"","""","""""
"18/08/2024 11:00:00 - 18/08/2024 12:00:00,""BZN|NO3"",""Without Sequence"",""10.00"","""","""""
"18/08/2024 12:00:00 - 18/08/2024 13:00:00,""BZN|NO3"",""Without Sequence"",""10.00"","""","""""
"18/08/2024 13:00:00 - 18/08/2024 14:00:00,""BZN|NO3"",""Without Sequence"",""10.07"","""","""""
"18/08/2024 14:00:00 - 18/08/2024 15:00:00,""BZN|NO3"",""Without Sequence"",""9.53"","""","""""
"18/08/2024 15:00:00 - 18/08/2024 16:00:00,""BZN|NO3"",""Without Sequence"",""9.72"","""","""""
"18/08/2024 16:00:00 - 18/08/2024 17:00:00,""BZN|NO3"",""Without Sequence"",""10.19"","""","""""
"18/08/2024 17:00:00 - 18/08/2024 18:00:00,""BZN|NO3"",""Without Sequence"",""10.46"","""","""""
"18/08/2024 18:00:00 - 18/08/2024 19:00:00,""BZN|NO3"",""Without Sequence"",""10.67"","""","""""
"18/08/2024 19:00:00 - 18/08/2024 20:00:00,""BZN|NO3"",""Without Sequence"",""10.69"","""","""""
"18/08/2024 20:00:00 - 18/08/2024 21:00:00,""BZN|NO3"",""Without Sequence"",""9.02"","""","""""
"18/08/2024 21:00:00 - 18/08/2024 22:00:00,""BZN|NO3"",""Without Sequence"",""6.76"","""","""""
"18/08/2024 22:00:00 - 18/08/2024 23:00:00,""BZN|NO3"",""Without Sequence"",""4.90"","""","""""
"18/08/2024 23:00:00 - 19/08/2024 00:00:00,""BZN|NO3"",""Without Sequence"",""3.08"","""","""""
"19/08/2024 00:00:00 - 19/08/2024 01:00:00,""BZN|NO3"",""Without Sequence"",""3.23"","""","""""
"19/08/2024 01:00:00 - 19/08/2024 02:00:00,""BZN|NO3"",""Without Sequence"",""3.69"","""","""""
"19/08/2024 02:00:00 - 19/08/2024 03:00:00,""BZN|NO3"",""Without Sequence"",""3.52"","""","""""
"19/08/2024 03:00:00 - 19/08/2024 04:00:00,""BZN|NO3"",""Without Sequence"",""3.49"","""","""""
"19/08/2024 04:00:00 - 19/08/2024 05:00:00,""BZN|NO3"",""Without Sequence"",""3.49"","""","""""
"19/08/2024 05:00:00 - 19/08/2024 06:00:00,""BZN|NO3"",""Without Sequence"",""5.00"","""","""""
"19/08/2024 06:00:00 - 19/08/2024 07:00:00,""BZN|NO3"",""Without Sequence"",""5.34"","""","""""
"19/08/2024 07:00:00 - 19/08/2024 08:00:00,""BZN|NO3"",""Without Sequence"",""10.31"","""","""""
"19/08/2024 08:00:00 - 19/08/2024 09:00:00,""BZN|NO3"",""Without Sequence"",""11.98"","""","""""
"19/08/2024 09:00:00 - 19/08/2024 10:00:00,""BZN|NO3"",""Without Sequence"",""9.47"","""","""""
"19/08/2024 10:00:00 - 19/08/2024 11:00:00,""BZN|NO3"",""Without Sequence"",""7.22"","""","""""
"19/08/2024 11:00:00 - 19/08/2024 12:00:00,""BZN|NO3"",""Without Sequence"",""5.91"","""","""""
"19/08/2024 12:00:00 - 19/08/2024 13:00:00,""BZN|NO3"",""Without Sequence"",""6.90"","""","""""
"19/08/2024 13:00:00 - 19/08/2024 14:00:00,""BZN|NO3"",""Without Sequence"",""6.21"","""","""""
"19/08/2024 14:00:00 - 19/08/2024 15:00:00,""BZN|NO3"",""Without Sequence"",""6.46"","""","""""
"19/08/2024 15:00:00 - 19/08/2024 16:00:00,""BZN|NO3"",""Without Sequence"",""7.63"","""","""""
"19/08/2024 16:00:00 - 19/08/2024 17:00:00,""BZN|NO3"",""Without Sequence"",""9.97"","""","""""
"19/08/2024 17:00:00 - 19/08/2024 18:00:00,""BZN|NO3"",""Without Sequence"",""12.06"","""","""""
"19/08/2024 18:00:00 - 19/08/2024 19:00:00,""BZN|NO3"",""Without Sequence"",""13.36"","""","""""
"19/08/2024 19:00:00 - 19/08/2024 20:00:00,""BZN|NO3"",""Without Sequence"",""13.97"","""","""""
"19/08/2024 20:00:00 - 19/08/2024 21:00:00,""BZN|NO3"",""Without Sequence"",""12.67"","""","""""
"19/08/2024 21:00:00 - 19/08/2024 22:00:00,""BZN|NO3"",""Without Sequence"",""11.90"","""","""""
"19/08/2024 22:00:00 - 19/08/2024 23:00:00,""BZN|NO3"",""Without Sequence"",""9.91"","""","""""
"19/08/2024 23:00:00 - 20/08/2024 00:00:00,""BZN|NO3"",""Without Sequence"",""7.28"","""","""""
"20/08/2024 00:00:00 - 20/08/2024 01:00:00,""BZN|NO3"",""Without Sequence"",""4.22"","""","""""
"20/08/2024 01:00:00 - 20/08/2024 02:00:00,""BZN|NO3"",""Without Sequence"",""3.89"","""","""""
"20/08/2024 02:00:00 - 20/08/2024 03:00:00,""BZN|NO3"",""Without Sequence"",""3.80"","""","""""
"20/08/2024 03:00:00 - 20/08/2024 04:00:00,""BZN|NO3"",""Without Sequence"",""3.79"","""","""""
"20/08/2024 04:00:00 - 20/08/2024 05:00:00,""BZN|NO3"",""Without Sequence"",""3.99"","""","""""
"20/08/2024 05:00:00 - 20/08/2024 06:00:00,""BZN|NO3"",""Without Sequence"",""4.14"","""","""""
"20/08/2024 06:00:00 - 20/08/2024 07:00:00,""BZN|NO3"",""Without Sequence"",""5.18"","""","""""
"20/08/2024 07:00:00 - 20/08/2024 08:00:00,""BZN|NO3"",""Without Sequence"",""7.48"","""","""""
"20/08/2024 08:00:00 - 20/08/2024 09:00:00,""BZN|NO3"",""Without Sequence"",""8.91"","""","""""
"20/08/2024 09:00:00 - 20/08/2024 10:00:00,""BZN|NO3"",""Without Sequence"",""8.97"","""","""""
"20/08/2024 10:00:00 - 20/08/2024 11:00:00,""BZN|NO3"",""Without Sequence"",""7.71"","""","""""
"20/08/2024 11:00:00 - 20/08/2024 12:00:00,""BZN|NO3"",""Without Sequence"",""6.97"","""","""""
"20/08/2024 12:00:00 - 20/08/2024 13:00:00,""BZN|NO3"",""Without Sequence"",""7.39"","""","""""
"20/08/2024 13:00:00 - 20/08/2024 14:00:00,""BZN|NO3"",""Without Sequence"",""5.78"","""","""""
"20/08/2024 14:00:00 - 20/08/2024 15:00:00,""BZN|NO3"",""Without Sequence"",""5.33"","""","""""
"20/08/2024 15:00:00 - 20/08/2024 16:00:00,""BZN|NO3"",""Without Sequence"",""4.96"","""","""""
"20/08/2024 16:00:00 - 20/08/2024 17:00:00,""BZN|NO3"",""Without Sequence"",""5.24"","""","""""
"20/08/2024 17:00:00 - 20/08/2024 18:00:00,""BZN|NO3"",""Without Sequence"",""6.57"","""","""""
"20/08/2024 18:00:00 - 20/08/2024 19:00:00,""BZN|NO3"",""Without Sequence"",""7.00"","""","""""
"20/08/2024 19:00:00 - 20/08/2024 20:00:00,""BZN|NO3"",""Without Sequence"",""6.54"","""","""""
"20/08/2024 20:00:00 - 20/08/2024 21:00:00,""BZN|NO3"",""Without Sequence"",""8.33"","""","""""
"20/08/2024 21:00:00 - 20/08/2024 22:00:00,""BZN|NO3"",""Without Sequence"",""8.70"","""","""""
"20/08/2024 22:00:00 - 20/08/2024 23:00:00,""BZN|NO3"",""Without Sequence"",""5.92"","""","""""
"20/08/2024 23:00:00 - 21/08/2024 00:00:00,""BZN|NO3"",""Without Sequence"",""3.05"","""","""""
"21/08/2024 00:00:00 - 21/08/2024 01:00:00,""BZN|NO3"",""Without Sequence"",""1.18"","""","""""
"21/08/2024 01:00:00 - 21/08/2024 02:00:00,""BZN|NO3"",""Without Sequence"",""0.46"","""","""""
"21/08/2024 02:00:00 - 21/08/2024 03:00:00,""BZN|NO3"",""Without Sequence"",""0.49"","""","""""
"21/08/2024 03:00:00 - 21/08/2024 04:00:00,""BZN|NO3"",""Without Sequence"",""1.01"","""","""""
"21/08/2024 04:00:00 - 21/08/2024 05:00:00,""BZN|NO3"",""Without Sequence"",""1.01"","""","""""
"21/08/2024 05:00:00 - 21/08/2024 06:00:00,""BZN|NO3"",""Without Sequence"",""1.69"","""","""""
"21/08/2024 06:00:00 - 21/08/2024 07:00:00,""BZN|NO3"",""Without Sequence"",""2.23"","""","""""
"21/08/2024 07:00:00 - 21/08/2024 08:00:00,""BZN|NO3"",""Without Sequence"",""5.00"","""","""""
"21/08/2024 08:00:00 - 21/08/2024 09:00:00,""BZN|NO3"",""Without Sequence"",""8.35"","""","""""
"21/08/2024 09:00:00 - 21/08/2024 10:00:00,""BZN|NO3"",""Without Sequence"",""8.36"","""","""""
"21/08/2024 10:00:00 - 21/08/2024 11:00:00,""BZN|NO3"",""Without Sequence"",""6.45"","""","""""
"21/08/2024 11:00:00 - 21/08/2024 12:00:00,""BZN|NO3"",""Without Sequence"",""6.99"","""","""""
"21/08/2024 12:00:00 - 21/08/2024 13:00:00,""BZN|NO3"",""Without Sequence"",""8.28"","""","""""
"21/08/2024 13:00:00 - 21/08/2024 14:00:00,""BZN|NO3"",""Without Sequence"",""8.72"","""","""""
"21/08/2024 14:00:00 - 21/08/2024 15:00:00,""BZN|NO3"",""Without Sequence"",""8.89"","""","""""
"21/08/2024 15:00:00 - 21/08/2024 16:00:00,""BZN|NO3"",""Without Sequence"",""10.35"","""","""""
"21/08/2024 16:00:00 - 21/08/2024 17:00:00,""BZN|NO3"",""Without Sequence"",""10.48"","""","""""
"21/08/2024 17:00:00 - 21/08/2024 18:00:00,""BZN|NO3"",""Without Sequence"",""11.27"","""","""""
"21/08/2024 18:00:00 - 21/08/2024 19:00:00,""BZN|NO3"",""Without Sequence"",""12.03"","""","""""
"21/08/2024 19:00:00 - 21/08/2024 20:00:00,""BZN|NO3"",""Without Sequence"",""11.60"","""","""""
"21/08/2024 20:00:00 - 21/08/2024 21:00:00,""BZN|NO3"",""Without Sequence"",""10.99"","""","""""
"21/08/2024 21:00:00 - 21/08/2024 22:00:00,""BZN|NO3"",""Without Sequence"",""10.75"","""","""""
"21/08/2024 22:00:00 - 21/08/2024 23:00:00,""BZN|NO3"",""Without Sequence"",""9.58"","""","""""
"21/08/2024 23:00:00 - 22/08/2024 00:00:00,""BZN|NO3"",""Without Sequence"",""7.28"","""","""""
"22/08/2024 00:00:00 - 22/08/2024 01:00:00,""BZN|NO3"",""Without Sequence"",""8.62"","""","""""
"22/08/2024 01:00:00 - 22/08/2024 02:00:00,""BZN|NO3"",""Without Sequence"",""5.91"","""","""""
"22/08/2024 02:00:00 - 22/08/2024 03:00:00,""BZN|NO3"",""Without Sequence"",""5.33"","""","""""
"22/08/2024 03:00:00 - 22/08/2024 04:00:00,""BZN|NO3"",""Without Sequence"",""4.25"","""","""""
"22/08/2024 04:00:00 - 22/08/2024 05:00:00,""BZN|NO3"",""Without Sequence"",""2.90"","""","""""
"22/08/2024 05:00:00 - 22/08/2024 06:00:00,""BZN|NO3"",""Without Sequence"",""3.07"","""","""""
"22/08/2024 06:00:00 - 22/08/2024 07:00:00,""BZN|NO3"",""Without Sequence"",""4.92"","""","""""
"22/08/2024 07:00:00 - 22/08/2024 08:00:00,""BZN|NO3"",""Without Sequence"",""11.07"","""","""""
"22/08/2024 08:00:00 - 22/08/2024 09:00:00,""BZN|NO3"",""Without Sequence"",""15.37"","""","""""
"22/08/2024 09:00:00 - 22/08/2024 10:00:00,""BZN|NO3"",""Without Sequence"",""13.94"","""","""""
"22/08/2024 10:00:00 - 22/08/2024 11:00:00,""BZN|NO3"",""Without Sequence"",""7.84"","""","""""
"22/08/2024 11:00:00 - 22/08/2024 12:00:00,""BZN|NO3"",""Without Sequence"",""4.34"","""","""""
"22/08/2024 12:00:00 - 22/08/2024 13:00:00,""BZN|NO3"",""Without Sequence"",""4.50"","""","""""
"22/08/2024 13:00:00 - 22/08/2024 14:00:00,""BZN|NO3"",""Without Sequence"",""5.03"","""","""""
"22/08/2024 14:00:00 - 22/08/2024 15:00:00,""BZN|NO3"",""Without Sequence"",""4.51"","""","""""
"22/08/2024 15:00:00 - 22/08/2024 16:00:00,""BZN|NO3"",""Without Sequence"",""3.06"","""","""""
"22/08/2024 16:00:00 - 22/08/2024 17:00:00,""BZN|NO3"",""Without Sequence"",""3.73"","""","""""
"22/08/2024 17:00:00 - 22/08/2024 18:00:00,""BZN|NO3"",""Without Sequence"",""8.35"","""","""""
"22/08/2024 18:00:00 - 22/08/2024 19:00:00,""BZN|NO3"",""Without Sequence"",""7.56"","""","""""
"22/08/2024 19:00:00 - 22/08/2024 20:00:00,""BZN|NO3"",""Without Sequence"",""5.55"","""","""""
"22/08/2024 20:00:00 - 22/08/2024 21:00:00,""BZN|NO3"",""Without Sequence"",""4.84"","""","""""
"22/08/2024 21:00:00 - 22/08/2024 22:00:00,""BZN|NO3"",""Without Sequence"",""3.57"","""","""""
"22/08/2024 22:00:00 - 22/08/2024 23:00:00,""BZN|NO3"",""Without Sequence"",""2.35"","""","""""
"22/08/2024 23:00:00 - 23/08/2024 00:00:00,""BZN|NO3"",""Without Sequence"",""0.43"","""","""""
"23/08/2024 00:00:00 - 23/08/2024 01:00:00,""BZN|NO3"",""Without Sequence"",""0.00"","""","""""
"23/08/2024 01:00:00 - 23/08/2024 02:00:00,""BZN|NO3"",""Without Sequence"",""0.00"","""","""""
"23/08/2024 02:00:00 - 23/08/2024 03:00:00,""BZN|NO3"",""Without Sequence"",""0.43"","""","""""
"23/08/2024 03:00:00 - 23/08/2024 04:00:00,""BZN|NO3"",""Without Sequence"",""1.01"","""","""""
"23/08/2024 04:00:00 - 23/08/2024 05:00:00,""BZN|NO3"",""Without Sequence"",""1.25"","""","""""
"23/08/2024 05:00:00 - 23/08/2024 06:00:00,""BZN|NO3"",""Without Sequence"",""0.80"","""","""""
"23/08/2024 06:00:00 - 23/08/2024 07:00:00,""BZN|NO3"",""Without Sequence"",""2.18"","""","""""
"23/08/2024 07:00:00 - 23/08/2024 08:00:00,""BZN|NO3"",""Without Sequence"",""4.32"","""","""""
"23/08/2024 08:00:00 - 23/08/2024 09:00:00,""BZN|NO3"",""Without Sequence"",""5.73"","""","""""
"23/08/2024 09:00:00 - 23/08/2024 10:00:00,""BZN|NO3"",""Without Sequence"",""6.59"","""","""""
"23/08/2024 10:00:00 - 23/08/2024 11:00:00,""BZN|NO3"",""Without Sequence"",""10.20"","""","""""
"23/08/2024 11:00:00 - 23/08/2024 12:00:00,""BZN|NO3"",""Without Sequence"",""12.23"","""","""""
"23/08/2024 12:00:00 - 23/08/2024 13:00:00,""BZN|NO3"",""Without Sequence"",""12.37"","""","""""
"23/08/2024 13:00:00 - 23/08/2024 14:00:00,""BZN|NO3"",""Without Sequence"",""12.60"","""","""""
"23/08/2024 14:00:00 - 23/08/2024 15:00:00,""BZN|NO3"",""Without Sequence"",""12.78"","""","""""
"23/08/2024 15:00:00 - 23/08/2024 16:00:00,""BZN|NO3"",""Without Sequence"",""12.88"","""","""""
"23/08/2024 16:00:00 - 23/08/2024 17:00:00,""BZN|NO3"",""Without Sequence"",""3.34"","""","""""
"23/08/2024 17:00:00 - 23/08/2024 18:00:00,""BZN|NO3"",""Without Sequence"",""3.31"","""","""""
"23/08/2024 18:00:00 - 23/08/2024 19:00:00,""BZN|NO3"",""Without Sequence"",""5.21"","""","""""
"23/08/2024 19:00:00 - 23/08/2024 20:00:00,""BZN|NO3"",""Without Sequence"",""5.00"","""","""""
"23/08/2024 20:00:00 - 23/08/2024 21:00:00,""BZN|NO3"",""Without Sequence"",""4.96"","""","""""
"23/08/2024 21:00:00 - 23/08/2024 22:00:00,""BZN|NO3"",""Without Sequence"",""4.35"","""","""""
"23/08/2024 22:00:00 - 23/08/2024 23:00:00,""BZN|NO3"",""Without Sequence"",""3.90"","""","""""
"23/08/2024 23:00:00 - 24/08/2024 00:00:00,""BZN|NO3"",""Without Sequence"",""1.98"","""","""""
"24/08/2024 00:00:00 - 24/08/2024 01:00:00,""BZN|NO3"",""Without Sequence"",""-0.03"","""","""""
"24/08/2024 01:00:00 - 24/08/2024 02:00:00,""BZN|NO3"",""Without Sequence"",""-0.07"","""","""""
"24/08/2024 02:00:00 - 24/08/2024 03:00:00,""BZN|NO3"",""Without Sequence"",""-0.09"","""","""""
"24/08/2024 03:00:00 - 24/08/2024 04:00:00,""BZN|NO3"",""Without Sequence"",""-0.68"","""","""""
"24/08/2024 04:00:00 - 24/08/2024 05:00:00,""BZN|NO3"",""Without Sequence"",""-1.59"","""","""""
"24/08/2024 05:00:00 - 24/08/2024 06:00:00,""BZN|NO3"",""Without Sequence"",""-2.01"","""","""""
"24/08/2024 06:00:00 - 24/08/2024 07:00:00,""BZN|NO3"",""Without Sequence"",""-2.33"","""","""""
"24/08/2024 07:00:00 - 24/08/2024 08:00:00,""BZN|NO3"",""Without Sequence"",""-2.00"","""","""""
"24/08/2024 08:00:00 - 24/08/2024 09:00:00,""BZN|NO3"",""Without Sequence"",""-0.85"","""","""""
"24/08/2024 09:00:00 - 24/08/2024 10:00:00,""BZN|NO3"",""Without Sequence"",""-0.09"","""","""""
"24/08/2024 10:00:00 - 24/08/2024 11:00:00,""BZN|NO3"",""Without Sequence"",""-0.08"","""","""""
"24/08/2024 11:00:00 - 24/08/2024 12:00:00,""BZN|NO3"",""Without Sequence"",""-0.09"","""","""""
"24/08/2024 12:00:00 - 24/08/2024 13:00:00,""BZN|NO3"",""Without Sequence"",""-2.55"","""","""""
"24/08/2024 13:00:00 - 24/08/2024 14:00:00,""BZN|NO3"",""Without Sequence"",""-2.99"","""","""""
"24/08/2024 14:00:00 - 24/08/2024 15:00:00,""BZN|NO3"",""Without Sequence"",""-2.61"","""","""""
"24/08/2024 15:00:00 - 24/08/2024 16:00:00,""BZN|NO3"",""Without Sequence"",""-1.50"","""","""""
"24/08/2024 16:00:00 - 24/08/2024 17:00:00,""BZN|NO3"",""Without Sequence"",""-0.06"","""","""""
"24/08/2024 17:00:00 - 24/08/2024 18:00:00,""BZN|NO3"",""Without Sequence"",""-0.02"","""","""""
"24/08/2024 18:00:00 - 24/08/2024 19:00:00,""BZN|NO3"",""Without Sequence"",""0.00"","""","""""
"24/08/2024 19:00:00 - 24/08/2024 20:00:00,""BZN|NO3"",""Without Sequence"",""0.00"","""","""""
"24/08/2024 20:00:00 - 24/08/2024 21:00:00,""BZN|NO3"",""Without Sequence"",""-0.01"","""","""""
"24/08/2024 21:00:00 - 24/08/2024 22:00:00,""BZN|NO3"",""Without Sequence"",""-0.03"","""","""""
"24/08/2024 22:00:00 - 24/08/2024 23:00:00,""BZN|NO3"",""Without Sequence"",""-0.03"","""","""""
"24/08/2024 23:00:00 - 25/08/2024 00:00:00,""BZN|NO3"",""Without Sequence"",""-0.08"","""","""""
"25/08/2024 00:00:00 - 25/08/2024 01:00:00,""BZN|NO3"",""Without Sequence"",""-0.08"","""","""""
"25/08/2024 01:00:00 - 25/08/2024 02:00:00,""BZN|NO3"",""Without Sequence"",""-0.08"","""","""""
"25/08/2024 02:00:00 - 25/08/2024 03:00:00,""BZN|NO3"",""Without Sequence"",""-0.33"","""","""""
"25/08/2024 03:00:00 - 25/08/2024 04:00:00,""BZN|NO3"",""Without Sequence"",""-1.00"","""","""""
"25/08/2024 04:00:00 - 25/08/2024 05:00:00,""BZN|NO3"",""Without Sequence"",""-0.92"","""","""""
"25/08/2024 05:00:00 - 25/08/2024 06:00:00,""BZN|NO3"",""Without Sequence"",""-0.92"","""","""""
"25/08/2024 06:00:00 - 25/08/2024 07:00:00,""BZN|NO3"",""Without Sequence"",""-0.10"","""","""""
"25/08/2024 07:00:00 - 25/08/2024 08:00:00,""BZN|NO3"",""Without Sequence"",""-0.08"","""","""""
"25/08/2024 08:00:00 - 25/08/2024 09:00:00,""BZN|NO3"",""Without Sequence"",""-0.06"","""","""""
"25/08/2024 09:00:00 - 25/08/2024 10:00:00,""BZN|NO3"",""Without Sequence"",""-0.07"","""","""""
"25/08/2024 10:00:00 - 25/08/2024 11:00:00,""BZN|NO3"",""Without Sequence"",""-0.05"","""","""""
"25/08/2024 11:00:00 - 25/08/2024 12:00:00,""BZN|NO3"",""Without Sequence"",""-0.06"","""","""""
"25/08/2024 12:00:00 - 25/08/2024 13:00:00,""BZN|NO3"",""Without Sequence"",""-0.09"","""","""""
"25/08/2024 13:00:00 - 25/08/2024 14:00:00,""BZN|NO3"",""Without Sequence"",""-1.85"","""","""""
"25/08/2024 14:00:00 - 25/08/2024 15:00:00,""BZN|NO3"",""Without Sequence"",""-2.79"","""","""""
"25/08/2024 15:00:00 - 25/08/2024 16:00:00,""BZN|NO3"",""Without Sequence"",""-2.43"","""","""""
"25/08/2024 16:00:00 - 25/08/2024 17:00:00,""BZN|NO3"",""Without Sequence"",""-0.07"","""","""""
"25/08/2024 17:00:00 - 25/08/2024 18:00:00,""BZN|NO3"",""Without Sequence"",""-0.06"","""","""""
"25/08/2024 18:00:00 - 25/08/2024 19:00:00,""BZN|NO3"",""Without Sequence"",""-0.06"","""","""""
"25/08/2024 19:00:00 - 25/08/2024 20:00:00,""BZN|NO3"",""Without Sequence"",""-0.06"","""","""""
"25/08/2024 20:00:00 - 25/08/2024 21:00:00,""BZN|NO3"",""Without Sequence"",""-0.06"","""","""""
"25/08/2024 21:00:00 - 25/08/2024 22:00:00,""BZN|NO3"",""Without Sequence"",""-0.07"","""","""""
"25/08/2024 22:00:00 - 25/08/2024 23:00:00,""BZN|NO3"",""Without Sequence"",""-0.07"","""","""""
"25/08/2024 23:00:00 - 26/08/2024 00:00:00,""BZN|NO3"",""Without Sequence"",""-1.62"","""","""""
"26/08/2024 00:00:00 - 26/08/2024 01:00:00,""BZN|NO3"",""Without Sequence"",""-0.91"","""","""""
"26/08/2024 01:00:00 - 26/08/2024 02:00:00,""BZN|NO3"",""Without Sequence"",""-0.92"","""","""""
"26/08/2024 02:00:00 - 26/08/2024 03:00:00,""BZN|NO3"",""Without Sequence"",""-1.60"","""","""""
"26/08/2024 03:00:00 - 26/08/2024 04:00:00,""BZN|NO3"",""Without Sequence"",""-1.50"","""","""""
"26/08/2024 04:00:00 - 26/08/2024 05:00:00,""BZN|NO3"",""Without Sequence"",""-0.89"","""","""""
"26/08/2024 05:00:00 - 26/08/2024 06:00:00,""BZN|NO3"",""Without Sequence"",""-0.58"","""","""""
"26/08/2024 06:00:00 - 26/08/2024 07:00:00,""BZN|NO3"",""Without Sequence"",""0.25"","""","""""
"26/08/2024 07:00:00 - 26/08/2024 08:00:00,""BZN|NO3"",""Without Sequence"",""1.33"","""","""""
"26/08/2024 08:00:00 - 26/08/2024 09:00:00,""BZN|NO3"",""Without Sequence"",""1.97"","""","""""
"26/08/2024 09:00:00 - 26/08/2024 10:00:00,""BZN|NO3"",""Without Sequence"",""2.11"","""","""""
"26/08/2024 10:00:00 - 26/08/2024 11:00:00,""BZN|NO3"",""Without Sequence"",""2.29"","""","""""
"26/08/2024 11:00:00 - 26/08/2024 12:00:00,""BZN|NO3"",""Without Sequence"",""1.93"","""","""""
"26/08/2024 12:00:00 - 26/08/2024 13:00:00,""BZN|NO3"",""Without Sequence"",""0.62"","""","""""
"26/08/2024 13:00:00 - 26/08/2024 14:00:00,""BZN|NO3"",""Without Sequence"",""0.44"","""","""""
"26/08/2024 14:00:00 - 26/08/2024 15:00:00,""BZN|NO3"",""Without Sequence"",""0.41"","""","""""
"26/08/2024 15:00:00 - 26/08/2024 16:00:00,""BZN|NO3"",""Without Sequence"",""0.43"","""","""""
"26/08/2024 16:00:00 - 26/08/2024 17:00:00,""BZN|NO3"",""Without Sequence"",""0.47"","""","""""
"26/08/2024 17:00:00 - 26/08/2024 18:00:00,""BZN|NO3"",""Without Sequence"",""0.47"","""","""""
"26/08/2024 18:00:00 - 26/08/2024 19:00:00,""BZN|NO3"",""Without Sequence"",""0.46"","""","""""
"26/08/2024 19:00:00 - 26/08/2024 20:00:00,""BZN|NO3"",""Without Sequence"",""0.19"","""","""""
"26/08/2024 20:00:00 - 26/08/2024 21:00:00,""BZN|NO3"",""Without Sequence"",""0.14"","""","""""
"26/08/2024 21:00:00 - 26/08/2024 22:00:00,""BZN|NO3"",""Without Sequence"",""0.08"","""","""""
"26/08/2024 22:00:00 - 26/08/2024 23:00:00,""BZN|NO3"",""Without Sequence"",""0.00"","""","""""
"26/08/2024 23:00:00 - 27/08/2024 00:00:00,""BZN|NO3"",""Without Sequence"",""-0.02"","""","""""
"27/08/2024 00:00:00 - 27/08/2024 01:00:00,""BZN|NO3"",""Without Sequence"",""-0.05"","""","""""
"27/08/2024 01:00:00 - 27/08/2024 02:00:00,""BZN|NO3"",""Without Sequence"",""-0.05"","""","""""
"27/08/2024 02:00:00 - 27/08/2024 03:00:00,""BZN|NO3"",""Without Sequence"",""-0.06"","""","""""
"27/08/2024 03:00:00 - 27/08/2024 04:00:00,""BZN|NO3"",""Without Sequence"",""-0.07"","""","""""
"27/08/2024 04:00:00 - 27/08/2024 05:00:00,""BZN|NO3"",""Without Sequence"",""-0.05"","""","""""
"27/08/2024 05:00:00 - 27/08/2024 06:00:00,""BZN|NO3"",""Without Sequence"",""0.09"","""","""""
"27/08/2024 06:00:00 - 27/08/2024 07:00:00,""BZN|NO3"",""Without Sequence"",""1.95"","""","""""
"27/08/2024 07:00:00 - 27/08/2024 08:00:00,""BZN|NO3"",""Without Sequence"",""3.68"","""","""""
"27/08/2024 08:00:00 - 27/08/2024 09:00:00,""BZN|NO3"",""Without Sequence"",""4.33"","""","""""
"27/08/2024 09:00:00 - 27/08/2024 10:00:00,""BZN|NO3"",""Without Sequence"",""4.58"","""","""""
"27/08/2024 10:00:00 - 27/08/2024 11:00:00,""BZN|NO3"",""Without Sequence"",""4.41"","""","""""
"27/08/2024 11:00:00 - 27/08/2024 12:00:00,""BZN|NO3"",""Without Sequence"",""4.10"","""","""""
"27/08/2024 12:00:00 - 27/08/2024 13:00:00,""BZN|NO3"",""Without Sequence"",""3.90"","""","""""
"27/08/2024 13:00:00 - 27/08/2024 14:00:00,""BZN|NO3"",""Without Sequence"",""1.18"","""","""""
"27/08/2024 14:00:00 - 27/08/2024 15:00:00,""BZN|NO3"",""Without Sequence"",""2.28"","""","""""
"27/08/2024 15:00:00 - 27/08/2024 16:00:00,""BZN|NO3"",""Without Sequence"",""3.08"","""","""""
"27/08/2024 16:00:00 - 27/08/2024 17:00:00,""BZN|NO3"",""Without Sequence"",""3.60"","""","""""
"27/08/2024 17:00:00 - 27/08/2024 18:00:00,""BZN|NO3"",""Without Sequence"",""4.18"","""","""""
"27/08/2024 18:00:00 - 27/08/2024 19:00:00,""BZN|NO3"",""Without Sequence"",""4.58"","""","""""
"27/08/2024 19:00:00 - 27/08/2024 20:00:00,""BZN|NO3"",""Without Sequence"",""4.21"","""","""""
"27/08/2024 20:00:00 - 27/08/2024 21:00:00,""BZN|NO3"",""Without Sequence"",""3.31"","""","""""
"27/08/2024 21:00:00 - 27/08/2024 22:00:00,""BZN|NO3"",""Without Sequence"",""2.52"","""","""""
"27/08/2024 22:00:00 - 27/08/2024 23:00:00,""BZN|NO3"",""Without Sequence"",""1.11"","""","""""
"27/08/2024 23:00:00 - 28/08/2024 00:00:00,""BZN|NO3"",""Without Sequence"",""0.00"","""","""""
"28/08/2024 00:00:00 - 28/08/2024 01:00:00,""BZN|NO3"",""Without Sequence"",""-0.01"","""","""""
"28/08/2024 01:00:00 - 28/08/2024 02:00:00,""BZN|NO3"",""Without Sequence"",""-0.01"","""","""""
"28/08/2024 02:00:00 - 28/08/2024 03:00:00,""BZN|NO3"",""Without Sequence"",""-0.01"","""","""""
"28/08/2024 03:00:00 - 28/08/2024 04:00:00,""BZN|NO3"",""Without Sequence"",""-0.01"","""","""""
"28/08/2024 04:00:00 - 28/08/2024 05:00:00,""BZN|NO3"",""Without Sequence"",""0.00"","""","""""
"28/08/2024 05:00:00 - 28/08/2024 06:00:00,""BZN|NO3"",""Without Sequence"",""0.00"","""","""""
"28/08/2024 06:00:00 - 28/08/2024 07:00:00,""BZN|NO3"",""Without Sequence"",""1.63"","""","""""
"28/08/2024 07:00:00 - 28/08/2024 08:00:00,""BZN|NO3"",""Without Sequence"",""3.79"","""","""""
"28/08/2024 08:00:00 - 28/08/2024 09:00:00,""BZN|NO3"",""Without Sequence"",""4.43"","""","""""
"28/08/2024 09:00:00 - 28/08/2024 10:00:00,""BZN|NO3"",""Without Sequence"",""4.55"","""","""""
"28/08/2024 10:00:00 - 28/08/2024 11:00:00,""BZN|NO3"",""Without Sequence"",""4.33"","""","""""
"28/08/2024 11:00:00 - 28/08/2024 12:00:00,""BZN|NO3"",""Without Sequence"",""4.19"","""","""""
"28/08/2024 12:00:00 - 28/08/2024 13:00:00,""BZN|NO3"",""Without Sequence"",""4.25"","""","""""
"28/08/2024 13:00:00 - 28/08/2024 14:00:00,""BZN|NO3"",""Without Sequence"",""7.58"","""","""""
"28/08/2024 14:00:00 - 28/08/2024 15:00:00,""BZN|NO3"",""Without Sequence"",""7.92"","""","""""
"28/08/2024 15:00:00 - 28/08/2024 16:00:00,""BZN|NO3"",""Without Sequence"",""7.76"","""","""""
"28/08/2024 16:00:00 - 28/08/2024 17:00:00,""BZN|NO3"",""Without Sequence"",""8.23"","""","""""
"28/08/2024 17:00:00 - 28/08/2024 18:00:00,""BZN|NO3"",""Without Sequence"",""9.09"","""","""""
"28/08/2024 18:00:00 - 28/08/2024 19:00:00,""BZN|NO3"",""Without Sequence"",""9.34"","""","""""
"28/08/2024 19:00:00 - 28/08/2024 20:00:00,""BZN|NO3"",""Without Sequence"",""9.21"","""","""""
"28/08/2024 20:00:00 - 28/08/2024 21:00:00,""BZN|NO3"",""Without Sequence"",""10.02"","""","""""
"28/08/2024 21:00:00 - 28/08/2024 22:00:00,""BZN|NO3"",""Without Sequence"",""5.00"","""","""""
"28/08/2024 22:00:00 - 28/08/2024 23:00:00,""BZN|NO3"",""Without Sequence"",""3.79"","""","""""
"28/08/2024 23:00:00 - 29/08/2024 00:00:00,""BZN|NO3"",""Without Sequence"",""2.51"","""","""""
"29/08/2024 00:00:00 - 29/08/2024 01:00:00,""BZN|NO3"",""Without Sequence"",""3.02"","""","""""
"29/08/2024 01:00:00 - 29/08/2024 02:00:00,""BZN|NO3"",""Without Sequence"",""2.61"","""","""""
"29/08/2024 02:00:00 - 29/08/2024 03:00:00,""BZN|NO3"",""Without Sequence"",""2.60"","""","""""
"29/08/2024 03:00:00 - 29/08/2024 04:00:00,""BZN|NO3"",""Without Sequence"",""2.39"","""","""""
"29/08/2024 04:00:00 - 29/08/2024 05:00:00,""BZN|NO3"",""Without Sequence"",""1.98"","""","""""
"29/08/2024 05:00:00 - 29/08/2024 06:00:00,""BZN|NO3"",""Without Sequence"",""2.97"","""","""""
"29/08/2024 06:00:00 - 29/08/2024 07:00:00,""BZN|NO3"",""Without Sequence"",""5.63"","""","""""
"29/08/2024 07:00:00 - 29/08/2024 08:00:00,""BZN|NO3"",""Without Sequence"",""6.98"","""","""""
"29/08/2024 08:00:00 - 29/08/2024 09:00:00,""BZN|NO3"",""Without Sequence"",""9.89"","""","""""
"29/08/2024 09:00:00 - 29/08/2024 10:00:00,""BZN|NO3"",""Without Sequence"",""11.38"","""","""""
"29/08/2024 10:00:00 - 29/08/2024 11:00:00,""BZN|NO3"",""Without Sequence"",""9.42"","""","""""
"29/08/2024 11:00:00 - 29/08/2024 12:00:00,""BZN|NO3"",""Without Sequence"",""5.35"","""","""""
"29/08/2024 12:00:00 - 29/08/2024 13:00:00,""BZN|NO3"",""Without Sequence"",""4.93"","""","""""
"29/08/2024 13:00:00 - 29/08/2024 14:00:00,""BZN|NO3"",""Without Sequence"",""4.90"","""","""""
"29/08/2024 14:00:00 - 29/08/2024 15:00:00,""BZN|NO3"",""Without Sequence"",""4.25"","""","""""
"29/08/2024 15:00:00 - 29/08/2024 16:00:00,""BZN|NO3"",""Without Sequence"",""4.27"","""","""""
"29/08/2024 16:00:00 - 29/08/2024 17:00:00,""BZN|NO3"",""Without Sequence"",""4.42"","""","""""
"29/08/2024 17:00:00 - 29/08/2024 18:00:00,""BZN|NO3"",""Without Sequence"",""5.32"","""","""""
"29/08/2024 18:00:00 - 29/08/2024 19:00:00,""BZN|NO3"",""Without Sequence"",""10.22"","""","""""
"29/08/2024 19:00:00 - 29/08/2024 20:00:00,""BZN|NO3"",""Without Sequence"",""5.75"","""","""""
"29/08/2024 20:00:00 - 29/08/2024 21:00:00,""BZN|NO3"",""Without Sequence"",""5.59"","""","""""
"29/08/2024 21:00:00 - 29/08/2024 22:00:00,""BZN|NO3"",""Without Sequence"",""6.77"","""","""""
"29/08/2024 22:00:00 - 29/08/2024 23:00:00,""BZN|NO3"",""Without Sequence"",""4.21"","""","""""
"29/08/2024 23:00:00 - 30/08/2024 00:00:00,""BZN|NO3"",""Without Sequence"",""1.69"","""","""""
"30/08/2024 00:00:00 - 30/08/2024 01:00:00,""BZN|NO3"",""Without Sequence"",""0.02"","""","""""
"30/08/2024 01:00:00 - 30/08/2024 02:00:00,""BZN|NO3"",""Without Sequence"",""0.27"","""","""""
"30/08/2024 02:00:00 - 30/08/2024 03:00:00,""BZN|NO3"",""Without Sequence"",""0.15"","""","""""
"30/08/2024 03:00:00 - 30/08/2024 04:00:00,""BZN|NO3"",""Without Sequence"",""0.29"","""","""""
"30/08/2024 04:00:00 - 30/08/2024 05:00:00,""BZN|NO3"",""Without Sequence"",""1.53"","""","""""
"30/08/2024 05:00:00 - 30/08/2024 06:00:00,""BZN|NO3"",""Without Sequence"",""1.66"","""","""""
"30/08/2024 06:00:00 - 30/08/2024 07:00:00,""BZN|NO3"",""Without Sequence"",""4.29"","""","""""
"30/08/2024 07:00:00 - 30/08/2024 08:00:00,""BZN|NO3"",""Without Sequence"",""10.45"","""","""""
"30/08/2024 08:00:00 - 30/08/2024 09:00:00,""BZN|NO3"",""Without Sequence"",""11.55"","""","""""
"30/08/2024 09:00:00 - 30/08/2024 10:00:00,""BZN|NO3"",""Without Sequence"",""11.71"","""","""""
"30/08/2024 10:00:00 - 30/08/2024 11:00:00,""BZN|NO3"",""Without Sequence"",""11.67"","""","""""
"30/08/2024 11:00:00 - 30/08/2024 12:00:00,""BZN|NO3"",""Without Sequence"",""11.72"","""","""""
"30/08/2024 12:00:00 - 30/08/2024 13:00:00,""BZN|NO3"",""Without Sequence"",""12.20"","""","""""
"30/08/2024 13:00:00 - 30/08/2024 14:00:00,""BZN|NO3"",""Without Sequence"",""13.24"","""","""""
"30/08/2024 14:00:00 - 30/08/2024 15:00:00,""BZN|NO3"",""Without Sequence"",""12.79"","""","""""
"30/08/2024 15:00:00 - 30/08/2024 16:00:00,""BZN|NO3"",""Without Sequence"",""16.36"","""","""""
"30/08/2024 16:00:00 - 30/08/2024 17:00:00,""BZN|NO3"",""Without Sequence"",""16.35"","""","""""
"30/08/2024 17:00:00 - 30/08/2024 18:00:00,""BZN|NO3"",""Without Sequence"",""16.11"","""","""""
"30/08/2024 18:00:00 - 30/08/2024 19:00:00,""BZN|NO3"",""Without Sequence"",""14.79"","""","""""
"30/08/2024 19:00:00 - 30/08/2024 20:00:00,""BZN|NO3"",""Without Sequence"",""12.53"","""","""""
"30/08/2024 20:00:00 - 30/08/2024 21:00:00,""BZN|NO3"",""Without Sequence"",""11.90"","""","""""
"30/08/2024 21:00:00 - 30/08/2024 22:00:00,""BZN|NO3"",""Without Sequence"",""10.69"","""","""""
"30/08/2024 22:00:00 - 30/08/2024 23:00:00,""BZN|NO3"",""Without Sequence"",""6.17"","""","""""
"30/08/2024 23:00:00 - 31/08/2024 00:00:00,""BZN|NO3"",""Without Sequence"",""3.03"","""","""""
"31/08/2024 00:00:00 - 31/08/2024 01:00:00,""BZN|NO3"",""Without Sequence"",""0.41"","""","""""
"31/08/2024 01:00:00 - 31/08/2024 02:00:00,""BZN|NO3"",""Without Sequence"",""0.00"","""","""""
"31/08/2024 02:00:00 - 31/08/2024 03:00:00,""BZN|NO3"",""Without Sequence"",""0.00"","""","""""
"31/08/2024 03:00:00 - 31/08/2024 04:00:00,""BZN|NO3"",""Without Sequence"",""0.00"","""","""""
"31/08/2024 04:00:00 - 31/08/2024 05:00:00,""BZN|NO3"",""Without Sequence"",""0.01"","""","""""
"31/08/2024 05:00:00 - 31/08/2024 06:00:00,""BZN|NO3"",""Without Sequence"",""0.41"","""","""""
"31/08/2024 06:00:00 - 31/08/2024 07:00:00,""BZN|NO3"",""Without Sequence"",""2.60"","""","""""
"31/08/2024 07:00:00 - 31/08/2024 08:00:00,""BZN|NO3"",""Without Sequence"",""2.91"","""","""""
"31/08/2024 08:00:00 - 31/08/2024 09:00:00,""BZN|NO3"",""Without Sequence"",""3.05"","""","""""
"31/08/2024 09:00:00 - 31/08/2024 10:00:00,""BZN|NO3"",""Without Sequence"",""3.06"","""","""""
"31/08/2024 10:00:00 - 31/08/2024 11:00:00,""BZN|NO3"",""Without Sequence"",""4.79"","""","""""
"31/08/2024 11:00:00 - 31/08/2024 12:00:00,""BZN|NO3"",""Without Sequence"",""4.92"","""","""""
"31/08/2024 12:00:00 - 31/08/2024 13:00:00,""BZN|NO3"",""Without Sequence"",""4.32"","""","""""
"31/08/2024 13:00:00 - 31/08/2024 14:00:00,""BZN|NO3"",""Without Sequence"",""3.20"","""","""""
"31/08/2024 14:00:00 - 31/08/2024 15:00:00,""BZN|NO3"",""Without Sequence"",""8.69"","""","""""
"31/08/2024 15:00:00 - 31/08/2024 16:00:00,""BZN|NO3"",""Without Sequence"",""8.70"","""","""""
"31/08/2024 16:00:00 - 31/08/2024 17:00:00,""BZN|NO3"",""Without Sequence"",""8.69"","""","""""
"31/08/2024 17:00:00 - 31/08/2024 18:00:00,""BZN|NO3"",""Without Sequence"",""8.59"","""","""""
"31/08/2024 18:00:00 - 31/08/2024 19:00:00,""BZN|NO3"",""Without Sequence"",""12.31"","""","""""
"31/08/2024 19:00:00 - 31/08/2024 20:00:00,""BZN|NO3"",""Without Sequence"",""12.43"","""","""""
"31/08/2024 20:00:00 - 31/08/2024 21:00:00,""BZN|NO3"",""Without Sequence"",""12.84"","""","""""
"31/08/2024 21:00:00 - 31/08/2024 22:00:00,""BZN|NO3"",""Without Sequence"",""13.17"","""","""""
"31/08/2024 22:00:00 - 31/08/2024 23:00:00,""BZN|NO3"",""Without Sequence"",""13.11"","""","""""
"31/08/2024 23:00:00 - 01/09/2024 00:00:00,""BZN|NO3"",""Without Sequence"",""12.91"","""","""""
"01/09/2024 00:00:00 - 01/09/2024 01:00:00,""BZN|NO3"",""Without Sequence"",""12.87"","""","""""
"01/09/2024 01:00:00 - 01/09/2024 02:00:00,""BZN|NO3"",""Without Sequence"",""12.80"","""","""""
"01/09/2024 02:00:00 - 01/09/2024 03:00:00,""BZN|NO3"",""Without Sequence"",""12.77"","""","""""
"01/09/2024 03:00:00 - 01/09/2024 04:00:00,""BZN|NO3"",""Without Sequence"",""12.97"","""","""""
"01/09/2024 04:00:00 - 01/09/2024 05:00:00,""BZN|NO3"",""Without Sequence"",""13.31"","""","""""
"01/09/2024 05:00:00 - 01/09/2024 06:00:00,""BZN|NO3"",""Without Sequence"",""12.83"","""","""""
"01/09/2024 06:00:00 - 01/09/2024 07:00:00,""BZN|NO3"",""Without Sequence"",""12.62"","""","""""
"01/09/2024 07:00:00 - 01/09/2024 08:00:00,""BZN|NO3"",""Without Sequence"",""12.74"","""","""""
"01/09/2024 08:00:00 - 01/09/2024 09:00:00,""BZN|NO3"",""Without Sequence"",""14.99"","""","""""
"01/09/2024 09:00:00 - 01/09/2024 10:00:00,""BZN|NO3"",""Without Sequence"",""15.35"","""","""""
"01/09/2024 10:00:00 - 01/09/2024 11:00:00,""BZN|NO3"",""Without Sequence"",""15.26"","""","""""
"01/09/2024 11:00:00 - 01/09/2024 12:00:00,""BZN|NO3"",""Without Sequence"",""15.31"","""","""""
"01/09/2024 12:00:00 - 01/09/2024 13:00:00,""BZN|NO3"",""Without Sequence"",""15.65"","""","""""
"01/09/2024 13:00:00 - 01/09/2024 14:00:00,""BZN|NO3"",""Without Sequence"",""15.65"","""","""""
"01/09/2024 14:00:00 - 01/09/2024 15:00:00,""BZN|NO3"",""Without Sequence"",""15.46"","""","""""
"01/09/2024 15:00:00 - 01/09/2024 16:00:00,""BZN|NO3"",""Without Sequence"",""15.65"","""","""""
"01/09/2024 16:00:00 - 01/09/2024 17:00:00,""BZN|NO3"",""Without Sequence"",""15.69"","""","""""
"01/09/2024 17:00:00 - 01/09/2024 18:00:00,""BZN|NO3"",""Without Sequence"",""16.00"","""","""""
"01/09/2024 18:00:00 - 01/09/2024 19:00:00,""BZN|NO3"",""Without Sequence"",""16.88"","""","""""
"01/09/2024 19:00:00 - 01/09/2024 20:00:00,""BZN|NO3"",""Without Sequence"",""16.56"","""","""""
"01/09/2024 20:00:00 - 01/09/2024 21:00:00,""BZN|NO3"",""Without Sequence"",""16.98"","""","""""
"01/09/2024 21:00:00 - 01/09/2024 22:00:00,""BZN|NO3"",""Without Sequence"",""16.56"","""","""""
"01/09/2024 22:00:00 - 01/09/2024 23:00:00,""BZN|NO3"",""Without Sequence"",""16.11"","""","""""
"01/09/2024 23:00:00 - 02/09/2024 00:00:00,""BZN|NO3"",""Without Sequence"",""15.26"","""","""""
"02/09/2024 00:00:00 - 02/09/2024 01:00:00,""BZN|NO3"",""Without Sequence"",""13.47"","""","""""
"02/09/2024 01:00:00 - 02/09/2024 02:00:00,""BZN|NO3"",""Without Sequence"",""12.68"","""","""""
"02/09/2024 02:00:00 - 02/09/2024 03:00:00,""BZN|NO3"",""Without Sequence"",""10.88"","""","""""
"02/09/2024 03:00:00 - 02/09/2024 04:00:00,""BZN|NO3"",""Without Sequence"",""10.19"","""","""""
"02/09/2024 04:00:00 - 02/09/2024 05:00:00,""BZN|NO3"",""Without Sequence"",""9.89"","""","""""
"02/09/2024 05:00:00 - 02/09/2024 06:00:00,""BZN|NO3"",""Without Sequence"",""5.10"","""","""""
"02/09/2024 06:00:00 - 02/09/2024 07:00:00,""BZN|NO3"",""Without Sequence"",""7.29"","""","""""
"02/09/2024 07:00:00 - 02/09/2024 08:00:00,""BZN|NO3"",""Without Sequence"",""8.75"","""","""""
"02/09/2024 08:00:00 - 02/09/2024 09:00:00,""BZN|NO3"",""Without Sequence"",""8.81"","""","""""
"02/09/2024 09:00:00 - 02/09/2024 10:00:00,""BZN|NO3"",""Without Sequence"",""9.29"","""","""""
"02/09/2024 10:00:00 - 02/09/2024 11:00:00,""BZN|NO3"",""Without Sequence"",""9.02"","""","""""
"02/09/2024 11:00:00 - 02/09/2024 12:00:00,""BZN|NO3"",""Without Sequence"",""9.35"","""","""""
"02/09/2024 12:00:00 - 02/09/2024 13:00:00,""BZN|NO3"",""Without Sequence"",""8.59"","""","""""
"02/09/2024 13:00:00 - 02/09/2024 14:00:00,""BZN|NO3"",""Without Sequence"",""8.62"","""","""""
"02/09/2024 14:00:00 - 02/09/2024 15:00:00,""BZN|NO3"",""Without Sequence"",""5.96"","""","""""
"02/09/2024 15:00:00 - 02/09/2024 16:00:00,""BZN|NO3"",""Without Sequence"",""6.05"","""","""""
"02/09/2024 16:00:00 - 02/09/2024 17:00:00,""BZN|NO3"",""Without Sequence"",""7.30"","""","""""
"02/09/2024 17:00:00 - 02/09/2024 18:00:00,""BZN|NO3"",""Without Sequence"",""7.83"","""","""""
"02/09/2024 18:00:00 - 02/09/2024 19:00:00,""BZN|NO3"",""Without Sequence"",""8.59"","""","""""
"02/09/2024 19:00:00 - 02/09/2024 20:00:00,""BZN|NO3"",""Without Sequence"",""9.01"","""","""""
"02/09/2024 20:00:00 - 02/09/2024 21:00:00,""BZN|NO3"",""Without Sequence"",""9.17"","""","""""
"02/09/2024 21:00:00 - 02/09/2024 22:00:00,""BZN|NO3"",""Without Sequence"",""8.26"","""","""""
"02/09/2024 22:00:00 - 02/09/2024 23:00:00,""BZN|NO3"",""Without Sequence"",""6.89"","""","""""
"02/09/2024 23:00:00 - 03/09/2024 00:00:00,""BZN|NO3"",""Without Sequence"",""5.26"","""","""""
"03/09/2024 00:00:00 - 03/09/2024 01:00:00,""BZN|NO3"",""Without Sequence"",""4.57"","""","""""
"03/09/2024 01:00:00 - 03/09/2024 02:00:00,""BZN|NO3"",""Without Sequence"",""4.24"","""","""""
"03/09/2024 02:00:00 - 03/09/2024 03:00:00,""BZN|NO3"",""Without Sequence"",""4.12"","""","""""
"03/09/2024 03:00:00 - 03/09/2024 04:00:00,""BZN|NO3"",""Without Sequence"",""4.20"","""","""""
"03/09/2024 04:00:00 - 03/09/2024 05:00:00,""BZN|NO3"",""Without Sequence"",""4.76"","""","""""
"03/09/2024 05:00:00 - 03/09/2024 06:00:00,""BZN|NO3"",""Without Sequence"",""5.57"","""","""""
"03/09/2024 06:00:00 - 03/09/2024 07:00:00,""BZN|NO3"",""Without Sequence"",""8.54"","""","""""
"03/09/2024 07:00:00 - 03/09/2024 08:00:00,""BZN|NO3"",""Without Sequence"",""9.42"","""","""""
"03/09/2024 08:00:00 - 03/09/2024 09:00:00,""BZN|NO3"",""Without Sequence"",""9.54"","""","""""
"03/09/2024 09:00:00 - 03/09/2024 10:00:00,""BZN|NO3"",""Without Sequence"",""8.74"","""","""""
"03/09/2024 10:00:00 - 03/09/2024 11:00:00,""BZN|NO3"",""Without Sequence"",""7.11"","""","""""
"03/09/2024 11:00:00 - 03/09/2024 12:00:00,""BZN|NO3"",""Without Sequence"",""5.63"","""","""""
"03/09/2024 12:00:00 - 03/09/2024 13:00:00,""BZN|NO3"",""Without Sequence"",""4.96"","""","""""
"03/09/2024 13:00:00 - 03/09/2024 14:00:00,""BZN|NO3"",""Without Sequence"",""4.92"","""","""""
"03/09/2024 14:00:00 - 03/09/2024 15:00:00,""BZN|NO3"",""Without Sequence"",""4.50"","""","""""
"03/09/2024 15:00:00 - 03/09/2024 16:00:00,""BZN|NO3"",""Without Sequence"",""4.30"","""","""""
"03/09/2024 16:00:00 - 03/09/2024 17:00:00,""BZN|NO3"",""Without Sequence"",""4.23"","""","""""
"03/09/2024 17:00:00 - 03/09/2024 18:00:00,""BZN|NO3"",""Without Sequence"",""4.09"","""","""""
"03/09/2024 18:00:00 - 03/09/2024 19:00:00,""BZN|NO3"",""Without Sequence"",""4.18"","""","""""
"03/09/2024 19:00:00 - 03/09/2024 20:00:00,""BZN|NO3"",""Without Sequence"",""4.14"","""","""""
"03/09/2024 20:00:00 - 03/09/2024 21:00:00,""BZN|NO3"",""Without Sequence"",""4.03"","""","""""
"03/09/2024 21:00:00 - 03/09/2024 22:00:00,""BZN|NO3"",""Without Sequence"",""3.70"","""","""""
"03/09/2024 22:00:00 - 03/09/2024 23:00:00,""BZN|NO3"",""Without Sequence"",""3.35"","""","""""
"03/09/2024 23:00:00 - 04/09/2024 00:00:00,""BZN|NO3"",""Without Sequence"",""3.81"","""","""""
"04/09/2024 00:00:00 - 04/09/2024 01:00:00,""BZN|NO3"",""Without Sequence"",""12.51"","""","""""
"04/09/2024 01:00:00 - 04/09/2024 02:00:00,""BZN|NO3"",""Without Sequence"",""12.54"","""","""""
"04/09/2024 02:00:00 - 04/09/2024 03:00:00,""BZN|NO3"",""Without Sequence"",""12.64"","""","""""
"04/09/2024 03:00:00 - 04/09/2024 04:00:00,""BZN|NO3"",""Without Sequence"",""12.30"","""","""""
"04/09/2024 04:00:00 - 04/09/2024 05:00:00,""BZN|NO3"",""Without Sequence"",""11.73"","""","""""
"04/09/2024 05:00:00 - 04/09/2024 06:00:00,""BZN|NO3"",""Without Sequence"",""11.28"","""","""""
"04/09/2024 06:00:00 - 04/09/2024 07:00:00,""BZN|NO3"",""Without Sequence"",""11.37"","""","""""
"04/09/2024 07:00:00 - 04/09/2024 08:00:00,""BZN|NO3"",""Without Sequence"",""11.64"","""","""""
"04/09/2024 08:00:00 - 04/09/2024 09:00:00,""BZN|NO3"",""Without Sequence"",""11.14"","""","""""
"04/09/2024 09:00:00 - 04/09/2024 10:00:00,""BZN|NO3"",""Without Sequence"",""11.50"","""","""""
"04/09/2024 10:00:00 - 04/09/2024 11:00:00,""BZN|NO3"",""Without Sequence"",""11.51"","""","""""
"04/09/2024 11:00:00 - 04/09/2024 12:00:00,""BZN|NO3"",""Without Sequence"",""12.01"","""","""""
"04/09/2024 12:00:00 - 04/09/2024 13:00:00,""BZN|NO3"",""Without Sequence"",""11.84"","""","""""
"04/09/2024 13:00:00 - 04/09/2024 14:00:00,""BZN|NO3"",""Without Sequence"",""11.96"","""","""""
"04/09/2024 14:00:00 - 04/09/2024 15:00:00,""BZN|NO3"",""Without Sequence"",""12.12"","""","""""
"04/09/2024 15:00:00 - 04/09/2024 16:00:00,""BZN|NO3"",""Without Sequence"",""12.01"","""","""""
"04/09/2024 16:00:00 - 04/09/2024 17:00:00,""BZN|NO3"",""Without Sequence"",""12.71"","""","""""
"04/09/2024 17:00:00 - 04/09/2024 18:00:00,""BZN|NO3"",""Without Sequence"",""13.40"","""","""""
"04/09/2024 18:00:00 - 04/09/2024 19:00:00,""BZN|NO3"",""Without Sequence"",""14.16"","""","""""
"04/09/2024 19:00:00 - 04/09/2024 20:00:00,""BZN|NO3"",""Without Sequence"",""15.63"","""","""""
"04/09/2024 20:00:00 - 04/09/2024 21:00:00,""BZN|NO3"",""Without Sequence"",""15.63"","""","""""
"04/09/2024 21:00:00 - 04/09/2024 22:00:00,""BZN|NO3"",""Without Sequence"",""15.45"","""","""""
"04/09/2024 22:00:00 - 04/09/2024 23:00:00,""BZN|NO3"",""Without Sequence"",""15.90"","""","""""
"04/09/2024 23:00:00 - 05/09/2024 00:00:00,""BZN|NO3"",""Without Sequence"",""15.33"","""","""""
"05/09/2024 00:00:00 - 05/09/2024 01:00:00,""BZN|NO3"",""Without Sequence"",""15.62"","""","""""
"05/09/2024 01:00:00 - 05/09/2024 02:00:00,""BZN|NO3"",""Without Sequence"",""15.19"","""","""""
"05/09/2024 02:00:00 - 05/09/2024 03:00:00,""BZN|NO3"",""Without Sequence"",""14.45"","""","""""
"05/09/2024 03:00:00 - 05/09/2024 04:00:00,""BZN|NO3"",""Without Sequence"",""13.91"","""","""""
"05/09/2024 04:00:00 - 05/09/2024 05:00:00,""BZN|NO3"",""Without Sequence"",""14.61"","""","""""
"05/09/2024 05:00:00 - 05/09/2024 06:00:00,""BZN|NO3"",""Without Sequence"",""13.52"","""","""""
"05/09/2024 06:00:00 - 05/09/2024 07:00:00,""BZN|NO3"",""Without Sequence"",""14.66"","""","""""
"05/09/2024 07:00:00 - 05/09/2024 08:00:00,""BZN|NO3"",""Without Sequence"",""15.53"","""","""""
"05/09/2024 08:00:00 - 05/09/2024 09:00:00,""BZN|NO3"",""Without Sequence"",""15.96"","""","""""
"05/09/2024 09:00:00 - 05/09/2024 10:00:00,""BZN|NO3"",""Without Sequence"",""17.15"","""","""""
"05/09/2024 10:00:00 - 05/09/2024 11:00:00,""BZN|NO3"",""Without Sequence"",""17.99"","""","""""
"05/09/2024 11:00:00 - 05/09/2024 12:00:00,""BZN|NO3"",""Without Sequence"",""15.77"","""","""""
"05/09/2024 12:00:00 - 05/09/2024 13:00:00,""BZN|NO3"",""Without Sequence"",""14.25"","""","""""
"05/09/2024 13:00:00 - 05/09/2024 14:00:00,""BZN|NO3"",""Without Sequence"",""15.00"","""","""""
"05/09/2024 14:00:00 - 05/09/2024 15:00:00,""BZN|NO3"",""Without Sequence"",""14.88"","""","""""
"05/09/2024 15:00:00 - 05/09/2024 16:00:00,""BZN|NO3"",""Without Sequence"",""15.09"","""","""""
"05/09/2024 16:00:00 - 05/09/2024 17:00:00,""BZN|NO3"",""Without Sequence"",""15.14"","""","""""
"05/09/2024 17:00:00 - 05/09/2024 18:00:00,""BZN|NO3"",""Without Sequence"",""17.92"","""","""""
"05/09/2024 18:00:00 - 05/09/2024 19:00:00,""BZN|NO3"",""Without Sequence"",""17.21"","""","""""
"05/09/2024 19:00:00 - 05/09/2024 20:00:00,""BZN|NO3"",""Without Sequence"",""16.82"","""","""""
"05/09/2024 20:00:00 - 05/09/2024 21:00:00,""BZN|NO3"",""Without Sequence"",""16.92"","""","""""
"05/09/2024 21:00:00 - 05/09/2024 22:00:00,""BZN|NO3"",""Without Sequence"",""17.38"","""","""""
"05/09/2024 22:00:00 - 05/09/2024 23:00:00,""BZN|NO3"",""Without Sequence"",""16.17"","""","""""
"05/09/2024 23:00:00 - 06/09/2024 00:00:00,""BZN|NO3"",""Without Sequence"",""15.79"","""","""""
"06/09/2024 00:00:00 - 06/09/2024 01:00:00,""BZN|NO3"",""Without Sequence"",""14.30"","""","""""
"06/09/2024 01:00:00 - 06/09/2024 02:00:00,""BZN|NO3"",""Without Sequence"",""13.62"","""","""""
"06/09/2024 02:00:00 - 06/09/2024 03:00:00,""BZN|NO3"",""Without Sequence"",""13.06"","""","""""
"06/09/2024 03:00:00 - 06/09/2024 04:00:00,""BZN|NO3"",""Without Sequence"",""12.74"","""","""""
"06/09/2024 04:00:00 - 06/09/2024 05:00:00,""BZN|NO3"",""Without Sequence"",""13.04"","""","""""
"06/09/2024 05:00:00 - 06/09/2024 06:00:00,""BZN|NO3"",""Without Sequence"",""13.05"","""","""""
"06/09/2024 06:00:00 - 06/09/2024 07:00:00,""BZN|NO3"",""Without Sequence"",""14.42"","""","""""
"06/09/2024 07:00:00 - 06/09/2024 08:00:00,""BZN|NO3"",""Without Sequence"",""15.83"","""","""""
"06/09/2024 08:00:00 - 06/09/2024 09:00:00,""BZN|NO3"",""Without Sequence"",""16.99"","""","""""
"06/09/2024 09:00:00 - 06/09/2024 10:00:00,""BZN|NO3"",""Without Sequence"",""16.94"","""","""""
"06/09/2024 10:00:00 - 06/09/2024 11:00:00,""BZN|NO3"",""Without Sequence"",""16.33"","""","""""
"06/09/2024 11:00:00 - 06/09/2024 12:00:00,""BZN|NO3"",""Without Sequence"",""15.66"","""","""""
"06/09/2024 12:00:00 - 06/09/2024 13:00:00,""BZN|NO3"",""Without Sequence"",""14.01"","""","""""
"06/09/2024 13:00:00 - 06/09/2024 14:00:00,""BZN|NO3"",""Without Sequence"",""14.81"","""","""""
"06/09/2024 14:00:00 - 06/09/2024 15:00:00,""BZN|NO3"",""Without Sequence"",""14.61"","""","""""
"06/09/2024 15:00:00 - 06/09/2024 16:00:00,""BZN|NO3"",""Without Sequence"",""15.17"","""","""""
"06/09/2024 16:00:00 - 06/09/2024 17:00:00,""BZN|NO3"",""Without Sequence"",""15.60"","""","""""
"06/09/2024 17:00:00 - 06/09/2024 18:00:00,""BZN|NO3"",""Without Sequence"",""15.65"","""","""""
"06/09/2024 18:00:00 - 06/09/2024 19:00:00,""BZN|NO3"",""Without Sequence"",""15.39"","""","""""
"06/09/2024 19:00:00 - 06/09/2024 20:00:00,""BZN|NO3"",""Without Sequence"",""15.25"","""","""""
"06/09/2024 20:00:00 - 06/09/2024 21:00:00,""BZN|NO3"",""Without Sequence"",""15.01"","""","""""
"06/09/2024 21:00:00 - 06/09/2024 22:00:00,""BZN|NO3"",""Without Sequence"",""14.98"","""","""""
"06/09/2024 22:00:00 - 06/09/2024 23:00:00,""BZN|NO3"",""Without Sequence"",""14.74"","""","""""
"06/09/2024 23:00:00 - 07/09/2024 00:00:00,""BZN|NO3"",""Without Sequence"",""14.01"","""","""""
"07/09/2024 00:00:00 - 07/09/2024 01:00:00,""BZN|NO3"",""Without Sequence"",""11.55"","""","""""
"07/09/2024 01:00:00 - 07/09/2024 02:00:00,""BZN|NO3"",""Without Sequence"",""10.84"","""","""""
"07/09/2024 02:00:00 - 07/09/2024 03:00:00,""BZN|NO3"",""Without Sequence"",""9.91"","""","""""
"07/09/2024 03:00:00 - 07/09/2024 04:00:00,""BZN|NO3"",""Without Sequence"",""8.90"","""","""""
"07/09/2024 04:00:00 - 07/09/2024 05:00:00,""BZN|NO3"",""Without Sequence"",""8.89"","""","""""
"07/09/2024 05:00:00 - 07/09/2024 06:00:00,""BZN|NO3"",""Without Sequence"",""8.90"","""","""""
"07/09/2024 06:00:00 - 07/09/2024 07:00:00,""BZN|NO3"",""Without Sequence"",""10.80"","""","""""
"07/09/2024 07:00:00 - 07/09/2024 08:00:00,""BZN|NO3"",""Without Sequence"",""11.57"","""","""""
"07/09/2024 08:00:00 - 07/09/2024 09:00:00,""BZN|NO3"",""Without Sequence"",""12.10"","""","""""
"07/09/2024 09:00:00 - 07/09/2024 10:00:00,""BZN|NO3"",""Without Sequence"",""12.30"","""","""""
"07/09/2024 10:00:00 - 07/09/2024 11:00:00,""BZN|NO3"",""Without Sequence"",""12.62"","""","""""
"07/09/2024 11:00:00 - 07/09/2024 12:00:00,""BZN|NO3"",""Without Sequence"",""12.68"","""","""""
"07/09/2024 12:00:00 - 07/09/2024 13:00:00,""BZN|NO3"",""Without Sequence"",""12.67"","""","""""
"07/09/2024 13:00:00 - 07/09/2024 14:00:00,""BZN|NO3"",""Without Sequence"",""12.55"","""","""""
"07/09/2024 14:00:00 - 07/09/2024 15:00:00,""BZN|NO3"",""Without Sequence"",""12.62"","""","""""
"07/09/2024 15:00:00 - 07/09/2024 16:00:00,""BZN|NO3"",""Without Sequence"",""12.87"","""","""""
"07/09/2024 16:00:00 - 07/09/2024 17:00:00,""BZN|NO3"",""Without Sequence"",""12.73"","""","""""
"07/09/2024 17:00:00 - 07/09/2024 18:00:00,""BZN|NO3"",""Without Sequence"",""13.42"","""","""""
"07/09/2024 18:00:00 - 07/09/2024 19:00:00,""BZN|NO3"",""Without Sequence"",""13.65"","""","""""
"07/09/2024 19:00:00 - 07/09/2024 20:00:00,""BZN|NO3"",""Without Sequence"",""13.19"","""","""""
"07/09/2024 20:00:00 - 07/09/2024 21:00:00,""BZN|NO3"",""Without Sequence"",""13.00"","""","""""
"07/09/2024 21:00:00 - 07/09/2024 22:00:00,""BZN|NO3"",""Without Sequence"",""12.73"","""","""""
"07/09/2024 22:00:00 - 07/09/2024 23:00:00,""BZN|NO3"",""Without Sequence"",""12.63"","""","""""
"07/09/2024 23:00:00 - 08/09/2024 00:00:00,""BZN|NO3"",""Without Sequence"",""11.42"","""","""""
"08/09/2024 00:00:00 - 08/09/2024 01:00:00,""BZN|NO3"",""Without Sequence"",""9.48"","""","""""
"08/09/2024 01:00:00 - 08/09/2024 02:00:00,""BZN|NO3"",""Without Sequence"",""8.06"","""","""""
"08/09/2024 02:00:00 - 08/09/2024 03:00:00,""BZN|NO3"",""Without Sequence"",""5.91"","""","""""
"08/09/2024 03:00:00 - 08/09/2024 04:00:00,""BZN|NO3"",""Without Sequence"",""5.00"","""","""""
"08/09/2024 04:00:00 - 08/09/2024 05:00:00,""BZN|NO3"",""Without Sequence"",""4.19"","""","""""
"08/09/2024 05:00:00 - 08/09/2024 06:00:00,""BZN|NO3"",""Without Sequence"",""3.88"","""","""""
"08/09/2024 06:00:00 - 08/09/2024 07:00:00,""BZN|NO3"",""Without Sequence"",""4.21"","""","""""
"08/09/2024 07:00:00 - 08/09/2024 08:00:00,""BZN|NO3"",""Without Sequence"",""5.26"","""","""""
"08/09/2024 08:00:00 - 08/09/2024 09:00:00,""BZN|NO3"",""Without Sequence"",""6.76"","""","""""
"08/09/2024 09:00:00 - 08/09/2024 10:00:00,""BZN|NO3"",""Without Sequence"",""5.98"","""","""""
"08/09/2024 10:00:00 - 08/09/2024 11:00:00,""BZN|NO3"",""Without Sequence"",""5.92"","""","""""
"08/09/2024 11:00:00 - 08/09/2024 12:00:00,""BZN|NO3"",""Without Sequence"",""6.93"","""","""""
"08/09/2024 12:00:00 - 08/09/2024 13:00:00,""BZN|NO3"",""Without Sequence"",""5.93"","""","""""
"08/09/2024 13:00:00 - 08/09/2024 14:00:00,""BZN|NO3"",""Without Sequence"",""4.52"","""","""""
"08/09/2024 14:00:00 - 08/09/2024 15:00:00,""BZN|NO3"",""Without Sequence"",""6.64"","""","""""
"08/09/2024 15:00:00 - 08/09/2024 16:00:00,""BZN|NO3"",""Without Sequence"",""7.43"","""","""""
"08/09/2024 16:00:00 - 08/09/2024 17:00:00,""BZN|NO3"",""Without Sequence"",""5.99"","""","""""
"08/09/2024 17:00:00 - 08/09/2024 18:00:00,""BZN|NO3"",""Without Sequence"",""6.96"","""","""""
"08/09/2024 18:00:00 - 08/09/2024 19:00:00,""BZN|NO3"",""Without Sequence"",""5.90"","""","""""
"08/09/2024 19:00:00 - 08/09/2024 20:00:00,""BZN|NO3"",""Without Sequence"",""5.13"","""","""""
"08/09/2024 20:00:00 - 08/09/2024 21:00:00,""BZN|NO3"",""Without Sequence"",""3.85"","""","""""
"08/09/2024 21:00:00 - 08/09/2024 22:00:00,""BZN|NO3"",""Without Sequence"",""3.21"","""","""""
"08/09/2024 22:00:00 - 08/09/2024 23:00:00,""BZN|NO3"",""Without Sequence"",""3.21"","""","""""
"08/09/2024 23:00:00 - 09/09/2024 00:00:00,""BZN|NO3"",""Without Sequence"",""3.20"","""","""""
"09/09/2024 00:00:00 - 09/09/2024 01:00:00,""BZN|NO3"",""Without Sequence"",""0.43"","""","""""
"09/09/2024 01:00:00 - 09/09/2024 02:00:00,""BZN|NO3"",""Without Sequence"",""0.34"","""","""""
"09/09/2024 02:00:00 - 09/09/2024 03:00:00,""BZN|NO3"",""Without Sequence"",""0.04"","""","""""
"09/09/2024 03:00:00 - 09/09/2024 04:00:00,""BZN|NO3"",""Without Sequence"",""0.04"","""","""""
"09/09/2024 04:00:00 - 09/09/2024 05:00:00,""BZN|NO3"",""Without Sequence"",""0.11"","""","""""
"09/09/2024 05:00:00 - 09/09/2024 06:00:00,""BZN|NO3"",""Without Sequence"",""0.43"","""","""""
"09/09/2024 06:00:00 - 09/09/2024 07:00:00,""BZN|NO3"",""Without Sequence"",""1.83"","""","""""
"09/09/2024 07:00:00 - 09/09/2024 08:00:00,""BZN|NO3"",""Without Sequence"",""2.98"","""","""""
"09/09/2024 08:00:00 - 09/09/2024 09:00:00,""BZN|NO3"",""Without Sequence"",""3.76"","""","""""
"09/09/2024 09:00:00 - 09/09/2024 10:00:00,""BZN|NO3"",""Without Sequence"",""4.10"","""","""""
"09/09/2024 10:00:00 - 09/09/2024 11:00:00,""BZN|NO3"",""Without Sequence"",""3.60"","""","""""
"09/09/2024 11:00:00 - 09/09/2024 12:00:00,""BZN|NO3"",""Without Sequence"",""3.05"","""","""""
"09/09/2024 12:00:00 - 09/09/2024 13:00:00,""BZN|NO3"",""Without Sequence"",""2.90"","""","""""
"09/09/2024 13:00:00 - 09/09/2024 14:00:00,""BZN|NO3"",""Without Sequence"",""2.49"","""","""""
"09/09/2024 14:00:00 - 09/09/2024 15:00:00,""BZN|NO3"",""Without Sequence"",""2.60"","""","""""
"09/09/2024 15:00:00 - 09/09/2024 16:00:00,""BZN|NO3"",""Without Sequence"",""2.98"","""","""""
"09/09/2024 16:00:00 - 09/09/2024 17:00:00,""BZN|NO3"",""Without Sequence"",""3.76"","""","""""
"09/09/2024 17:00:00 - 09/09/2024 18:00:00,""BZN|NO3"",""Without Sequence"",""3.44"","""","""""
"09/09/2024 18:00:00 - 09/09/2024 19:00:00,""BZN|NO3"",""Without Sequence"",""3.19"","""","""""
"09/09/2024 19:00:00 - 09/09/2024 20:00:00,""BZN|NO3"",""Without Sequence"",""3.20"","""","""""
"09/09/2024 20:00:00 - 09/09/2024 21:00:00,""BZN|NO3"",""Without Sequence"",""3.04"","""","""""
"09/09/2024 21:00:00 - 09/09/2024 22:00:00,""BZN|NO3"",""Without Sequence"",""2.46"","""","""""
"09/09/2024 22:00:00 - 09/09/2024 23:00:00,""BZN|NO3"",""Without Sequence"",""0.81"","""","""""
"09/09/2024 23:00:00 - 10/09/2024 00:00:00,""BZN|NO3"",""Without Sequence"",""-0.02"","""","""""
"10/09/2024 00:00:00 - 10/09/2024 01:00:00,""BZN|NO3"",""Without Sequence"",""0.00"","""","""""
"10/09/2024 01:00:00 - 10/09/2024 02:00:00,""BZN|NO3"",""Without Sequence"",""-0.01"","""","""""
"10/09/2024 02:00:00 - 10/09/2024 03:00:00,""BZN|NO3"",""Without Sequence"",""-0.02"","""","""""
"10/09/2024 03:00:00 - 10/09/2024 04:00:00,""BZN|NO3"",""Without Sequence"",""-0.04"","""","""""
"10/09/2024 04:00:00 - 10/09/2024 05:00:00,""BZN|NO3"",""Without Sequence"",""0.00"","""","""""
"10/09/2024 05:00:00 - 10/09/2024 06:00:00,""BZN|NO3"",""Without Sequence"",""-0.02"","""","""""
"10/09/2024 06:00:00 - 10/09/2024 07:00:00,""BZN|NO3"",""Without Sequence"",""0.01"","""","""""
"10/09/2024 07:00:00 - 10/09/2024 08:00:00,""BZN|NO3"",""Without Sequence"",""2.01"","""","""""
"10/09/2024 08:00:00 - 10/09/2024 09:00:00,""BZN|NO3"",""Without Sequence"",""2.43"","""","""""
"10/09/2024 09:00:00 - 10/09/2024 10:00:00,""BZN|NO3"",""Without Sequence"",""2.60"","""","""""
"10/09/2024 10:00:00 - 10/09/2024 11:00:00,""BZN|NO3"",""Without Sequence"",""2.60"","""","""""
"10/09/2024 11:00:00 - 10/09/2024 12:00:00,""BZN|NO3"",""Without Sequence"",""2.91"","""","""""
"10/09/2024 12:00:00 - 10/09/2024 13:00:00,""BZN|NO3"",""Without Sequence"",""2.90"","""","""""
"10/09/2024 13:00:00 - 10/09/2024 14:00:00,""BZN|NO3"",""Without Sequence"",""3.08"","""","""""
"10/09/2024 14:00:00 - 10/09/2024 15:00:00,""BZN|NO3"",""Without Sequence"",""3.86"","""","""""
"10/09/2024 15:00:00 - 10/09/2024 16:00:00,""BZN|NO3"",""Without Sequence"",""4.91"","""","""""
"10/09/2024 16:00:00 - 10/09/2024 17:00:00,""BZN|NO3"",""Without Sequence"",""4.68"","""","""""
"10/09/2024 17:00:00 - 10/09/2024 18:00:00,""BZN|NO3"",""Without Sequence"",""4.58"","""","""""
"10/09/2024 18:00:00 - 10/09/2024 19:00:00,""BZN|NO3"",""Without Sequence"",""4.14"","""","""""
"10/09/2024 19:00:00 - 10/09/2024 20:00:00,""BZN|NO3"",""Without Sequence"",""3.04"","""","""""
"10/09/2024 20:00:00 - 10/09/2024 21:00:00,""BZN|NO3"",""Without Sequence"",""3.00"","""","""""
"10/09/2024 21:00:00 - 10/09/2024 22:00:00,""BZN|NO3"",""Without Sequence"",""1.43"","""","""""
"10/09/2024 22:00:00 - 10/09/2024 23:00:00,""BZN|NO3"",""Without Sequence"",""0.01"","""","""""
"10/09/2024 23:00:00 - 11/09/2024 00:00:00,""BZN|NO3"",""Without Sequence"",""-0.03"","""","""""
"11/09/2024 00:00:00 - 11/09/2024 01:00:00,""BZN|NO3"",""Without Sequence"",""-0.01"","""","""""
"11/09/2024 01:00:00 - 11/09/2024 02:00:00,""BZN|NO3"",""Without Sequence"",""-0.01"","""","""""
"11/09/2024 02:00:00 - 11/09/2024 03:00:00,""BZN|NO3"",""Without Sequence"",""0.00"","""","""""
"11/09/2024 03:00:00 - 11/09/2024 04:00:00,""BZN|NO3"",""Without Sequence"",""0.01"","""","""""
"11/09/2024 04:00:00 - 11/09/2024 05:00:00,""BZN|NO3"",""Without Sequence"",""0.93"","""","""""
"11/09/2024 05:00:00 - 11/09/2024 06:00:00,""BZN|NO3"",""Without Sequence"",""2.25"","""","""""
"11/09/2024 06:00:00 - 11/09/2024 07:00:00,""BZN|NO3"",""Without Sequence"",""3.33"","""","""""
"11/09/2024 07:00:00 - 11/09/2024 08:00:00,""BZN|NO3"",""Without Sequence"",""4.17"","""","""""
"11/09/2024 08:00:00 - 11/09/2024 09:00:00,""BZN|NO3"",""Without Sequence"",""4.57"","""","""""
"11/09/2024 09:00:00 - 11/09/2024 10:00:00,""BZN|NO3"",""Without Sequence"",""4.85"","""","""""
"11/09/2024 10:00:00 - 11/09/2024 11:00:00,""BZN|NO3"",""Without Sequence"",""4.70"","""","""""
"11/09/2024 11:00:00 - 11/09/2024 12:00:00,""BZN|NO3"",""Without Sequence"",""4.74"","""","""""
"11/09/2024 12:00:00 - 11/09/2024 13:00:00,""BZN|NO3"",""Without Sequence"",""4.57"","""","""""
"11/09/2024 13:00:00 - 11/09/2024 14:00:00,""BZN|NO3"",""Without Sequence"",""4.24"","""","""""
"11/09/2024 14:00:00 - 11/09/2024 15:00:00,""BZN|NO3"",""Without Sequence"",""4.17"","""","""""
"11/09/2024 15:00:00 - 11/09/2024 16:00:00,""BZN|NO3"",""Without Sequence"",""4.15"","""","""""
"11/09/2024 16:00:00 - 11/09/2024 17:00:00,""BZN|NO3"",""Without Sequence"",""4.16"","""","""""
"11/09/2024 17:00:00 - 11/09/2024 18:00:00,""BZN|NO3"",""Without Sequence"",""4.19"","""","""""
"11/09/2024 18:00:00 - 11/09/2024 19:00:00,""BZN|NO3"",""Without Sequence"",""4.24"","""","""""
"11/09/2024 19:00:00 - 11/09/2024 20:00:00,""BZN|NO3"",""Without Sequence"",""4.17"","""","""""
"11/09/2024 20:00:00 - 11/09/2024 21:00:00,""BZN|NO3"",""Without Sequence"",""4.13"","""","""""
"11/09/2024 21:00:00 - 11/09/2024 22:00:00,""BZN|NO3"",""Without Sequence"",""3.27"","""","""""
"11/09/2024 22:00:00 - 11/09/2024 23:00:00,""BZN|NO3"",""Without Sequence"",""3.00"","""","""""
"11/09/2024 23:00:00 - 12/09/2024 00:00:00,""BZN|NO3"",""Without Sequence"",""1.98"","""","""""
"12/09/2024 00:00:00 - 12/09/2024 01:00:00,""BZN|NO3"",""Without Sequence"",""0.00"","""","""""
"12/09/2024 01:00:00 - 12/09/2024 02:00:00,""BZN|NO3"",""Without Sequence"",""-0.01"","""","""""
"12/09/2024 02:00:00 - 12/09/2024 03:00:00,""BZN|NO3"",""Without Sequence"",""-0.01"","""","""""
"12/09/2024 03:00:00 - 12/09/2024 04:00:00,""BZN|NO3"",""Without Sequence"",""0.00"","""","""""
"12/09/2024 04:00:00 - 12/09/2024 05:00:00,""BZN|NO3"",""Without Sequence"",""0.45"","""","""""
"12/09/2024 05:00:00 - 12/09/2024 06:00:00,""BZN|NO3"",""Without Sequence"",""2.24"","""","""""
"12/09/2024 06:00:00 - 12/09/2024 07:00:00,""BZN|NO3"",""Without Sequence"",""3.52"","""","""""
"12/09/2024 07:00:00 - 12/09/2024 08:00:00,""BZN|NO3"",""Without Sequence"",""6.66"","""","""""
"12/09/2024 08:00:00 - 12/09/2024 09:00:00,""BZN|NO3"",""Without Sequence"",""6.24"","""","""""
"12/09/2024 09:00:00 - 12/09/2024 10:00:00,""BZN|NO3"",""Without Sequence"",""6.71"","""","""""
"12/09/2024 10:00:00 - 12/09/2024 11:00:00,""BZN|NO3"",""Without Sequence"",""6.79"","""","""""
"12/09/2024 11:00:00 - 12/09/2024 12:00:00,""BZN|NO3"",""Without Sequence"",""5.81"","""","""""
"12/09/2024 12:00:00 - 12/09/2024 13:00:00,""BZN|NO3"",""Without Sequence"",""4.93"","""","""""
"12/09/2024 13:00:00 - 12/09/2024 14:00:00,""BZN|NO3"",""Without Sequence"",""4.94"","""","""""
"12/09/2024 14:00:00 - 12/09/2024 15:00:00,""BZN|NO3"",""Without Sequence"",""5.66"","""","""""
"12/09/2024 15:00:00 - 12/09/2024 16:00:00,""BZN|NO3"",""Without Sequence"",""6.04"","""","""""
"12/09/2024 16:00:00 - 12/09/2024 17:00:00,""BZN|NO3"",""Without Sequence"",""6.27"","""","""""
"12/09/2024 17:00:00 - 12/09/2024 18:00:00,""BZN|NO3"",""Without Sequence"",""8.22"","""","""""
"12/09/2024 18:00:00 - 12/09/2024 19:00:00,""BZN|NO3"",""Without Sequence"",""6.67"","""","""""
"12/09/2024 19:00:00 - 12/09/2024 20:00:00,""BZN|NO3"",""Without Sequence"",""9.04"","""","""""
"12/09/2024 20:00:00 - 12/09/2024 21:00:00,""BZN|NO3"",""Without Sequence"",""9.70"","""","""""
"12/09/2024 21:00:00 - 12/09/2024 22:00:00,""BZN|NO3"",""Without Sequence"",""8.04"","""","""""
"12/09/2024 22:00:00 - 12/09/2024 23:00:00,""BZN|NO3"",""Without Sequence"",""6.03"","""","""""
"12/09/2024 23:00:00 - 13/09/2024 00:00:00,""BZN|NO3"",""Without Sequence"",""4.98"","""","""""
"13/09/2024 00:00:00 - 13/09/2024 01:00:00,""BZN|NO3"",""Without Sequence"",""3.78"","""","""""
"13/09/2024 01:00:00 - 13/09/2024 02:00:00,""BZN|NO3"",""Without Sequence"",""3.69"","""","""""
"13/09/2024 02:00:00 - 13/09/2024 03:00:00,""BZN|NO3"",""Without Sequence"",""3.85"","""","""""
"13/09/2024 03:00:00 - 13/09/2024 04:00:00,""BZN|NO3"",""Without Sequence"",""3.91"","""","""""
"13/09/2024 04:00:00 - 13/09/2024 05:00:00,""BZN|NO3"",""Without Sequence"",""4.17"","""","""""
"13/09/2024 05:00:00 - 13/09/2024 06:00:00,""BZN|NO3"",""Without Sequence"",""4.93"","""","""""
"13/09/2024 06:00:00 - 13/09/2024 07:00:00,""BZN|NO3"",""Without Sequence"",""5.85"","""","""""
"13/09/2024 07:00:00 - 13/09/2024 08:00:00,""BZN|NO3"",""Without Sequence"",""8.72"","""","""""
"13/09/2024 08:00:00 - 13/09/2024 09:00:00,""BZN|NO3"",""Without Sequence"",""9.79"","""","""""
"13/09/2024 09:00:00 - 13/09/2024 10:00:00,""BZN|NO3"",""Without Sequence"",""10.30"","""","""""
"13/09/2024 10:00:00 - 13/09/2024 11:00:00,""BZN|NO3"",""Without Sequence"",""9.48"","""","""""
"13/09/2024 11:00:00 - 13/09/2024 12:00:00,""BZN|NO3"",""Without Sequence"",""10.76"","""","""""
"13/09/2024 12:00:00 - 13/09/2024 13:00:00,""BZN|NO3"",""Without Sequence"",""9.97"","""","""""
"13/09/2024 13:00:00 - 13/09/2024 14:00:00,""BZN|NO3"",""Without Sequence"",""11.07"","""","""""
"13/09/2024 14:00:00 - 13/09/2024 15:00:00,""BZN|NO3"",""Without Sequence"",""9.33"","""","""""
"13/09/2024 15:00:00 - 13/09/2024 16:00:00,""BZN|NO3"",""Without Sequence"",""9.31"","""","""""
"13/09/2024 16:00:00 - 13/09/2024 17:00:00,""BZN|NO3"",""Without Sequence"",""9.99"","""","""""
"13/09/2024 17:00:00 - 13/09/2024 18:00:00,""BZN|NO3"",""Without Sequence"",""10.99"","""","""""
"13/09/2024 18:00:00 - 13/09/2024 19:00:00,""BZN|NO3"",""Without Sequence"",""10.59"","""","""""
"13/09/2024 19:00:00 - 13/09/2024 20:00:00,""BZN|NO3"",""Without Sequence"",""10.51"","""","""""
"13/09/2024 20:00:00 - 13/09/2024 21:00:00,""BZN|NO3"",""Without Sequence"",""8.81"","""","""""
"13/09/2024 21:00:00 - 13/09/2024 22:00:00,""BZN|NO3"",""Without Sequence"",""6.91"","""","""""
"13/09/2024 22:00:00 - 13/09/2024 23:00:00,""BZN|NO3"",""Without Sequence"",""5.54"","""","""""
"13/09/2024 23:00:00 - 14/09/2024 00:00:00,""BZN|NO3"",""Without Sequence"",""4.95"","""","""""
"14/09/2024 00:00:00 - 14/09/2024 01:00:00,""BZN|NO3"",""Without Sequence"",""5.31"","""","""""
"14/09/2024 01:00:00 - 14/09/2024 02:00:00,""BZN|NO3"",""Without Sequence"",""4.94"","""","""""
"14/09/2024 02:00:00 - 14/09/2024 03:00:00,""BZN|NO3"",""Without Sequence"",""4.58"","""","""""
"14/09/2024 03:00:00 - 14/09/2024 04:00:00,""BZN|NO3"",""Without Sequence"",""4.30"","""","""""
"14/09/2024 04:00:00 - 14/09/2024 05:00:00,""BZN|NO3"",""Without Sequence"",""4.29"","""","""""
"14/09/2024 05:00:00 - 14/09/2024 06:00:00,""BZN|NO3"",""Without Sequence"",""4.60"","""","""""
"14/09/2024 06:00:00 - 14/09/2024 07:00:00,""BZN|NO3"",""Without Sequence"",""6.84"","""","""""
"14/09/2024 07:00:00 - 14/09/2024 08:00:00,""BZN|NO3"",""Without Sequence"",""10.01"","""","""""
"14/09/2024 08:00:00 - 14/09/2024 09:00:00,""BZN|NO3"",""Without Sequence"",""10.70"","""","""""
"14/09/2024 09:00:00 - 14/09/2024 10:00:00,""BZN|NO3"",""Without Sequence"",""10.83"","""","""""
"14/09/2024 10:00:00 - 14/09/2024 11:00:00,""BZN|NO3"",""Without Sequence"",""11.03"","""","""""
"14/09/2024 11:00:00 - 14/09/2024 12:00:00,""BZN|NO3"",""Without Sequence"",""10.85"","""","""""
"14/09/2024 12:00:00 - 14/09/2024 13:00:00,""BZN|NO3"",""Without Sequence"",""11.03"","""","""""
"14/09/2024 13:00:00 - 14/09/2024 14:00:00,""BZN|NO3"",""Without Sequence"",""11.03"","""","""""
"14/09/2024 14:00:00 - 14/09/2024 15:00:00,""BZN|NO3"",""Without Sequence"",""11.13"","""","""""
"14/09/2024 15:00:00 - 14/09/2024 16:00:00,""BZN|NO3"",""Without Sequence"",""11.61"","""","""""
"14/09/2024 16:00:00 - 14/09/2024 17:00:00,""BZN|NO3"",""Without Sequence"",""11.80"","""","""""
"14/09/2024 17:00:00 - 14/09/2024 18:00:00,""BZN|NO3"",""Without Sequence"",""11.86"","""","""""
"14/09/2024 18:00:00 - 14/09/2024 19:00:00,""BZN|NO3"",""Without Sequence"",""11.93"","""","""""
"14/09/2024 19:00:00 - 14/09/2024 20:00:00,""BZN|NO3"",""Without Sequence"",""11.86"","""","""""
"14/09/2024 20:00:00 - 14/09/2024 21:00:00,""BZN|NO3"",""Without Sequence"",""11.36"","""","""""
"14/09/2024 21:00:00 - 14/09/2024 22:00:00,""BZN|NO3"",""Without Sequence"",""9.76"","""","""""
"14/09/2024 22:00:00 - 14/09/2024 23:00:00,""BZN|NO3"",""Without Sequence"",""7.94"","""","""""
"14/09/2024 23:00:00 - 15/09/2024 00:00:00,""BZN|NO3"",""Without Sequence"",""7.04"","""","""""
"15/09/2024 00:00:00 - 15/09/2024 01:00:00,""BZN|NO3"",""Without Sequence"",""9.27"","""","""""
"15/09/2024 01:00:00 - 15/09/2024 02:00:00,""BZN|NO3"",""Without Sequence"",""7.94"","""","""""
"15/09/2024 02:00:00 - 15/09/2024 03:00:00,""BZN|NO3"",""Without Sequence"",""7.40"","""","""""
"15/09/2024 03:00:00 - 15/09/2024 04:00:00,""BZN|NO3"",""Without Sequence"",""7.19"","""","""""
"15/09/2024 04:00:00 - 15/09/2024 05:00:00,""BZN|NO3"",""Without Sequence"",""9.40"","""","""""
"15/09/2024 05:00:00 - 15/09/2024 06:00:00,""BZN|NO3"",""Without Sequence"",""9.53"","""","""""
"15/09/2024 06:00:00 - 15/09/2024 07:00:00,""BZN|NO3"",""Without Sequence"",""9.93"","""","""""
"15/09/2024 07:00:00 - 15/09/2024 08:00:00,""BZN|NO3"",""Without Sequence"",""10.14"","""","""""
"15/09/2024 08:00:00 - 15/09/2024 09:00:00,""BZN|NO3"",""Without Sequence"",""10.76"","""","""""
"15/09/2024 09:00:00 - 15/09/2024 10:00:00,""BZN|NO3"",""Without Sequence"",""10.86"","""","""""
"15/09/2024 10:00:00 - 15/09/2024 11:00:00,""BZN|NO3"",""Without Sequence"",""11.24"","""","""""
"15/09/2024 11:00:00 - 15/09/2024 12:00:00,""BZN|NO3"",""Without Sequence"",""11.50"","""","""""
"15/09/2024 12:00:00 - 15/09/2024 13:00:00,""BZN|NO3"",""Without Sequence"",""12.07"","""","""""
"15/09/2024 13:00:00 - 15/09/2024 14:00:00,""BZN|NO3"",""Without Sequence"",""12.07"","""","""""
"15/09/2024 14:00:00 - 15/09/2024 15:00:00,""BZN|NO3"",""Without Sequence"",""12.53"","""","""""
"15/09/2024 15:00:00 - 15/09/2024 16:00:00,""BZN|NO3"",""Without Sequence"",""12.70"","""","""""
"15/09/2024 16:00:00 - 15/09/2024 17:00:00,""BZN|NO3"",""Without Sequence"",""13.21"","""","""""
"15/09/2024 17:00:00 - 15/09/2024 18:00:00,""BZN|NO3"",""Without Sequence"",""13.69"","""","""""
"15/09/2024 18:00:00 - 15/09/2024 19:00:00,""BZN|NO3"",""Without Sequence"",""15.00"","""","""""
"15/09/2024 19:00:00 - 15/09/2024 20:00:00,""BZN|NO3"",""Without Sequence"",""14.21"","""","""""
"15/09/2024 20:00:00 - 15/09/2024 21:00:00,""BZN|NO3"",""Without Sequence"",""13.85"","""","""""
"15/09/2024 21:00:00 - 15/09/2024 22:00:00,""BZN|NO3"",""Without Sequence"",""14.17"","""","""""
"15/09/2024 22:00:00 - 15/09/2024 23:00:00,""BZN|NO3"",""Without Sequence"",""14.10"","""","""""
"15/09/2024 23:00:00 - 16/09/2024 00:00:00,""BZN|NO3"",""Without Sequence"",""12.97"","""","""""
"16/09/2024 00:00:00 - 16/09/2024 01:00:00,""BZN|NO3"",""Without Sequence"",""13.34"","""","""""
"16/09/2024 01:00:00 - 16/09/2024 02:00:00,""BZN|NO3"",""Without Sequence"",""12.90"","""","""""
"16/09/2024 02:00:00 - 16/09/2024 03:00:00,""BZN|NO3"",""Without Sequence"",""12.83"","""","""""
"16/09/2024 03:00:00 - 16/09/2024 04:00:00,""BZN|NO3"",""Without Sequence"",""12.83"","""","""""
"16/09/2024 04:00:00 - 16/09/2024 05:00:00,""BZN|NO3"",""Without Sequence"",""12.86"","""","""""
"16/09/2024 05:00:00 - 16/09/2024 06:00:00,""BZN|NO3"",""Without Sequence"",""13.13"","""","""""
"16/09/2024 06:00:00 - 16/09/2024 07:00:00,""BZN|NO3"",""Without Sequence"",""18.18"","""","""""
"16/09/2024 07:00:00 - 16/09/2024 08:00:00,""BZN|NO3"",""Without Sequence"",""19.78"","""","""""
"16/09/2024 08:00:00 - 16/09/2024 09:00:00,""BZN|NO3"",""Without Sequence"",""20.73"","""","""""
"16/09/2024 09:00:00 - 16/09/2024 10:00:00,""BZN|NO3"",""Without Sequence"",""20.81"","""","""""
"16/09/2024 10:00:00 - 16/09/2024 11:00:00,""BZN|NO3"",""Without Sequence"",""20.94"","""","""""
"16/09/2024 11:00:00 - 16/09/2024 12:00:00,""BZN|NO3"",""Without Sequence"",""20.71"","""","""""
"16/09/2024 12:00:00 - 16/09/2024 13:00:00,""BZN|NO3"",""Without Sequence"",""20.33"","""","""""
"16/09/2024 13:00:00 - 16/09/2024 14:00:00,""BZN|NO3"",""Without Sequence"",""21.23"","""","""""
"16/09/2024 14:00:00 - 16/09/2024 15:00:00,""BZN|NO3"",""Without Sequence"",""20.91"","""","""""
"16/09/2024 15:00:00 - 16/09/2024 16:00:00,""BZN|NO3"",""Without Sequence"",""20.50"","""","""""
"16/09/2024 16:00:00 - 16/09/2024 17:00:00,""BZN|NO3"",""Without Sequence"",""20.08"","""","""""
"16/09/2024 17:00:00 - 16/09/2024 18:00:00,""BZN|NO3"",""Without Sequence"",""19.87"","""","""""
"16/09/2024 18:00:00 - 16/09/2024 19:00:00,""BZN|NO3"",""Without Sequence"",""19.07"","""","""""
"16/09/2024 19:00:00 - 16/09/2024 20:00:00,""BZN|NO3"",""Without Sequence"",""18.90"","""","""""
"16/09/2024 20:00:00 - 16/09/2024 21:00:00,""BZN|NO3"",""Without Sequence"",""18.81"","""","""""
"16/09/2024 21:00:00 - 16/09/2024 22:00:00,""BZN|NO3"",""Without Sequence"",""18.94"","""","""""
"16/09/2024 22:00:00 - 16/09/2024 23:00:00,""BZN|NO3"",""Without Sequence"",""18.21"","""","""""
"16/09/2024 23:00:00 - 17/09/2024 00:00:00,""BZN|NO3"",""Without Sequence"",""14.02"","""","""""
"17/09/2024 00:00:00 - 17/09/2024 01:00:00,""BZN|NO3"",""Without Sequence"",""15.97"","""","""""
"17/09/2024 01:00:00 - 17/09/2024 02:00:00,""BZN|NO3"",""Without Sequence"",""15.14"","""","""""
"17/09/2024 02:00:00 - 17/09/2024 03:00:00,""BZN|NO3"",""Without Sequence"",""14.70"","""","""""
"17/09/2024 03:00:00 - 17/09/2024 04:00:00,""BZN|NO3"",""Without Sequence"",""13.93"","""","""""
"17/09/2024 04:00:00 - 17/09/2024 05:00:00,""BZN|NO3"",""Without Sequence"",""14.28"","""","""""
"17/09/2024 05:00:00 - 17/09/2024 06:00:00,""BZN|NO3"",""Without Sequence"",""15.66"","""","""""
"17/09/2024 06:00:00 - 17/09/2024 07:00:00,""BZN|NO3"",""Without Sequence"",""18.44"","""","""""
"17/09/2024 07:00:00 - 17/09/2024 08:00:00,""BZN|NO3"",""Without Sequence"",""18.63"","""","""""
"17/09/2024 08:00:00 - 17/09/2024 09:00:00,""BZN|NO3"",""Without Sequence"",""18.80"","""","""""
"17/09/2024 09:00:00 - 17/09/2024 10:00:00,""BZN|NO3"",""Without Sequence"",""19.33"","""","""""
"17/09/2024 10:00:00 - 17/09/2024 11:00:00,""BZN|NO3"",""Without Sequence"",""19.72"","""","""""
"17/09/2024 11:00:00 - 17/09/2024 12:00:00,""BZN|NO3"",""Without Sequence"",""18.79"","""","""""
"17/09/2024 12:00:00 - 17/09/2024 13:00:00,""BZN|NO3"",""Without Sequence"",""18.59"","""","""""
"17/09/2024 13:00:00 - 17/09/2024 14:00:00,""BZN|NO3"",""Without Sequence"",""18.27"","""","""""
"17/09/2024 14:00:00 - 17/09/2024 15:00:00,""BZN|NO3"",""Without Sequence"",""18.27"","""","""""
"17/09/2024 15:00:00 - 17/09/2024 16:00:00,""BZN|NO3"",""Without Sequence"",""18.29"","""","""""
"17/09/2024 16:00:00 - 17/09/2024 17:00:00,""BZN|NO3"",""Without Sequence"",""18.89"","""","""""
"17/09/2024 17:00:00 - 17/09/2024 18:00:00,""BZN|NO3"",""Without Sequence"",""18.72"","""","""""
"17/09/2024 18:00:00 - 17/09/2024 19:00:00,""BZN|NO3"",""Without Sequence"",""18.67"","""","""""
"17/09/2024 19:00:00 - 17/09/2024 20:00:00,""BZN|NO3"",""Without Sequence"",""18.44"","""","""""
"17/09/2024 20:00:00 - 17/09/2024 21:00:00,""BZN|NO3"",""Without Sequence"",""18.13"","""","""""
"17/09/2024 21:00:00 - 17/09/2024 22:00:00,""BZN|NO3"",""Without Sequence"",""16.85"","""","""""
"17/09/2024 22:00:00 - 17/09/2024 23:00:00,""BZN|NO3"",""Without Sequence"",""14.73"","""","""""
"17/09/2024 23:00:00 - 18/09/2024 00:00:00,""BZN|NO3"",""Without Sequence"",""12.12"","""","""""
"18/09/2024 00:00:00 - 18/09/2024 01:00:00,""BZN|NO3"",""Without Sequence"",""11.34"","""","""""
"18/09/2024 01:00:00 - 18/09/2024 02:00:00,""BZN|NO3"",""Without Sequence"",""10.04"","""","""""
"18/09/2024 02:00:00 - 18/09/2024 03:00:00,""BZN|NO3"",""Without Sequence"",""8.02"","""","""""
"18/09/2024 03:00:00 - 18/09/2024 04:00:00,""BZN|NO3"",""Without Sequence"",""7.03"","""","""""
"18/09/2024 04:00:00 - 18/09/2024 05:00:00,""BZN|NO3"",""Without Sequence"",""7.04"","""","""""
"18/09/2024 05:00:00 - 18/09/2024 06:00:00,""BZN|NO3"",""Without Sequence"",""10.53"","""","""""
"18/09/2024 06:00:00 - 18/09/2024 07:00:00,""BZN|NO3"",""Without Sequence"",""11.30"","""","""""
"18/09/2024 07:00:00 - 18/09/2024 08:00:00,""BZN|NO3"",""Without Sequence"",""12.50"","""","""""
"18/09/2024 08:00:00 - 18/09/2024 09:00:00,""BZN|NO3"",""Without Sequence"",""13.13"","""","""""
"18/09/2024 09:00:00 - 18/09/2024 10:00:00,""BZN|NO3"",""Without Sequence"",""16.18"","""","""""
"18/09/2024 10:00:00 - 18/09/2024 11:00:00,""BZN|NO3"",""Without Sequence"",""16.28"","""","""""
"18/09/2024 11:00:00 - 18/09/2024 12:00:00,""BZN|NO3"",""Without Sequence"",""17.67"","""","""""
"18/09/2024 12:00:00 - 18/09/2024 13:00:00,""BZN|NO3"",""Without Sequence"",""12.99"","""","""""
"18/09/2024 13:00:00 - 18/09/2024 14:00:00,""BZN|NO3"",""Without Sequence"",""12.57"","""","""""
"18/09/2024 14:00:00 - 18/09/2024 15:00:00,""BZN|NO3"",""Without Sequence"",""13.01"","""","""""
"18/09/2024 15:00:00 - 18/09/2024 16:00:00,""BZN|NO3"",""Without Sequence"",""14.87"","""","""""
"18/09/2024 16:00:00 - 18/09/2024 17:00:00,""BZN|NO3"",""Without Sequence"",""19.57"","""","""""
"18/09/2024 17:00:00 - 18/09/2024 18:00:00,""BZN|NO3"",""Without Sequence"",""20.00"","""","""""
"18/09/2024 18:00:00 - 18/09/2024 19:00:00,""BZN|NO3"",""Without Sequence"",""20.46"","""","""""
"18/09/2024 19:00:00 - 18/09/2024 20:00:00,""BZN|NO3"",""Without Sequence"",""19.62"","""","""""
"18/09/2024 20:00:00 - 18/09/2024 21:00:00,""BZN|NO3"",""Without Sequence"",""19.37"","""","""""
"18/09/2024 21:00:00 - 18/09/2024 22:00:00,""BZN|NO3"",""Without Sequence"",""19.25"","""","""""
"18/09/2024 22:00:00 - 18/09/2024 23:00:00,""BZN|NO3"",""Without Sequence"",""18.52"","""","""""
"18/09/2024 23:00:00 - 19/09/2024 00:00:00,""BZN|NO3"",""Without Sequence"",""15.02"","""","""""
"19/09/2024 00:00:00 - 19/09/2024 01:00:00,""BZN|NO3"",""Without Sequence"",""16.02"","""","""""
"19/09/2024 01:00:00 - 19/09/2024 02:00:00,""BZN|NO3"",""Without Sequence"",""14.94"","""","""""
"19/09/2024 02:00:00 - 19/09/2024 03:00:00,""BZN|NO3"",""Without Sequence"",""13.55"","""","""""
"19/09/2024 03:00:00 - 19/09/2024 04:00:00,""BZN|NO3"",""Without Sequence"",""12.88"","""","""""
"19/09/2024 04:00:00 - 19/09/2024 05:00:00,""BZN|NO3"",""Without Sequence"",""12.83"","""","""""
"19/09/2024 05:00:00 - 19/09/2024 06:00:00,""BZN|NO3"",""Without Sequence"",""13.56"","""","""""
"19/09/2024 06:00:00 - 19/09/2024 07:00:00,""BZN|NO3"",""Without Sequence"",""17.37"","""","""""
"19/09/2024 07:00:00 - 19/09/2024 08:00:00,""BZN|NO3"",""Without Sequence"",""18.27"","""","""""
"19/09/2024 08:00:00 - 19/09/2024 09:00:00,""BZN|NO3"",""Without Sequence"",""21.58"","""","""""
"19/09/2024 09:00:00 - 19/09/2024 10:00:00,""BZN|NO3"",""Without Sequence"",""19.99"","""","""""
"19/09/2024 10:00:00 - 19/09/2024 11:00:00,""BZN|NO3"",""Without Sequence"",""18.29"","""","""""
"19/09/2024 11:00:00 - 19/09/2024 12:00:00,""BZN|NO3"",""Without Sequence"",""17.94"","""","""""
"19/09/2024 12:00:00 - 19/09/2024 13:00:00,""BZN|NO3"",""Without Sequence"",""13.80"","""","""""
"19/09/2024 13:00:00 - 19/09/2024 14:00:00,""BZN|NO3"",""Without Sequence"",""12.30"","""","""""
"19/09/2024 14:00:00 - 19/09/2024 15:00:00,""BZN|NO3"",""Without Sequence"",""12.53"","""","""""
"19/09/2024 15:00:00 - 19/09/2024 16:00:00,""BZN|NO3"",""Without Sequence"",""14.14"","""","""""
"19/09/2024 16:00:00 - 19/09/2024 17:00:00,""BZN|NO3"",""Without Sequence"",""18.00"","""","""""
"19/09/2024 17:00:00 - 19/09/2024 18:00:00,""BZN|NO3"",""Without Sequence"",""18.31"","""","""""
"19/09/2024 18:00:00 - 19/09/2024 19:00:00,""BZN|NO3"",""Without Sequence"",""18.03"","""","""""
"19/09/2024 19:00:00 - 19/09/2024 20:00:00,""BZN|NO3"",""Without Sequence"",""17.80"","""","""""
"19/09/2024 20:00:00 - 19/09/2024 21:00:00,""BZN|NO3"",""Without Sequence"",""17.49"","""","""""
"19/09/2024 21:00:00 - 19/09/2024 22:00:00,""BZN|NO3"",""Without Sequence"",""17.24"","""","""""
"19/09/2024 22:00:00 - 19/09/2024 23:00:00,""BZN|NO3"",""Without Sequence"",""17.32"","""","""""
"19/09/2024 23:00:00 - 20/09/2024 00:00:00,""BZN|NO3"",""Without Sequence"",""16.96"","""","""""
"20/09/2024 00:00:00 - 20/09/2024 01:00:00,""BZN|NO3"",""Without Sequence"",""12.47"","""","""""
"20/09/2024 01:00:00 - 20/09/2024 02:00:00,""BZN|NO3"",""Without Sequence"",""12.13"","""","""""
"20/09/2024 02:00:00 - 20/09/2024 03:00:00,""BZN|NO3"",""Without Sequence"",""12.00"","""","""""
"20/09/2024 03:00:00 - 20/09/2024 04:00:00,""BZN|NO3"",""Without Sequence"",""12.13"","""","""""
"20/09/2024 04:00:00 - 20/09/2024 05:00:00,""BZN|NO3"",""Without Sequence"",""13.00"","""","""""
"20/09/2024 05:00:00 - 20/09/2024 06:00:00,""BZN|NO3"",""Without Sequence"",""15.80"","""","""""
"20/09/2024 06:00:00 - 20/09/2024 07:00:00,""BZN|NO3"",""Without Sequence"",""17.27"","""","""""
"20/09/2024 07:00:00 - 20/09/2024 08:00:00,""BZN|NO3"",""Without Sequence"",""19.73"","""","""""
"20/09/2024 08:00:00 - 20/09/2024 09:00:00,""BZN|NO3"",""Without Sequence"",""25.26"","""","""""
"20/09/2024 09:00:00 - 20/09/2024 10:00:00,""BZN|NO3"",""Without Sequence"",""23.86"","""","""""
"20/09/2024 10:00:00 - 20/09/2024 11:00:00,""BZN|NO3"",""Without Sequence"",""19.16"","""","""""
"20/09/2024 11:00:00 - 20/09/2024 12:00:00,""BZN|NO3"",""Without Sequence"",""17.70"","""","""""
"20/09/2024 12:00:00 - 20/09/2024 13:00:00,""BZN|NO3"",""Without Sequence"",""17.04"","""","""""
"20/09/2024 13:00:00 - 20/09/2024 14:00:00,""BZN|NO3"",""Without Sequence"",""17.02"","""","""""
"20/09/2024 14:00:00 - 20/09/2024 15:00:00,""BZN|NO3"",""Without Sequence"",""16.84"","""","""""
"20/09/2024 15:00:00 - 20/09/2024 16:00:00,""BZN|NO3"",""Without Sequence"",""16.41"","""","""""
"20/09/2024 16:00:00 - 20/09/2024 17:00:00,""BZN|NO3"",""Without Sequence"",""17.42"","""","""""
"20/09/2024 17:00:00 - 20/09/2024 18:00:00,""BZN|NO3"",""Without Sequence"",""17.62"","""","""""
"20/09/2024 18:00:00 - 20/09/2024 19:00:00,""BZN|NO3"",""Without Sequence"",""17.72"","""","""""
"20/09/2024 19:00:00 - 20/09/2024 20:00:00,""BZN|NO3"",""Without Sequence"",""17.39"","""","""""
"20/09/2024 20:00:00 - 20/09/2024 21:00:00,""BZN|NO3"",""Without Sequence"",""16.85"","""","""""
"20/09/2024 21:00:00 - 20/09/2024 22:00:00,""BZN|NO3"",""Without Sequence"",""15.03"","""","""""
"20/09/2024 22:00:00 - 20/09/2024 23:00:00,""BZN|NO3"",""Without Sequence"",""13.76"","""","""""
"20/09/2024 23:00:00 - 21/09/2024 00:00:00,""BZN|NO3"",""Without Sequence"",""12.15"","""","""""
"21/09/2024 00:00:00 - 21/09/2024 01:00:00,""BZN|NO3"",""Without Sequence"",""14.20"","""","""""
"21/09/2024 01:00:00 - 21/09/2024 02:00:00,""BZN|NO3"",""Without Sequence"",""13.29"","""","""""
"21/09/2024 02:00:00 - 21/09/2024 03:00:00,""BZN|NO3"",""Without Sequence"",""12.81"","""","""""
"21/09/2024 03:00:00 - 21/09/2024 04:00:00,""BZN|NO3"",""Without Sequence"",""12.91"","""","""""
"21/09/2024 04:00:00 - 21/09/2024 05:00:00,""BZN|NO3"",""Without Sequence"",""12.84"","""","""""
"21/09/2024 05:00:00 - 21/09/2024 06:00:00,""BZN|NO3"",""Without Sequence"",""13.71"","""","""""
"21/09/2024 06:00:00 - 21/09/2024 07:00:00,""BZN|NO3"",""Without Sequence"",""14.32"","""","""""
"21/09/2024 07:00:00 - 21/09/2024 08:00:00,""BZN|NO3"",""Without Sequence"",""14.48"","""","""""
"21/09/2024 08:00:00 - 21/09/2024 09:00:00,""BZN|NO3"",""Without Sequence"",""15.02"","""","""""
"21/09/2024 09:00:00 - 21/09/2024 10:00:00,""BZN|NO3"",""Without Sequence"",""15.27"","""","""""
"21/09/2024 10:00:00 - 21/09/2024 11:00:00,""BZN|NO3"",""Without Sequence"",""15.32"","""","""""
"21/09/2024 11:00:00 - 21/09/2024 12:00:00,""BZN|NO3"",""Without Sequence"",""15.23"","""","""""
"21/09/2024 12:00:00 - 21/09/2024 13:00:00,""BZN|NO3"",""Without Sequence"",""15.21"","""","""""
"21/09/2024 13:00:00 - 21/09/2024 14:00:00,""BZN|NO3"",""Without Sequence"",""15.02"","""","""""
"21/09/2024 14:00:00 - 21/09/2024 15:00:00,""BZN|NO3"",""Without Sequence"",""15.07"","""","""""
"21/09/2024 15:00:00 - 21/09/2024 16:00:00,""BZN|NO3"",""Without Sequence"",""15.24"","""","""""
"21/09/2024 16:00:00 - 21/09/2024 17:00:00,""BZN|NO3"",""Without Sequence"",""15.72"","""","""""
"21/09/2024 17:00:00 - 21/09/2024 18:00:00,""BZN|NO3"",""Without Sequence"",""16.80"","""","""""
"21/09/2024 18:00:00 - 21/09/2024 19:00:00,""BZN|NO3"",""Without Sequence"",""16.97"","""","""""
"21/09/2024 19:00:00 - 21/09/2024 20:00:00,""BZN|NO3"",""Without Sequence"",""17.03"","""","""""
"21/09/2024 20:00:00 - 21/09/2024 21:00:00,""BZN|NO3"",""Without Sequence"",""16.81"","""","""""
"21/09/2024 21:00:00 - 21/09/2024 22:00:00,""BZN|NO3"",""Without Sequence"",""16.29"","""","""""
"21/09/2024 22:00:00 - 21/09/2024 23:00:00,""BZN|NO3"",""Without Sequence"",""15.71"","""","""""
"21/09/2024 23:00:00 - 22/09/2024 00:00:00,""BZN|NO3"",""Without Sequence"",""15.09"","""","""""
"22/09/2024 00:00:00 - 22/09/2024 01:00:00,""BZN|NO3"",""Without Sequence"",""15.57"","""","""""
"22/09/2024 01:00:00 - 22/09/2024 02:00:00,""BZN|NO3"",""Without Sequence"",""15.58"","""","""""
"22/09/2024 02:00:00 - 22/09/2024 03:00:00,""BZN|NO3"",""Without Sequence"",""15.54"","""","""""
"22/09/2024 03:00:00 - 22/09/2024 04:00:00,""BZN|NO3"",""Without Sequence"",""15.48"","""","""""
"22/09/2024 04:00:00 - 22/09/2024 05:00:00,""BZN|NO3"",""Without Sequence"",""15.49"","""","""""
"22/09/2024 05:00:00 - 22/09/2024 06:00:00,""BZN|NO3"",""Without Sequence"",""15.65"","""","""""
"22/09/2024 06:00:00 - 22/09/2024 07:00:00,""BZN|NO3"",""Without Sequence"",""15.41"","""","""""
"22/09/2024 07:00:00 - 22/09/2024 08:00:00,""BZN|NO3"",""Without Sequence"",""15.83"","""","""""
"22/09/2024 08:00:00 - 22/09/2024 09:00:00,""BZN|NO3"",""Without Sequence"",""16.33"","""","""""
"22/09/2024 09:00:00 - 22/09/2024 10:00:00,""BZN|NO3"",""Without Sequence"",""16.78"","""","""""
"22/09/2024 10:00:00 - 22/09/2024 11:00:00,""BZN|NO3"",""Without Sequence"",""16.96"","""","""""
"22/09/2024 11:00:00 - 22/09/2024 12:00:00,""BZN|NO3"",""Without Sequence"",""15.49"","""","""""
"22/09/2024 12:00:00 - 22/09/2024 13:00:00,""BZN|NO3"",""Without Sequence"",""15.32"","""","""""
"22/09/2024 13:00:00 - 22/09/2024 14:00:00,""BZN|NO3"",""Without Sequence"",""15.35"","""","""""
"22/09/2024 14:00:00 - 22/09/2024 15:00:00,""BZN|NO3"",""Without Sequence"",""15.36"","""","""""
"22/09/2024 15:00:00 - 22/09/2024 16:00:00,""BZN|NO3"",""Without Sequence"",""15.39"","""","""""
"22/09/2024 16:00:00 - 22/09/2024 17:00:00,""BZN|NO3"",""Without Sequence"",""17.20"","""","""""
"22/09/2024 17:00:00 - 22/09/2024 18:00:00,""BZN|NO3"",""Without Sequence"",""17.64"","""","""""
"22/09/2024 18:00:00 - 22/09/2024 19:00:00,""BZN|NO3"",""Without Sequence"",""17.83"","""","""""
"22/09/2024 19:00:00 - 22/09/2024 20:00:00,""BZN|NO3"",""Without Sequence"",""18.65"","""","""""
"22/09/2024 20:00:00 - 22/09/2024 21:00:00,""BZN|NO3"",""Without Sequence"",""18.21"","""","""""
"22/09/2024 21:00:00 - 22/09/2024 22:00:00,""BZN|NO3"",""Without Sequence"",""17.28"","""","""""
"22/09/2024 22:00:00 - 22/09/2024 23:00:00,""BZN|NO3"",""Without Sequence"",""16.71"","""","""""
"22/09/2024 23:00:00 - 23/09/2024 00:00:00,""BZN|NO3"",""Without Sequence"",""16.16"","""","""""
"23/09/2024 00:00:00 - 23/09/2024 01:00:00,""BZN|NO3"",""Without Sequence"",""15.86"","""","""""
"23/09/2024 01:00:00 - 23/09/2024 02:00:00,""BZN|NO3"",""Without Sequence"",""15.61"","""","""""
"23/09/2024 02:00:00 - 23/09/2024 03:00:00,""BZN|NO3"",""Without Sequence"",""15.56"","""","""""
"23/09/2024 03:00:00 - 23/09/2024 04:00:00,""BZN|NO3"",""Without Sequence"",""15.45"","""","""""
"23/09/2024 04:00:00 - 23/09/2024 05:00:00,""BZN|NO3"",""Without Sequence"",""15.58"","""","""""
"23/09/2024 05:00:00 - 23/09/2024 06:00:00,""BZN|NO3"",""Without Sequence"",""15.92"","""","""""
"23/09/2024 06:00:00 - 23/09/2024 07:00:00,""BZN|NO3"",""Without Sequence"",""17.16"","""","""""
"23/09/2024 07:00:00 - 23/09/2024 08:00:00,""BZN|NO3"",""Without Sequence"",""20.07"","""","""""
"23/09/2024 08:00:00 - 23/09/2024 09:00:00,""BZN|NO3"",""Without Sequence"",""41.82"","""","""""
"23/09/2024 09:00:00 - 23/09/2024 10:00:00,""BZN|NO3"",""Without Sequence"",""41.00"","""","""""
"23/09/2024 10:00:00 - 23/09/2024 11:00:00,""BZN|NO3"",""Without Sequence"",""21.96"","""","""""
"23/09/2024 11:00:00 - 23/09/2024 12:00:00,""BZN|NO3"",""Without Sequence"",""19.21"","""","""""
"23/09/2024 12:00:00 - 23/09/2024 13:00:00,""BZN|NO3"",""Without Sequence"",""18.49"","""","""""
"23/09/2024 13:00:00 - 23/09/2024 14:00:00,""BZN|NO3"",""Without Sequence"",""16.93"","""","""""
"23/09/2024 14:00:00 - 23/09/2024 15:00:00,""BZN|NO3"",""Without Sequence"",""16.90"","""","""""
"23/09/2024 15:00:00 - 23/09/2024 16:00:00,""BZN|NO3"",""Without Sequence"",""17.21"","""","""""
"23/09/2024 16:00:00 - 23/09/2024 17:00:00,""BZN|NO3"",""Without Sequence"",""18.31"","""","""""
"23/09/2024 17:00:00 - 23/09/2024 18:00:00,""BZN|NO3"",""Without Sequence"",""19.60"","""","""""
"23/09/2024 18:00:00 - 23/09/2024 19:00:00,""BZN|NO3"",""Without Sequence"",""20.31"","""","""""
"23/09/2024 19:00:00 - 23/09/2024 20:00:00,""BZN|NO3"",""Without Sequence"",""18.92"","""","""""
"23/09/2024 20:00:00 - 23/09/2024 21:00:00,""BZN|NO3"",""Without Sequence"",""16.56"","""","""""
"23/09/2024 21:00:00 - 23/09/2024 22:00:00,""BZN|NO3"",""Without Sequence"",""15.76"","""","""""
"23/09/2024 22:00:00 - 23/09/2024 23:00:00,""BZN|NO3"",""Without Sequence"",""15.59"","""","""""
"23/09/2024 23:00:00 - 24/09/2024 00:00:00,""BZN|NO3"",""Without Sequence"",""15.32"","""","""""
"24/09/2024 00:00:00 - 24/09/2024 01:00:00,""BZN|NO3"",""Without Sequence"",""16.09"","""","""""
"24/09/2024 01:00:00 - 24/09/2024 02:00:00,""BZN|NO3"",""Without Sequence"",""15.69"","""","""""
"24/09/2024 02:00:00 - 24/09/2024 03:00:00,""BZN|NO3"",""Without Sequence"",""15.57"","""","""""
"24/09/2024 03:00:00 - 24/09/2024 04:00:00,""BZN|NO3"",""Without Sequence"",""15.52"","""","""""
"24/09/2024 04:00:00 - 24/09/2024 05:00:00,""BZN|NO3"",""Without Sequence"",""15.73"","""","""""
"24/09/2024 05:00:00 - 24/09/2024 06:00:00,""BZN|NO3"",""Without Sequence"",""15.92"","""","""""
"24/09/2024 06:00:00 - 24/09/2024 07:00:00,""BZN|NO3"",""Without Sequence"",""16.93"","""","""""
"24/09/2024 07:00:00 - 24/09/2024 08:00:00,""BZN|NO3"",""Without Sequence"",""20.81"","""","""""
"24/09/2024 08:00:00 - 24/09/2024 09:00:00,""BZN|NO3"",""Without Sequence"",""25.82"","""","""""
"24/09/2024 09:00:00 - 24/09/2024 10:00:00,""BZN|NO3"",""Without Sequence"",""25.01"","""","""""
"24/09/2024 10:00:00 - 24/09/2024 11:00:00,""BZN|NO3"",""Without Sequence"",""20.11"","""","""""
"24/09/2024 11:00:00 - 24/09/2024 12:00:00,""BZN|NO3"",""Without Sequence"",""19.42"","""","""""
"24/09/2024 12:00:00 - 24/09/2024 13:00:00,""BZN|NO3"",""Without Sequence"",""19.25"","""","""""
"24/09/2024 13:00:00 - 24/09/2024 14:00:00,""BZN|NO3"",""Without Sequence"",""19.00"","""","""""
"24/09/2024 14:00:00 - 24/09/2024 15:00:00,""BZN|NO3"",""Without Sequence"",""19.35"","""","""""
"24/09/2024 15:00:00 - 24/09/2024 16:00:00,""BZN|NO3"",""Without Sequence"",""19.35"","""","""""
"24/09/2024 16:00:00 - 24/09/2024 17:00:00,""BZN|NO3"",""Without Sequence"",""20.79"","""","""""
"24/09/2024 17:00:00 - 24/09/2024 18:00:00,""BZN|NO3"",""Without Sequence"",""25.43"","""","""""
"24/09/2024 18:00:00 - 24/09/2024 19:00:00,""BZN|NO3"",""Without Sequence"",""25.59"","""","""""
"24/09/2024 19:00:00 - 24/09/2024 20:00:00,""BZN|NO3"",""Without Sequence"",""25.16"","""","""""
"24/09/2024 20:00:00 - 24/09/2024 21:00:00,""BZN|NO3"",""Without Sequence"",""19.24"","""","""""
"24/09/2024 21:00:00 - 24/09/2024 22:00:00,""BZN|NO3"",""Without Sequence"",""17.18"","""","""""
"24/09/2024 22:00:00 - 24/09/2024 23:00:00,""BZN|NO3"",""Without Sequence"",""16.38"","""","""""
"24/09/2024 23:00:00 - 25/09/2024 00:00:00,""BZN|NO3"",""Without Sequence"",""16.08"","""","""""
"25/09/2024 00:00:00 - 25/09/2024 01:00:00,""BZN|NO3"",""Without Sequence"",""16.67"","""","""""
"25/09/2024 01:00:00 - 25/09/2024 02:00:00,""BZN|NO3"",""Without Sequence"",""16.45"","""","""""
"25/09/2024 02:00:00 - 25/09/2024 03:00:00,""BZN|NO3"",""Without Sequence"",""16.32"","""","""""
"25/09/2024 03:00:00 - 25/09/2024 04:00:00,""BZN|NO3"",""Without Sequence"",""16.22"","""","""""
"25/09/2024 04:00:00 - 25/09/2024 05:00:00,""BZN|NO3"",""Without Sequence"",""16.24"","""","""""
"25/09/2024 05:00:00 - 25/09/2024 06:00:00,""BZN|NO3"",""Without Sequence"",""16.24"","""","""""
"25/09/2024 06:00:00 - 25/09/2024 07:00:00,""BZN|NO3"",""Without Sequence"",""16.23"","""","""""
"25/09/2024 07:00:00 - 25/09/2024 08:00:00,""BZN|NO3"",""Without Sequence"",""17.50"","""","""""
"25/09/2024 08:00:00 - 25/09/2024 09:00:00,""BZN|NO3"",""Without Sequence"",""17.67"","""","""""
"25/09/2024 09:00:00 - 25/09/2024 10:00:00,""BZN|NO3"",""Without Sequence"",""16.55"","""","""""
"25/09/2024 10:00:00 - 25/09/2024 11:00:00,""BZN|NO3"",""Without Sequence"",""16.65"","""","""""
"25/09/2024 11:00:00 - 25/09/2024 12:00:00,""BZN|NO3"",""Without Sequence"",""16.75"","""","""""
"25/09/2024 12:00:00 - 25/09/2024 13:00:00,""BZN|NO3"",""Without Sequence"",""16.70"","""","""""
"25/09/2024 13:00:00 - 25/09/2024 14:00:00,""BZN|NO3"",""Without Sequence"",""16.67"","""","""""
"25/09/2024 14:00:00 - 25/09/2024 15:00:00,""BZN|NO3"",""Without Sequence"",""16.63"","""","""""
"25/09/2024 15:00:00 - 25/09/2024 16:00:00,""BZN|NO3"",""Without Sequence"",""16.63"","""","""""
"25/09/2024 16:00:00 - 25/09/2024 17:00:00,""BZN|NO3"",""Without Sequence"",""16.72"","""","""""
"25/09/2024 17:00:00 - 25/09/2024 18:00:00,""BZN|NO3"",""Without Sequence"",""16.79"","""","""""
"25/09/2024 18:00:00 - 25/09/2024 19:00:00,""BZN|NO3"",""Without Sequence"",""16.80"","""","""""
"25/09/2024 19:00:00 - 25/09/2024 20:00:00,""BZN|NO3"",""Without Sequence"",""16.92"","""","""""
"25/09/2024 20:00:00 - 25/09/2024 21:00:00,""BZN|NO3"",""Without Sequence"",""16.97"","""","""""
"25/09/2024 21:00:00 - 25/09/2024 22:00:00,""BZN|NO3"",""Without Sequence"",""16.69"","""","""""
"25/09/2024 22:00:00 - 25/09/2024 23:00:00,""BZN|NO3"",""Without Sequence"",""16.55"","""","""""
"25/09/2024 23:00:00 - 26/09/2024 00:00:00,""BZN|NO3"",""Without Sequence"",""16.19"","""","""""
"26/09/2024 00:00:00 - 26/09/2024 01:00:00,""BZN|NO3"",""Without Sequence"",""15.36"","""","""""
"26/09/2024 01:00:00 - 26/09/2024 02:00:00,""BZN|NO3"",""Without Sequence"",""15.29"","""","""""
"26/09/2024 02:00:00 - 26/09/2024 03:00:00,""BZN|NO3"",""Without Sequence"",""15.26"","""","""""
"26/09/2024 03:00:00 - 26/09/2024 04:00:00,""BZN|NO3"",""Without Sequence"",""15.23"","""","""""
"26/09/2024 04:00:00 - 26/09/2024 05:00:00,""BZN|NO3"",""Without Sequence"",""15.39"","""","""""
"26/09/2024 05:00:00 - 26/09/2024 06:00:00,""BZN|NO3"",""Without Sequence"",""15.46"","""","""""
"26/09/2024 06:00:00 - 26/09/2024 07:00:00,""BZN|NO3"",""Without Sequence"",""15.81"","""","""""
"26/09/2024 07:00:00 - 26/09/2024 08:00:00,""BZN|NO3"",""Without Sequence"",""16.83"","""","""""
"26/09/2024 08:00:00 - 26/09/2024 09:00:00,""BZN|NO3"",""Without Sequence"",""17.58"","""","""""
"26/09/2024 09:00:00 - 26/09/2024 10:00:00,""BZN|NO3"",""Without Sequence"",""17.62"","""","""""
"26/09/2024 10:00:00 - 26/09/2024 11:00:00,""BZN|NO3"",""Without Sequence"",""17.42"","""","""""
"26/09/2024 11:00:00 - 26/09/2024 12:00:00,""BZN|NO3"",""Without Sequence"",""17.06"","""","""""
"26/09/2024 12:00:00 - 26/09/2024 13:00:00,""BZN|NO3"",""Without Sequence"",""16.60"","""","""""
"26/09/2024 13:00:00 - 26/09/2024 14:00:00,""BZN|NO3"",""Without Sequence"",""16.55"","""","""""
"26/09/2024 14:00:00 - 26/09/2024 15:00:00,""BZN|NO3"",""Without Sequence"",""16.47"","""","""""
"26/09/2024 15:00:00 - 26/09/2024 16:00:00,""BZN|NO3"",""Without Sequence"",""17.25"","""","""""
"26/09/2024 16:00:00 - 26/09/2024 17:00:00,""BZN|NO3"",""Without Sequence"",""20.01"","""","""""
"26/09/2024 17:00:00 - 26/09/2024 18:00:00,""BZN|NO3"",""Without Sequence"",""21.48"","""","""""
"26/09/2024 18:00:00 - 26/09/2024 19:00:00,""BZN|NO3"",""Without Sequence"",""18.05"","""","""""
"26/09/2024 19:00:00 - 26/09/2024 20:00:00,""BZN|NO3"",""Without Sequence"",""17.89"","""","""""
"26/09/2024 20:00:00 - 26/09/2024 21:00:00,""BZN|NO3"",""Without Sequence"",""17.60"","""","""""
"26/09/2024 21:00:00 - 26/09/2024 22:00:00,""BZN|NO3"",""Without Sequence"",""17.04"","""","""""
"26/09/2024 22:00:00 - 26/09/2024 23:00:00,""BZN|NO3"",""Without Sequence"",""16.44"","""","""""
"26/09/2024 23:00:00 - 27/09/2024 00:00:00,""BZN|NO3"",""Without Sequence"",""15.84"","""","""""
"27/09/2024 00:00:00 - 27/09/2024 01:00:00,""BZN|NO3"",""Without Sequence"",""15.81"","""","""""
"27/09/2024 01:00:00 - 27/09/2024 02:00:00,""BZN|NO3"",""Without Sequence"",""15.71"","""","""""
"27/09/2024 02:00:00 - 27/09/2024 03:00:00,""BZN|NO3"",""Without Sequence"",""15.62"","""","""""
"27/09/2024 03:00:00 - 27/09/2024 04:00:00,""BZN|NO3"",""Without Sequence"",""15.57"","""","""""
"27/09/2024 04:00:00 - 27/09/2024 05:00:00,""BZN|NO3"",""Without Sequence"",""15.78"","""","""""
"27/09/2024 05:00:00 - 27/09/2024 06:00:00,""BZN|NO3"",""Without Sequence"",""15.87"","""","""""
"27/09/2024 06:00:00 - 27/09/2024 07:00:00,""BZN|NO3"",""Without Sequence"",""16.50"","""","""""
"27/09/2024 07:00:00 - 27/09/2024 08:00:00,""BZN|NO3"",""Without Sequence"",""17.59"","""","""""
"27/09/2024 08:00:00 - 27/09/2024 09:00:00,""BZN|NO3"",""Without Sequence"",""17.70"","""","""""
"27/09/2024 09:00:00 - 27/09/2024 10:00:00,""BZN|NO3"",""Without Sequence"",""17.87"","""","""""
"27/09/2024 10:00:00 - 27/09/2024 11:00:00,""BZN|NO3"",""Without Sequence"",""17.50"","""","""""
"27/09/2024 11:00:00 - 27/09/2024 12:00:00,""BZN|NO3"",""Without Sequence"",""17.40"","""","""""
"27/09/2024 12:00:00 - 27/09/2024 13:00:00,""BZN|NO3"",""Without Sequence"",""17.39"","""","""""
"27/09/2024 13:00:00 - 27/09/2024 14:00:00,""BZN|NO3"",""Without Sequence"",""17.17"","""","""""
"27/09/2024 14:00:00 - 27/09/2024 15:00:00,""BZN|NO3"",""Without Sequence"",""17.00"","""","""""
"27/09/2024 15:00:00 - 27/09/2024 16:00:00,""BZN|NO3"",""Without Sequence"",""17.27"","""","""""
"27/09/2024 16:00:00 - 27/09/2024 17:00:00,""BZN|NO3"",""Without Sequence"",""17.36"","""","""""
"27/09/2024 17:00:00 - 27/09/2024 18:00:00,""BZN|NO3"",""Without Sequence"",""17.37"","""","""""
"27/09/2024 18:00:00 - 27/09/2024 19:00:00,""BZN|NO3"",""Without Sequence"",""17.47"","""","""""
"27/09/2024 19:00:00 - 27/09/2024 20:00:00,""BZN|NO3"",""Without Sequence"",""17.46"","""","""""
"27/09/2024 20:00:00 - 27/09/2024 21:00:00,""BZN|NO3"",""Without Sequence"",""17.50"","""","""""
"27/09/2024 21:00:00 - 27/09/2024 22:00:00,""BZN|NO3"",""Without Sequence"",""17.28"","""","""""
"27/09/2024 22:00:00 - 27/09/2024 23:00:00,""BZN|NO3"",""Without Sequence"",""16.98"","""","""""
"27/09/2024 23:00:00 - 28/09/2024 00:00:00,""BZN|NO3"",""Without Sequence"",""16.54"","""","""""
"28/09/2024 00:00:00 - 28/09/2024 01:00:00,""BZN|NO3"",""Without Sequence"",""17.15"","""","""""
"28/09/2024 01:00:00 - 28/09/2024 02:00:00,""BZN|NO3"",""Without Sequence"",""16.57"","""","""""
"28/09/2024 02:00:00 - 28/09/2024 03:00:00,""BZN|NO3"",""Without Sequence"",""16.10"","""","""""
"28/09/2024 03:00:00 - 28/09/2024 04:00:00,""BZN|NO3"",""Without Sequence"",""15.87"","""","""""
"28/09/2024 04:00:00 - 28/09/2024 05:00:00,""BZN|NO3"",""Without Sequence"",""15.58"","""","""""
"28/09/2024 05:00:00 - 28/09/2024 06:00:00,""BZN|NO3"",""Without Sequence"",""15.37"","""","""""
"28/09/2024 06:00:00 - 28/09/2024 07:00:00,""BZN|NO3"",""Without Sequence"",""15.28"","""","""""
"28/09/2024 07:00:00 - 28/09/2024 08:00:00,""BZN|NO3"",""Without Sequence"",""15.49"","""","""""
"28/09/2024 08:00:00 - 28/09/2024 09:00:00,""BZN|NO3"",""Without Sequence"",""15.57"","""","""""
"28/09/2024 09:00:00 - 28/09/2024 10:00:00,""BZN|NO3"",""Without Sequence"",""15.99"","""","""""
"28/09/2024 10:00:00 - 28/09/2024 11:00:00,""BZN|NO3"",""Without Sequence"",""15.68"","""","""""
"28/09/2024 11:00:00 - 28/09/2024 12:00:00,""BZN|NO3"",""Without Sequence"",""15.61"","""","""""
"28/09/2024 12:00:00 - 28/09/2024 13:00:00,""BZN|NO3"",""Without Sequence"",""15.50"","""","""""
"28/09/2024 13:00:00 - 28/09/2024 14:00:00,""BZN|NO3"",""Without Sequence"",""15.27"","""","""""
"28/09/2024 14:00:00 - 28/09/2024 15:00:00,""BZN|NO3"",""Without Sequence"",""15.07"","""","""""
"28/09/2024 15:00:00 - 28/09/2024 16:00:00,""BZN|NO3"",""Without Sequence"",""15.28"","""","""""
"28/09/2024 16:00:00 - 28/09/2024 17:00:00,""BZN|NO3"",""Without Sequence"",""15.18"","""","""""
"28/09/2024 17:00:00 - 28/09/2024 18:00:00,""BZN|NO3"",""Without Sequence"",""15.21"","""","""""
"28/09/2024 18:00:00 - 28/09/2024 19:00:00,""BZN|NO3"",""Without Sequence"",""15.35"","""","""""
"28/09/2024 19:00:00 - 28/09/2024 20:00:00,""BZN|NO3"",""Without Sequence"",""15.45"","""","""""
"28/09/2024 20:00:00 - 28/09/2024 21:00:00,""BZN|NO3"",""Without Sequence"",""15.41"","""","""""
"28/09/2024 21:00:00 - 28/09/2024 22:00:00,""BZN|NO3"",""Without Sequence"",""15.35"","""","""""
"28/09/2024 22:00:00 - 28/09/2024 23:00:00,""BZN|NO3"",""Without Sequence"",""15.26"","""","""""
"28/09/2024 23:00:00 - 29/09/2024 00:00:00,""BZN|NO3"",""Without Sequence"",""14.19"","""","""""
"29/09/2024 00:00:00 - 29/09/2024 01:00:00,""BZN|NO3"",""Without Sequence"",""16.03"","""","""""
"29/09/2024 01:00:00 - 29/09/2024 02:00:00,""BZN|NO3"",""Without Sequence"",""13.64"","""","""""
"29/09/2024 02:00:00 - 29/09/2024 03:00:00,""BZN|NO3"",""Without Sequence"",""13.43"","""","""""
"29/09/2024 03:00:00 - 29/09/2024 04:00:00,""BZN|NO3"",""Without Sequence"",""13.41"","""","""""
"29/09/2024 04:00:00 - 29/09/2024 05:00:00,""BZN|NO3"",""Without Sequence"",""13.62"","""","""""
"29/09/2024 05:00:00 - 29/09/2024 06:00:00,""BZN|NO3"",""Without Sequence"",""14.30"","""","""""
"29/09/2024 06:00:00 - 29/09/2024 07:00:00,""BZN|NO3"",""Without Sequence"",""16.01"","""","""""
"29/09/2024 07:00:00 - 29/09/2024 08:00:00,""BZN|NO3"",""Without Sequence"",""16.12"","""","""""
"29/09/2024 08:00:00 - 29/09/2024 09:00:00,""BZN|NO3"",""Without Sequence"",""16.30"","""","""""
"29/09/2024 09:00:00 - 29/09/2024 10:00:00,""BZN|NO3"",""Without Sequence"",""16.44"","""","""""
"29/09/2024 10:00:00 - 29/09/2024 11:00:00,""BZN|NO3"",""Without Sequence"",""16.54"","""","""""
"29/09/2024 11:00:00 - 29/09/2024 12:00:00,""BZN|NO3"",""Without Sequence"",""16.51"","""","""""
"29/09/2024 12:00:00 - 29/09/2024 13:00:00,""BZN|NO3"",""Without Sequence"",""16.33"","""","""""
"29/09/2024 13:00:00 - 29/09/2024 14:00:00,""BZN|NO3"",""Without Sequence"",""16.22"","""","""""
"29/09/2024 14:00:00 - 29/09/2024 15:00:00,""BZN|NO3"",""Without Sequence"",""16.27"","""","""""
"29/09/2024 15:00:00 - 29/09/2024 16:00:00,""BZN|NO3"",""Without Sequence"",""16.43"","""","""""
"29/09/2024 16:00:00 - 29/09/2024 17:00:00,""BZN|NO3"",""Without Sequence"",""16.62"","""","""""
"29/09/2024 17:00:00 - 29/09/2024 18:00:00,""BZN|NO3"",""Without Sequence"",""16.89"","""","""""
"29/09/2024 18:00:00 - 29/09/2024 19:00:00,""BZN|NO3"",""Without Sequence"",""17.05"","""","""""
"29/09/2024 19:00:00 - 29/09/2024 20:00:00,""BZN|NO3"",""Without Sequence"",""17.31"","""","""""
"29/09/2024 20:00:00 - 29/09/2024 21:00:00,""BZN|NO3"",""Without Sequence"",""17.44"","""","""""
"29/09/2024 21:00:00 - 29/09/2024 22:00:00,""BZN|NO3"",""Without Sequence"",""17.33"","""","""""
"29/09/2024 22:00:00 - 29/09/2024 23:00:00,""BZN|NO3"",""Without Sequence"",""17.09"","""","""""
"29/09/2024 23:00:00 - 30/09/2024 00:00:00,""BZN|NO3"",""Without Sequence"",""16.89"","""","""""
"30/09/2024 00:00:00 - 30/09/2024 01:00:00,""BZN|NO3"",""Without Sequence"",""16.69"","""","""""
"30/09/2024 01:00:00 - 30/09/2024 02:00:00,""BZN|NO3"",""Without Sequence"",""16.63"","""","""""
"30/09/2024 02:00:00 - 30/09/2024 03:00:00,""BZN|NO3"",""Without Sequence"",""16.26"","""","""""
"30/09/2024 03:00:00 - 30/09/2024 04:00:00,""BZN|NO3"",""Without Sequence"",""16.14"","""","""""
"30/09/2024 04:00:00 - 30/09/2024 05:00:00,""BZN|NO3"",""Without Sequence"",""14.89"","""","""""
"30/09/2024 05:00:00 - 30/09/2024 06:00:00,""BZN|NO3"",""Without Sequence"",""16.98"","""","""""
"30/09/2024 06:00:00 - 30/09/2024 07:00:00,""BZN|NO3"",""Without Sequence"",""28.90"","""","""""
"30/09/2024 07:00:00 - 30/09/2024 08:00:00,""BZN|NO3"",""Without Sequence"",""26.74"","""","""""
"30/09/2024 08:00:00 - 30/09/2024 09:00:00,""BZN|NO3"",""Without Sequence"",""30.02"","""","""""
"30/09/2024 09:00:00 - 30/09/2024 10:00:00,""BZN|NO3"",""Without Sequence"",""29.67"","""","""""
"30/09/2024 10:00:00 - 30/09/2024 11:00:00,""BZN|NO3"",""Without Sequence"",""30.41"","""","""""
"30/09/2024 11:00:00 - 30/09/2024 12:00:00,""BZN|NO3"",""Without Sequence"",""20.91"","""","""""
"30/09/2024 12:00:00 - 30/09/2024 13:00:00,""BZN|NO3"",""Without Sequence"",""16.33"","""","""""
"30/09/2024 13:00:00 - 30/09/2024 14:00:00,""BZN|NO3"",""Without Sequence"",""13.72"","""","""""
"30/09/2024 14:00:00 - 30/09/2024 15:00:00,""BZN|NO3"",""Without Sequence"",""14.99"","""","""""
"30/09/2024 15:00:00 - 30/09/2024 16:00:00,""BZN|NO3"",""Without Sequence"",""16.86"","""","""""
"30/09/2024 16:00:00 - 30/09/2024 17:00:00,""BZN|NO3"",""Without Sequence"",""16.65"","""","""""
"30/09/2024 17:00:00 - 30/09/2024 18:00:00,""BZN|NO3"",""Without Sequence"",""15.99"","""","""""
"30/09/2024 18:00:00 - 30/09/2024 19:00:00,""BZN|NO3"",""Without Sequence"",""14.37"","""","""""
"30/09/2024 19:00:00 - 30/09/2024 20:00:00,""BZN|NO3"",""Without Sequence"",""13.72"","""","""""
"30/09/2024 20:00:00 - 30/09/2024 21:00:00,""BZN|NO3"",""Without Sequence"",""13.24"","""","""""
"30/09/2024 21:00:00 - 30/09/2024 22:00:00,""BZN|NO3"",""Without Sequence"",""11.92"","""","""""
"30/09/2024 22:00:00 - 30/09/2024 23:00:00,""BZN|NO3"",""Without Sequence"",""9.19"","""","""""
"30/09/2024 23:00:00 - 01/10/2024 00:00:00,""BZN|NO3"",""Without Sequence"",""3.06"","""","""""
"01/10/2024 00:00:00 - 01/10/2024 01:00:00,""BZN|NO3"",""Without Sequence"",""3.03"","""","""""
"01/10/2024 01:00:00 - 01/10/2024 02:00:00,""BZN|NO3"",""Without Sequence"",""3.04"","""","""""
"01/10/2024 02:00:00 - 01/10/2024 03:00:00,""BZN|NO3"",""Without Sequence"",""10.96"","""","""""
"01/10/2024 03:00:00 - 01/10/2024 04:00:00,""BZN|NO3"",""Without Sequence"",""13.68"","""","""""
"01/10/2024 04:00:00 - 01/10/2024 05:00:00,""BZN|NO3"",""Without Sequence"",""15.79"","""","""""
"01/10/2024 05:00:00 - 01/10/2024 06:00:00,""BZN|NO3"",""Without Sequence"",""19.04"","""","""""
"01/10/2024 06:00:00 - 01/10/2024 07:00:00,""BZN|NO3"",""Without Sequence"",""19.81"","""","""""
"01/10/2024 07:00:00 - 01/10/2024 08:00:00,""BZN|NO3"",""Without Sequence"",""31.60"","""","""""
"01/10/2024 08:00:00 - 01/10/2024 09:00:00,""BZN|NO3"",""Without Sequence"",""41.32"","""","""""
"01/10/2024 09:00:00 - 01/10/2024 10:00:00,""BZN|NO3"",""Without Sequence"",""41.51"","""","""""
"01/10/2024 10:00:00 - 01/10/2024 11:00:00,""BZN|NO3"",""Without Sequence"",""38.65"","""","""""
"01/10/2024 11:00:00 - 01/10/2024 12:00:00,""BZN|NO3"",""Without Sequence"",""34.99"","""","""""
"01/10/2024 12:00:00 - 01/10/2024 13:00:00,""BZN|NO3"",""Without Sequence"",""31.24"","""","""""
"01/10/2024 13:00:00 - 01/10/2024 14:00:00,""BZN|NO3"",""Without Sequence"",""31.44"","""","""""
"01/10/2024 14:00:00 - 01/10/2024 15:00:00,""BZN|NO3"",""Without Sequence"",""34.96"","""","""""
"01/10/2024 15:00:00 - 01/10/2024 16:00:00,""BZN|NO3"",""Without Sequence"",""39.71"","""","""""
"01/10/2024 16:00:00 - 01/10/2024 17:00:00,""BZN|NO3"",""Without Sequence"",""43.56"","""","""""
"01/10/2024 17:00:00 - 01/10/2024 18:00:00,""BZN|NO3"",""Without Sequence"",""49.92"","""","""""
"01/10/2024 18:00:00 - 01/10/2024 19:00:00,""BZN|NO3"",""Without Sequence"",""52.83"","""","""""
"01/10/2024 19:00:00 - 01/10/2024 20:00:00,""BZN|NO3"",""Without Sequence"",""54.88"","""","""""
"01/10/2024 20:00:00 - 01/10/2024 21:00:00,""BZN|NO3"",""Without Sequence"",""47.77"","""","""""
"01/10/2024 21:00:00 - 01/10/2024 22:00:00,""BZN|NO3"",""Without Sequence"",""44.99"","""","""""
"01/10/2024 22:00:00 - 01/10/2024 23:00:00,""BZN|NO3"",""Without Sequence"",""41.89"","""","""""
"01/10/2024 23:00:00 - 02/10/2024 00:00:00,""BZN|NO3"",""Without Sequence"",""36.36"","""","""""
"02/10/2024 00:00:00 - 02/10/2024 01:00:00,""BZN|NO3"",""Without Sequence"",""40.03"","""","""""
"02/10/2024 01:00:00 - 02/10/2024 02:00:00,""BZN|NO3"",""Without Sequence"",""39.60"","""","""""
"02/10/2024 02:00:00 - 02/10/2024 03:00:00,""BZN|NO3"",""Without Sequence"",""38.99"","""","""""
"02/10/2024 03:00:00 - 02/10/2024 04:00:00,""BZN|NO3"",""Without Sequence"",""39.73"","""","""""
"02/10/2024 04:00:00 - 02/10/2024 05:00:00,""BZN|NO3"",""Without Sequence"",""40.26"","""","""""
"02/10/2024 05:00:00 - 02/10/2024 06:00:00,""BZN|NO3"",""Without Sequence"",""42.35"","""","""""
"02/10/2024 06:00:00 - 02/10/2024 07:00:00,""BZN|NO3"",""Without Sequence"",""50.22"","""","""""
"02/10/2024 07:00:00 - 02/10/2024 08:00:00,""BZN|NO3"",""Without Sequence"",""81.12"","""","""""
"02/10/2024 08:00:00 - 02/10/2024 09:00:00,""BZN|NO3"",""Without Sequence"",""122.54"","""","""""
"02/10/2024 09:00:00 - 02/10/2024 10:00:00,""BZN|NO3"",""Without Sequence"",""91.30"","""","""""
"02/10/2024 10:00:00 - 02/10/2024 11:00:00,""BZN|NO3"",""Without Sequence"",""61.93"","""","""""
"02/10/2024 11:00:00 - 02/10/2024 12:00:00,""BZN|NO3"",""Without Sequence"",""51.36"","""","""""
"02/10/2024 12:00:00 - 02/10/2024 13:00:00,""BZN|NO3"",""Without Sequence"",""54.90"","""","""""
"02/10/2024 13:00:00 - 02/10/2024 14:00:00,""BZN|NO3"",""Without Sequence"",""50.47"","""","""""
"02/10/2024 14:00:00 - 02/10/2024 15:00:00,""BZN|NO3"",""Without Sequence"",""50.34"","""","""""
"02/10/2024 15:00:00 - 02/10/2024 16:00:00,""BZN|NO3"",""Without Sequence"",""50.01"","""","""""
"02/10/2024 16:00:00 - 02/10/2024 17:00:00,""BZN|NO3"",""Without Sequence"",""51.75"","""","""""
"02/10/2024 17:00:00 - 02/10/2024 18:00:00,""BZN|NO3"",""Without Sequence"",""59.87"","""","""""
"02/10/2024 18:00:00 - 02/10/2024 19:00:00,""BZN|NO3"",""Without Sequence"",""38.04"","""","""""
"02/10/2024 19:00:00 - 02/10/2024 20:00:00,""BZN|NO3"",""Without Sequence"",""39.18"","""","""""
"02/10/2024 20:00:00 - 02/10/2024 21:00:00,""BZN|NO3"",""Without Sequence"",""44.51"","""","""""
"02/10/2024 21:00:00 - 02/10/2024 22:00:00,""BZN|NO3"",""Without Sequence"",""40.10"","""","""""
"02/10/2024 22:00:00 - 02/10/2024 23:00:00,""BZN|NO3"",""Without Sequence"",""43.09"","""","""""
"02/10/2024 23:00:00 - 03/10/2024 00:00:00,""BZN|NO3"",""Without Sequence"",""34.37"","""","""""
"03/10/2024 00:00:00 - 03/10/2024 01:00:00,""BZN|NO3"",""Without Sequence"",""23.79"","""","""""
"03/10/2024 01:00:00 - 03/10/2024 02:00:00,""BZN|NO3"",""Without Sequence"",""21.64"","""","""""
"03/10/2024 02:00:00 - 03/10/2024 03:00:00,""BZN|NO3"",""Without Sequence"",""20.25"","""","""""
"03/10/2024 03:00:00 - 03/10/2024 04:00:00,""BZN|NO3"",""Without Sequence"",""19.75"","""","""""
"03/10/2024 04:00:00 - 03/10/2024 05:00:00,""BZN|NO3"",""Without Sequence"",""19.48"","""","""""
"03/10/2024 05:00:00 - 03/10/2024 06:00:00,""BZN|NO3"",""Without Sequence"",""22.05"","""","""""
"03/10/2024 06:00:00 - 03/10/2024 07:00:00,""BZN|NO3"",""Without Sequence"",""21.34"","""","""""
"03/10/2024 07:00:00 - 03/10/2024 08:00:00,""BZN|NO3"",""Without Sequence"",""23.65"","""","""""
"03/10/2024 08:00:00 - 03/10/2024 09:00:00,""BZN|NO3"",""Without Sequence"",""24.59"","""","""""
"03/10/2024 09:00:00 - 03/10/2024 10:00:00,""BZN|NO3"",""Without Sequence"",""25.53"","""","""""
"03/10/2024 10:00:00 - 03/10/2024 11:00:00,""BZN|NO3"",""Without Sequence"",""26.18"","""","""""
"03/10/2024 11:00:00 - 03/10/2024 12:00:00,""BZN|NO3"",""Without Sequence"",""26.94"","""","""""
"03/10/2024 12:00:00 - 03/10/2024 13:00:00,""BZN|NO3"",""Without Sequence"",""25.20"","""","""""
"03/10/2024 13:00:00 - 03/10/2024 14:00:00,""BZN|NO3"",""Without Sequence"",""25.14"","""","""""
"03/10/2024 14:00:00 - 03/10/2024 15:00:00,""BZN|NO3"",""Without Sequence"",""24.40"","""","""""
"03/10/2024 15:00:00 - 03/10/2024 16:00:00,""BZN|NO3"",""Without Sequence"",""23.93"","""","""""
"03/10/2024 16:00:00 - 03/10/2024 17:00:00,""BZN|NO3"",""Without Sequence"",""23.47"","""","""""
"03/10/2024 17:00:00 - 03/10/2024 18:00:00,""BZN|NO3"",""Without Sequence"",""23.42"","""","""""
"03/10/2024 18:00:00 - 03/10/2024 19:00:00,""BZN|NO3"",""Without Sequence"",""22.84"","""","""""
"03/10/2024 19:00:00 - 03/10/2024 20:00:00,""BZN|NO3"",""Without Sequence"",""19.27"","""","""""
"03/10/2024 20:00:00 - 03/10/2024 21:00:00,""BZN|NO3"",""Without Sequence"",""18.93"","""","""""
"03/10/2024 21:00:00 - 03/10/2024 22:00:00,""BZN|NO3"",""Without Sequence"",""18.68"","""","""""
"03/10/2024 22:00:00 - 03/10/2024 23:00:00,""BZN|NO3"",""Without Sequence"",""18.24"","""","""""
"03/10/2024 23:00:00 - 04/10/2024 00:00:00,""BZN|NO3"",""Without Sequence"",""17.33"","""","""""
"04/10/2024 00:00:00 - 04/10/2024 01:00:00,""BZN|NO3"",""Without Sequence"",""17.02"","""","""""
"04/10/2024 01:00:00 - 04/10/2024 02:00:00,""BZN|NO3"",""Without Sequence"",""16.46"","""","""""
"04/10/2024 02:00:00 - 04/10/2024 03:00:00,""BZN|NO3"",""Without Sequence"",""16.11"","""","""""
"04/10/2024 03:00:00 - 04/10/2024 04:00:00,""BZN|NO3"",""Without Sequence"",""16.00"","""","""""
"04/10/2024 04:00:00 - 04/10/2024 05:00:00,""BZN|NO3"",""Without Sequence"",""16.06"","""","""""
"04/10/2024 05:00:00 - 04/10/2024 06:00:00,""BZN|NO3"",""Without Sequence"",""16.30"","""","""""
"04/10/2024 06:00:00 - 04/10/2024 07:00:00,""BZN|NO3"",""Without Sequence"",""17.08"","""","""""
"04/10/2024 07:00:00 - 04/10/2024 08:00:00,""BZN|NO3"",""Without Sequence"",""19.59"","""","""""
"04/10/2024 08:00:00 - 04/10/2024 09:00:00,""BZN|NO3"",""Without Sequence"",""24.09"","""","""""
"04/10/2024 09:00:00 - 04/10/2024 10:00:00,""BZN|NO3"",""Without Sequence"",""26.38"","""","""""
"04/10/2024 10:00:00 - 04/10/2024 11:00:00,""BZN|NO3"",""Without Sequence"",""28.34"","""","""""
"04/10/2024 11:00:00 - 04/10/2024 12:00:00,""BZN|NO3"",""Without Sequence"",""28.84"","""","""""
"04/10/2024 12:00:00 - 04/10/2024 13:00:00,""BZN|NO3"",""Without Sequence"",""29.53"","""","""""
"04/10/2024 13:00:00 - 04/10/2024 14:00:00,""BZN|NO3"",""Without Sequence"",""28.39"","""","""""
"04/10/2024 14:00:00 - 04/10/2024 15:00:00,""BZN|NO3"",""Without Sequence"",""26.99"","""","""""
"04/10/2024 15:00:00 - 04/10/2024 16:00:00,""BZN|NO3"",""Without Sequence"",""26.92"","""","""""
"04/10/2024 16:00:00 - 04/10/2024 17:00:00,""BZN|NO3"",""Without Sequence"",""26.99"","""","""""
"04/10/2024 17:00:00 - 04/10/2024 18:00:00,""BZN|NO3"",""Without Sequence"",""26.50"","""","""""
"04/10/2024 18:00:00 - 04/10/2024 19:00:00,""BZN|NO3"",""Without Sequence"",""24.86"","""","""""
"04/10/2024 19:00:00 - 04/10/2024 20:00:00,""BZN|NO3"",""Without Sequence"",""23.64"","""","""""
"04/10/2024 20:00:00 - 04/10/2024 21:00:00,""BZN|NO3"",""Without Sequence"",""22.97"","""","""""
"04/10/2024 21:00:00 - 04/10/2024 22:00:00,""BZN|NO3"",""Without Sequence"",""22.70"","""","""""
"04/10/2024 22:00:00 - 04/10/2024 23:00:00,""BZN|NO3"",""Without Sequence"",""21.36"","""","""""
"04/10/2024 23:00:00 - 05/10/2024 00:00:00,""BZN|NO3"",""Without Sequence"",""19.17"","""","""""
"05/10/2024 00:00:00 - 05/10/2024 01:00:00,""BZN|NO3"",""Without Sequence"",""21.77"","""","""""
"05/10/2024 01:00:00 - 05/10/2024 02:00:00,""BZN|NO3"",""Without Sequence"",""20.27"","""","""""
"05/10/2024 02:00:00 - 05/10/2024 03:00:00,""BZN|NO3"",""Without Sequence"",""20.00"","""","""""
"05/10/2024 03:00:00 - 05/10/2024 04:00:00,""BZN|NO3"",""Without Sequence"",""19.74"","""","""""
"05/10/2024 04:00:00 - 05/10/2024 05:00:00,""BZN|NO3"",""Without Sequence"",""20.27"","""","""""
"05/10/2024 05:00:00 - 05/10/2024 06:00:00,""BZN|NO3"",""Without Sequence"",""22.05"","""","""""
"05/10/2024 06:00:00 - 05/10/2024 07:00:00,""BZN|NO3"",""Without Sequence"",""21.49"","""","""""
"05/10/2024 07:00:00 - 05/10/2024 08:00:00,""BZN|NO3"",""Without Sequence"",""24.68"","""","""""
"05/10/2024 08:00:00 - 05/10/2024 09:00:00,""BZN|NO3"",""Without Sequence"",""28.33"","""","""""
"05/10/2024 09:00:00 - 05/10/2024 10:00:00,""BZN|NO3"",""Without Sequence"",""30.29"","""","""""
"05/10/2024 10:00:00 - 05/10/2024 11:00:00,""BZN|NO3"",""Without Sequence"",""29.83"","""","""""
"05/10/2024 11:00:00 - 05/10/2024 12:00:00,""BZN|NO3"",""Without Sequence"",""28.42"","""","""""
"05/10/2024 12:00:00 - 05/10/2024 13:00:00,""BZN|NO3"",""Without Sequence"",""27.32"","""","""""
"05/10/2024 13:00:00 - 05/10/2024 14:00:00,""BZN|NO3"",""Without Sequence"",""26.95"","""","""""
"05/10/2024 14:00:00 - 05/10/2024 15:00:00,""BZN|NO3"",""Without Sequence"",""26.20"","""","""""
"05/10/2024 15:00:00 - 05/10/2024 16:00:00,""BZN|NO3"",""Without Sequence"",""26.94"","""","""""
"05/10/2024 16:00:00 - 05/10/2024 17:00:00,""BZN|NO3"",""Without Sequence"",""27.28"","""","""""
"05/10/2024 17:00:00 - 05/10/2024 18:00:00,""BZN|NO3"",""Without Sequence"",""26.80"","""","""""
"05/10/2024 18:00:00 - 05/10/2024 19:00:00,""BZN|NO3"",""Without Sequence"",""25.81"","""","""""
"05/10/2024 19:00:00 - 05/10/2024 20:00:00,""BZN|NO3"",""Without Sequence"",""24.78"","""","""""
"05/10/2024 20:00:00 - 05/10/2024 21:00:00,""BZN|NO3"",""Without Sequence"",""25.13"","""","""""
"05/10/2024 21:00:00 - 05/10/2024 22:00:00,""BZN|NO3"",""Without Sequence"",""23.97"","""","""""
"05/10/2024 22:00:00 - 05/10/2024 23:00:00,""BZN|NO3"",""Without Sequence"",""21.99"","""","""""
"05/10/2024 23:00:00 - 06/10/2024 00:00:00,""BZN|NO3"",""Without Sequence"",""20.27"","""","""""
"06/10/2024 00:00:00 - 06/10/2024 01:00:00,""BZN|NO3"",""Without Sequence"",""19.05"","""","""""
"06/10/2024 01:00:00 - 06/10/2024 02:00:00,""BZN|NO3"",""Without Sequence"",""17.85"","""","""""
"06/10/2024 02:00:00 - 06/10/2024 03:00:00,""BZN|NO3"",""Without Sequence"",""17.10"","""","""""
"06/10/2024 03:00:00 - 06/10/2024 04:00:00,""BZN|NO3"",""Without Sequence"",""16.81"","""","""""
"06/10/2024 04:00:00 - 06/10/2024 05:00:00,""BZN|NO3"",""Without Sequence"",""16.86"","""","""""
"06/10/2024 05:00:00 - 06/10/2024 06:00:00,""BZN|NO3"",""Without Sequence"",""17.95"","""","""""
"06/10/2024 06:00:00 - 06/10/2024 07:00:00,""BZN|NO3"",""Without Sequence"",""21.06"","""","""""
"06/10/2024 07:00:00 - 06/10/2024 08:00:00,""BZN|NO3"",""Without Sequence"",""22.35"","""","""""
"06/10/2024 08:00:00 - 06/10/2024 09:00:00,""BZN|NO3"",""Without Sequence"",""23.36"","""","""""
"06/10/2024 09:00:00 - 06/10/2024 10:00:00,""BZN|NO3"",""Without Sequence"",""23.85"","""","""""
"06/10/2024 10:00:00 - 06/10/2024 11:00:00,""BZN|NO3"",""Without Sequence"",""23.73"","""","""""
"06/10/2024 11:00:00 - 06/10/2024 12:00:00,""BZN|NO3"",""Without Sequence"",""17.00"","""","""""
"06/10/2024 12:00:00 - 06/10/2024 13:00:00,""BZN|NO3"",""Without Sequence"",""15.17"","""","""""
"06/10/2024 13:00:00 - 06/10/2024 14:00:00,""BZN|NO3"",""Without Sequence"",""13.98"","""","""""
"06/10/2024 14:00:00 - 06/10/2024 15:00:00,""BZN|NO3"",""Without Sequence"",""15.28"","""","""""
"06/10/2024 15:00:00 - 06/10/2024 16:00:00,""BZN|NO3"",""Without Sequence"",""18.72"","""","""""
"06/10/2024 16:00:00 - 06/10/2024 17:00:00,""BZN|NO3"",""Without Sequence"",""27.20"","""","""""
"06/10/2024 17:00:00 - 06/10/2024 18:00:00,""BZN|NO3"",""Without Sequence"",""28.24"","""","""""
"06/10/2024 18:00:00 - 06/10/2024 19:00:00,""BZN|NO3"",""Without Sequence"",""28.66"","""","""""
"06/10/2024 19:00:00 - 06/10/2024 20:00:00,""BZN|NO3"",""Without Sequence"",""28.91"","""","""""
"06/10/2024 20:00:00 - 06/10/2024 21:00:00,""BZN|NO3"",""Without Sequence"",""28.94"","""","""""
"06/10/2024 21:00:00 - 06/10/2024 22:00:00,""BZN|NO3"",""Without Sequence"",""28.62"","""","""""
"06/10/2024 22:00:00 - 06/10/2024 23:00:00,""BZN|NO3"",""Without Sequence"",""28.24"","""","""""
"06/10/2024 23:00:00 - 07/10/2024 00:00:00,""BZN|NO3"",""Without Sequence"",""26.21"","""","""""
"07/10/2024 00:00:00 - 07/10/2024 01:00:00,""BZN|NO3"",""Without Sequence"",""27.30"","""","""""
"07/10/2024 01:00:00 - 07/10/2024 02:00:00,""BZN|NO3"",""Without Sequence"",""25.28"","""","""""
"07/10/2024 02:00:00 - 07/10/2024 03:00:00,""BZN|NO3"",""Without Sequence"",""24.65"","""","""""
"07/10/2024 03:00:00 - 07/10/2024 04:00:00,""BZN|NO3"",""Without Sequence"",""25.13"","""","""""
"07/10/2024 04:00:00 - 07/10/2024 05:00:00,""BZN|NO3"",""Without Sequence"",""25.62"","""","""""
"07/10/2024 05:00:00 - 07/10/2024 06:00:00,""BZN|NO3"",""Without Sequence"",""26.06"","""","""""
"07/10/2024 06:00:00 - 07/10/2024 07:00:00,""BZN|NO3"",""Without Sequence"",""27.58"","""","""""
"07/10/2024 07:00:00 - 07/10/2024 08:00:00,""BZN|NO3"",""Without Sequence"",""33.14"","""","""""
"07/10/2024 08:00:00 - 07/10/2024 09:00:00,""BZN|NO3"",""Without Sequence"",""32.29"","""","""""
"07/10/2024 09:00:00 - 07/10/2024 10:00:00,""BZN|NO3"",""Without Sequence"",""23.15"","""","""""
"07/10/2024 10:00:00 - 07/10/2024 11:00:00,""BZN|NO3"",""Without Sequence"",""22.26"","""","""""
"07/10/2024 11:00:00 - 07/10/2024 12:00:00,""BZN|NO3"",""Without Sequence"",""19.26"","""","""""
"07/10/2024 12:00:00 - 07/10/2024 13:00:00,""BZN|NO3"",""Without Sequence"",""19.48"","""","""""
"07/10/2024 13:00:00 - 07/10/2024 14:00:00,""BZN|NO3"",""Without Sequence"",""20.40"","""","""""
"07/10/2024 14:00:00 - 07/10/2024 15:00:00,""BZN|NO3"",""Without Sequence"",""20.15"","""","""""
"07/10/2024 15:00:00 - 07/10/2024 16:00:00,""BZN|NO3"",""Without Sequence"",""18.94"","""","""""
"07/10/2024 16:00:00 - 07/10/2024 17:00:00,""BZN|NO3"",""Without Sequence"",""24.88"","""","""""
"07/10/2024 17:00:00 - 07/10/2024 18:00:00,""BZN|NO3"",""Without Sequence"",""25.70"","""","""""
"07/10/2024 18:00:00 - 07/10/2024 19:00:00,""BZN|NO3"",""Without Sequence"",""25.77"","""","""""
"07/10/2024 19:00:00 - 07/10/2024 20:00:00,""BZN|NO3"",""Without Sequence"",""25.62"","""","""""
"07/10/2024 20:00:00 - 07/10/2024 21:00:00,""BZN|NO3"",""Without Sequence"",""25.31"","""","""""
"07/10/2024 21:00:00 - 07/10/2024 22:00:00,""BZN|NO3"",""Without Sequence"",""23.88"","""","""""
"07/10/2024 22:00:00 - 07/10/2024 23:00:00,""BZN|NO3"",""Without Sequence"",""23.34"","""","""""
"07/10/2024 23:00:00 - 08/10/2024 00:00:00,""BZN|NO3"",""Without Sequence"",""19.33"","""","""""
"08/10/2024 00:00:00 - 08/10/2024 01:00:00,""BZN|NO3"",""Without Sequence"",""21.12"","""","""""
"08/10/2024 01:00:00 - 08/10/2024 02:00:00,""BZN|NO3"",""Without Sequence"",""18.42"","""","""""
"08/10/2024 02:00:00 - 08/10/2024 03:00:00,""BZN|NO3"",""Without Sequence"",""17.49"","""","""""
"08/10/2024 03:00:00 - 08/10/2024 04:00:00,""BZN|NO3"",""Without Sequence"",""17.20"","""","""""
"08/10/2024 04:00:00 - 08/10/2024 05:00:00,""BZN|NO3"",""Without Sequence"",""18.01"","""","""""
"08/10/2024 05:00:00 - 08/10/2024 06:00:00,""BZN|NO3"",""Without Sequence"",""23.02"","""","""""
"08/10/2024 06:00:00 - 08/10/2024 07:00:00,""BZN|NO3"",""Without Sequence"",""24.27"","""","""""
"08/10/2024 07:00:00 - 08/10/2024 08:00:00,""BZN|NO3"",""Without Sequence"",""26.44"","""","""""
"08/10/2024 08:00:00 - 08/10/2024 09:00:00,""BZN|NO3"",""Without Sequence"",""27.70"","""","""""
"08/10/2024 09:00:00 - 08/10/2024 10:00:00,""BZN|NO3"",""Without Sequence"",""27.36"","""","""""
"08/10/2024 10:00:00 - 08/10/2024 11:00:00,""BZN|NO3"",""Without Sequence"",""26.40"","""","""""
"08/10/2024 11:00:00 - 08/10/2024 12:00:00,""BZN|NO3"",""Without Sequence"",""25.51"","""","""""
"08/10/2024 12:00:00 - 08/10/2024 13:00:00,""BZN|NO3"",""Without Sequence"",""26.40"","""","""""
"08/10/2024 13:00:00 - 08/10/2024 14:00:00,""BZN|NO3"",""Without Sequence"",""25.56"","""","""""
"08/10/2024 14:00:00 - 08/10/2024 15:00:00,""BZN|NO3"",""Without Sequence"",""24.91"","""","""""
"08/10/2024 15:00:00 - 08/10/2024 16:00:00,""BZN|NO3"",""Without Sequence"",""23.96"","""","""""
"08/10/2024 16:00:00 - 08/10/2024 17:00:00,""BZN|NO3"",""Without Sequence"",""23.68"","""","""""
"08/10/2024 17:00:00 - 08/10/2024 18:00:00,""BZN|NO3"",""Without Sequence"",""22.81"","""","""""
"08/10/2024 18:00:00 - 08/10/2024 19:00:00,""BZN|NO3"",""Without Sequence"",""21.59"","""","""""
"08/10/2024 19:00:00 - 08/10/2024 20:00:00,""BZN|NO3"",""Without Sequence"",""17.28"","""","""""
"08/10/2024 20:00:00 - 08/10/2024 21:00:00,""BZN|NO3"",""Without Sequence"",""15.50"","""","""""
"08/10/2024 21:00:00 - 08/10/2024 22:00:00,""BZN|NO3"",""Without Sequence"",""15.32"","""","""""
"08/10/2024 22:00:00 - 08/10/2024 23:00:00,""BZN|NO3"",""Without Sequence"",""15.20"","""","""""
"08/10/2024 23:00:00 - 09/10/2024 00:00:00,""BZN|NO3"",""Without Sequence"",""14.87"","""","""""
"09/10/2024 00:00:00 - 09/10/2024 01:00:00,""BZN|NO3"",""Without Sequence"",""14.69"","""","""""
"09/10/2024 01:00:00 - 09/10/2024 02:00:00,""BZN|NO3"",""Without Sequence"",""14.55"","""","""""
"09/10/2024 02:00:00 - 09/10/2024 03:00:00,""BZN|NO3"",""Without Sequence"",""14.43"","""","""""
"09/10/2024 03:00:00 - 09/10/2024 04:00:00,""BZN|NO3"",""Without Sequence"",""14.34"","""","""""
"09/10/2024 04:00:00 - 09/10/2024 05:00:00,""BZN|NO3"",""Without Sequence"",""14.36"","""","""""
"09/10/2024 05:00:00 - 09/10/2024 06:00:00,""BZN|NO3"",""Without Sequence"",""14.40"","""","""""
"09/10/2024 06:00:00 - 09/10/2024 07:00:00,""BZN|NO3"",""Without Sequence"",""14.76"","""","""""
"09/10/2024 07:00:00 - 09/10/2024 08:00:00,""BZN|NO3"",""Without Sequence"",""15.11"","""","""""
"09/10/2024 08:00:00 - 09/10/2024 09:00:00,""BZN|NO3"",""Without Sequence"",""15.20"","""","""""
"09/10/2024 09:00:00 - 09/10/2024 10:00:00,""BZN|NO3"",""Without Sequence"",""15.20"","""","""""
"09/10/2024 10:00:00 - 09/10/2024 11:00:00,""BZN|NO3"",""Without Sequence"",""14.27"","""","""""
"09/10/2024 11:00:00 - 09/10/2024 12:00:00,""BZN|NO3"",""Without Sequence"",""14.47"","""","""""
"09/10/2024 12:00:00 - 09/10/2024 13:00:00,""BZN|NO3"",""Without Sequence"",""14.33"","""","""""
"09/10/2024 13:00:00 - 09/10/2024 14:00:00,""BZN|NO3"",""Without Sequence"",""14.28"","""","""""
"09/10/2024 14:00:00 - 09/10/2024 15:00:00,""BZN|NO3"",""Without Sequence"",""14.15"","""","""""
"09/10/2024 15:00:00 - 09/10/2024 16:00:00,""BZN|NO3"",""Without Sequence"",""13.11"","""","""""
"09/10/2024 16:00:00 - 09/10/2024 17:00:00,""BZN|NO3"",""Without Sequence"",""13.09"","""","""""
"09/10/2024 17:00:00 - 09/10/2024 18:00:00,""BZN|NO3"",""Without Sequence"",""14.13"","""","""""
"09/10/2024 18:00:00 - 09/10/2024 19:00:00,""BZN|NO3"",""Without Sequence"",""14.24"","""","""""
"09/10/2024 19:00:00 - 09/10/2024 20:00:00,""BZN|NO3"",""Without Sequence"",""13.51"","""","""""
"09/10/2024 20:00:00 - 09/10/2024 21:00:00,""BZN|NO3"",""Without Sequence"",""11.48"","""","""""
"09/10/2024 21:00:00 - 09/10/2024 22:00:00,""BZN|NO3"",""Without Sequence"",""10.11"","""","""""
"09/10/2024 22:00:00 - 09/10/2024 23:00:00,""BZN|NO3"",""Without Sequence"",""10.09"","""","""""
"09/10/2024 23:00:00 - 10/10/2024 00:00:00,""BZN|NO3"",""Without Sequence"",""6.95"","""","""""
"10/10/2024 00:00:00 - 10/10/2024 01:00:00,""BZN|NO3"",""Without Sequence"",""7.14"","""","""""
"10/10/2024 01:00:00 - 10/10/2024 02:00:00,""BZN|NO3"",""Without Sequence"",""8.61"","""","""""
"10/10/2024 02:00:00 - 10/10/2024 03:00:00,""BZN|NO3"",""Without Sequence"",""10.00"","""","""""
"10/10/2024 03:00:00 - 10/10/2024 04:00:00,""BZN|NO3"",""Without Sequence"",""10.95"","""","""""
"10/10/2024 04:00:00 - 10/10/2024 05:00:00,""BZN|NO3"",""Without Sequence"",""14.24"","""","""""
"10/10/2024 05:00:00 - 10/10/2024 06:00:00,""BZN|NO3"",""Without Sequence"",""15.50"","""","""""
"10/10/2024 06:00:00 - 10/10/2024 07:00:00,""BZN|NO3"",""Without Sequence"",""17.95"","""","""""
"10/10/2024 07:00:00 - 10/10/2024 08:00:00,""BZN|NO3"",""Without Sequence"",""24.84"","""","""""
"10/10/2024 08:00:00 - 10/10/2024 09:00:00,""BZN|NO3"",""Without Sequence"",""26.58"","""","""""
"10/10/2024 09:00:00 - 10/10/2024 10:00:00,""BZN|NO3"",""Without Sequence"",""26.50"","""","""""
"10/10/2024 10:00:00 - 10/10/2024 11:00:00,""BZN|NO3"",""Without Sequence"",""24.98"","""","""""
"10/10/2024 11:00:00 - 10/10/2024 12:00:00,""BZN|NO3"",""Without Sequence"",""24.74"","""","""""
"10/10/2024 12:00:00 - 10/10/2024 13:00:00,""BZN|NO3"",""Without Sequence"",""21.83"","""","""""
"10/10/2024 13:00:00 - 10/10/2024 14:00:00,""BZN|NO3"",""Without Sequence"",""15.94"","""","""""
"10/10/2024 14:00:00 - 10/10/2024 15:00:00,""BZN|NO3"",""Without Sequence"",""19.78"","""","""""
"10/10/2024 15:00:00 - 10/10/2024 16:00:00,""BZN|NO3"",""Without Sequence"",""19.90"","""","""""
"10/10/2024 16:00:00 - 10/10/2024 17:00:00,""BZN|NO3"",""Without Sequence"",""17.91"","""","""""
"10/10/2024 17:00:00 - 10/10/2024 18:00:00,""BZN|NO3"",""Without Sequence"",""15.99"","""","""""
"10/10/2024 18:00:00 - 10/10/2024 19:00:00,""BZN|NO3"",""Without Sequence"",""15.96"","""","""""
"10/10/2024 19:00:00 - 10/10/2024 20:00:00,""BZN|NO3"",""Without Sequence"",""15.40"","""","""""
"10/10/2024 20:00:00 - 10/10/2024 21:00:00,""BZN|NO3"",""Without Sequence"",""15.53"","""","""""
"10/10/2024 21:00:00 - 10/10/2024 22:00:00,""BZN|NO3"",""Without Sequence"",""15.47"","""","""""
"10/10/2024 22:00:00 - 10/10/2024 23:00:00,""BZN|NO3"",""Without Sequence"",""15.33"","""","""""
"10/10/2024 23:00:00 - 11/10/2024 00:00:00,""BZN|NO3"",""Without Sequence"",""15.03"","""","""""
"11/10/2024 00:00:00 - 11/10/2024 01:00:00,""BZN|NO3"",""Without Sequence"",""14.21"","""","""""
"11/10/2024 01:00:00 - 11/10/2024 02:00:00,""BZN|NO3"",""Without Sequence"",""14.16"","""","""""
"11/10/2024 02:00:00 - 11/10/2024 03:00:00,""BZN|NO3"",""Without Sequence"",""14.08"","""","""""
"11/10/2024 03:00:00 - 11/10/2024 04:00:00,""BZN|NO3"",""Without Sequence"",""14.00"","""","""""
"11/10/2024 04:00:00 - 11/10/2024 05:00:00,""BZN|NO3"",""Without Sequence"",""14.06"","""","""""
"11/10/2024 05:00:00 - 11/10/2024 06:00:00,""BZN|NO3"",""Without Sequence"",""14.10"","""","""""
"11/10/2024 06:00:00 - 11/10/2024 07:00:00,""BZN|NO3"",""Without Sequence"",""14.34"","""","""""
"11/10/2024 07:00:00 - 11/10/2024 08:00:00,""BZN|NO3"",""Without Sequence"",""14.43"","""","""""
"11/10/2024 08:00:00 - 11/10/2024 09:00:00,""BZN|NO3"",""Without Sequence"",""14.55"","""","""""
"11/10/2024 09:00:00 - 11/10/2024 10:00:00,""BZN|NO3"",""Without Sequence"",""14.67"","""","""""
"11/10/2024 10:00:00 - 11/10/2024 11:00:00,""BZN|NO3"",""Without Sequence"",""14.62"","""","""""
"11/10/2024 11:00:00 - 11/10/2024 12:00:00,""BZN|NO3"",""Without Sequence"",""14.62"","""","""""
"11/10/2024 12:00:00 - 11/10/2024 13:00:00,""BZN|NO3"",""Without Sequence"",""14.61"","""","""""
"11/10/2024 13:00:00 - 11/10/2024 14:00:00,""BZN|NO3"",""Without Sequence"",""14.68"","""","""""
"11/10/2024 14:00:00 - 11/10/2024 15:00:00,""BZN|NO3"",""Without Sequence"",""14.61"","""","""""
"11/10/2024 15:00:00 - 11/10/2024 16:00:00,""BZN|NO3"",""Without Sequence"",""14.55"","""","""""
"11/10/2024 16:00:00 - 11/10/2024 17:00:00,""BZN|NO3"",""Without Sequence"",""14.85"","""","""""
"11/10/2024 17:00:00 - 11/10/2024 18:00:00,""BZN|NO3"",""Without Sequence"",""19.60"","""","""""
"11/10/2024 18:00:00 - 11/10/2024 19:00:00,""BZN|NO3"",""Without Sequence"",""20.36"","""","""""
"11/10/2024 19:00:00 - 11/10/2024 20:00:00,""BZN|NO3"",""Without Sequence"",""18.60"","""","""""
"11/10/2024 20:00:00 - 11/10/2024 21:00:00,""BZN|NO3"",""Without Sequence"",""16.55"","""","""""
"11/10/2024 21:00:00 - 11/10/2024 22:00:00,""BZN|NO3"",""Without Sequence"",""14.96"","""","""""
"11/10/2024 22:00:00 - 11/10/2024 23:00:00,""BZN|NO3"",""Without Sequence"",""14.10"","""","""""
"11/10/2024 23:00:00 - 12/10/2024 00:00:00,""BZN|NO3"",""Without Sequence"",""11.35"","""","""""
"12/10/2024 00:00:00 - 12/10/2024 01:00:00,""BZN|NO3"",""Without Sequence"",""10.67"","""","""""
"12/10/2024 01:00:00 - 12/10/2024 02:00:00,""BZN|NO3"",""Without Sequence"",""10.11"","""","""""
"12/10/2024 02:00:00 - 12/10/2024 03:00:00,""BZN|NO3"",""Without Sequence"",""10.17"","""","""""
"12/10/2024 03:00:00 - 12/10/2024 04:00:00,""BZN|NO3"",""Without Sequence"",""10.64"","""","""""
"12/10/2024 04:00:00 - 12/10/2024 05:00:00,""BZN|NO3"",""Without Sequence"",""10.51"","""","""""
"12/10/2024 05:00:00 - 12/10/2024 06:00:00,""BZN|NO3"",""Without Sequence"",""11.41"","""","""""
"12/10/2024 06:00:00 - 12/10/2024 07:00:00,""BZN|NO3"",""Without Sequence"",""11.73"","""","""""
"12/10/2024 07:00:00 - 12/10/2024 08:00:00,""BZN|NO3"",""Without Sequence"",""14.52"","""","""""
"12/10/2024 08:00:00 - 12/10/2024 09:00:00,""BZN|NO3"",""Without Sequence"",""15.29"","""","""""
"12/10/2024 09:00:00 - 12/10/2024 10:00:00,""BZN|NO3"",""Without Sequence"",""15.61"","""","""""
"12/10/2024 10:00:00 - 12/10/2024 11:00:00,""BZN|NO3"",""Without Sequence"",""15.94"","""","""""
"12/10/2024 11:00:00 - 12/10/2024 12:00:00,""BZN|NO3"",""Without Sequence"",""15.84"","""","""""
"12/10/2024 12:00:00 - 12/10/2024 13:00:00,""BZN|NO3"",""Without Sequence"",""15.29"","""","""""
"12/10/2024 13:00:00 - 12/10/2024 14:00:00,""BZN|NO3"",""Without Sequence"",""13.99"","""","""""
"12/10/2024 14:00:00 - 12/10/2024 15:00:00,""BZN|NO3"",""Without Sequence"",""11.94"","""","""""
"12/10/2024 15:00:00 - 12/10/2024 16:00:00,""BZN|NO3"",""Without Sequence"",""11.81"","""","""""
"12/10/2024 16:00:00 - 12/10/2024 17:00:00,""BZN|NO3"",""Without Sequence"",""11.66"","""","""""
"12/10/2024 17:00:00 - 12/10/2024 18:00:00,""BZN|NO3"",""Without Sequence"",""11.65"","""","""""
"12/10/2024 18:00:00 - 12/10/2024 19:00:00,""BZN|NO3"",""Without Sequence"",""11.84"","""","""""
"12/10/2024 19:00:00 - 12/10/2024 20:00:00,""BZN|NO3"",""Without Sequence"",""11.96"","""","""""
"12/10/2024 20:00:00 - 12/10/2024 21:00:00,""BZN|NO3"",""Without Sequence"",""12.81"","""","""""
"12/10/2024 21:00:00 - 12/10/2024 22:00:00,""BZN|NO3"",""Without Sequence"",""13.85"","""","""""
"12/10/2024 22:00:00 - 12/10/2024 23:00:00,""BZN|NO3"",""Without Sequence"",""14.04"","""","""""
"12/10/2024 23:00:00 - 13/10/2024 00:00:00,""BZN|NO3"",""Without Sequence"",""12.85"","""","""""
"13/10/2024 00:00:00 - 13/10/2024 01:00:00,""BZN|NO3"",""Without Sequence"",""5.26"","""","""""
"13/10/2024 01:00:00 - 13/10/2024 02:00:00,""BZN|NO3"",""Without Sequence"",""5.19"","""","""""
"13/10/2024 02:00:00 - 13/10/2024 03:00:00,""BZN|NO3"",""Without Sequence"",""5.29"","""","""""
"13/10/2024 03:00:00 - 13/10/2024 04:00:00,""BZN|NO3"",""Without Sequence"",""5.30"","""","""""
"13/10/2024 04:00:00 - 13/10/2024 05:00:00,""BZN|NO3"",""Without Sequence"",""7.05"","""","""""
"13/10/2024 05:00:00 - 13/10/2024 06:00:00,""BZN|NO3"",""Without Sequence"",""10.06"","""","""""
"13/10/2024 06:00:00 - 13/10/2024 07:00:00,""BZN|NO3"",""Without Sequence"",""10.20"","""","""""
"13/10/2024 07:00:00 - 13/10/2024 08:00:00,""BZN|NO3"",""Without Sequence"",""10.34"","""","""""
"13/10/2024 08:00:00 - 13/10/2024 09:00:00,""BZN|NO3"",""Without Sequence"",""10.15"","""","""""
"13/10/2024 09:00:00 - 13/10/2024 10:00:00,""BZN|NO3"",""Without Sequence"",""10.30"","""","""""
"13/10/2024 10:00:00 - 13/10/2024 11:00:00,""BZN|NO3"",""Without Sequence"",""10.85"","""","""""
"13/10/2024 11:00:00 - 13/10/2024 12:00:00,""BZN|NO3"",""Without Sequence"",""11.83"","""","""""
"13/10/2024 12:00:00 - 13/10/2024 13:00:00,""BZN|NO3"",""Without Sequence"",""11.99"","""","""""
"13/10/2024 13:00:00 - 13/10/2024 14:00:00,""BZN|NO3"",""Without Sequence"",""11.62"","""","""""
"13/10/2024 14:00:00 - 13/10/2024 15:00:00,""BZN|NO3"",""Without Sequence"",""13.40"","""","""""
"13/10/2024 15:00:00 - 13/10/2024 16:00:00,""BZN|NO3"",""Without Sequence"",""13.55"","""","""""
"13/10/2024 16:00:00 - 13/10/2024 17:00:00,""BZN|NO3"",""Without Sequence"",""15.85"","""","""""
"13/10/2024 17:00:00 - 13/10/2024 18:00:00,""BZN|NO3"",""Without Sequence"",""20.94"","""","""""
"13/10/2024 18:00:00 - 13/10/2024 19:00:00,""BZN|NO3"",""Without Sequence"",""24.08"","""","""""
"13/10/2024 19:00:00 - 13/10/2024 20:00:00,""BZN|NO3"",""Without Sequence"",""23.85"","""","""""
"13/10/2024 20:00:00 - 13/10/2024 21:00:00,""BZN|NO3"",""Without Sequence"",""23.54"","""","""""
"13/10/2024 21:00:00 - 13/10/2024 22:00:00,""BZN|NO3"",""Without Sequence"",""23.84"","""","""""
"13/10/2024 22:00:00 - 13/10/2024 23:00:00,""BZN|NO3"",""Without Sequence"",""24.19"","""","""""
"13/10/2024 23:00:00 - 14/10/2024 00:00:00,""BZN|NO3"",""Without Sequence"",""24.91"","""","""""
"14/10/2024 00:00:00 - 14/10/2024 01:00:00,""BZN|NO3"",""Without Sequence"",""19.66"","""","""""
"14/10/2024 01:00:00 - 14/10/2024 02:00:00,""BZN|NO3"",""Without Sequence"",""22.36"","""","""""
"14/10/2024 02:00:00 - 14/10/2024 03:00:00,""BZN|NO3"",""Without Sequence"",""22.73"","""","""""
"14/10/2024 03:00:00 - 14/10/2024 04:00:00,""BZN|NO3"",""Without Sequence"",""22.94"","""","""""
"14/10/2024 04:00:00 - 14/10/2024 05:00:00,""BZN|NO3"",""Without Sequence"",""23.50"","""","""""
"14/10/2024 05:00:00 - 14/10/2024 06:00:00,""BZN|NO3"",""Without Sequence"",""25.84"","""","""""
"14/10/2024 06:00:00 - 14/10/2024 07:00:00,""BZN|NO3"",""Without Sequence"",""29.93"","""","""""
"14/10/2024 07:00:00 - 14/10/2024 08:00:00,""BZN|NO3"",""Without Sequence"",""35.55"","""","""""
"14/10/2024 08:00:00 - 14/10/2024 09:00:00,""BZN|NO3"",""Without Sequence"",""36.54"","""","""""
"14/10/2024 09:00:00 - 14/10/2024 10:00:00,""BZN|NO3"",""Without Sequence"",""35.09"","""","""""
"14/10/2024 10:00:00 - 14/10/2024 11:00:00,""BZN|NO3"",""Without Sequence"",""33.02"","""","""""
"14/10/2024 11:00:00 - 14/10/2024 12:00:00,""BZN|NO3"",""Without Sequence"",""30.05"","""","""""
"14/10/2024 12:00:00 - 14/10/2024 13:00:00,""BZN|NO3"",""Without Sequence"",""26.38"","""","""""
"14/10/2024 13:00:00 - 14/10/2024 14:00:00,""BZN|NO3"",""Without Sequence"",""24.32"","""","""""
"14/10/2024 14:00:00 - 14/10/2024 15:00:00,""BZN|NO3"",""Without Sequence"",""23.53"","""","""""
"14/10/2024 15:00:00 - 14/10/2024 16:00:00,""BZN|NO3"",""Without Sequence"",""23.24"","""","""""
"14/10/2024 16:00:00 - 14/10/2024 17:00:00,""BZN|NO3"",""Without Sequence"",""22.82"","""","""""
"14/10/2024 17:00:00 - 14/10/2024 18:00:00,""BZN|NO3"",""Without Sequence"",""21.65"","""","""""
"14/10/2024 18:00:00 - 14/10/2024 19:00:00,""BZN|NO3"",""Without Sequence"",""19.92"","""","""""
"14/10/2024 19:00:00 - 14/10/2024 20:00:00,""BZN|NO3"",""Without Sequence"",""18.20"","""","""""
"14/10/2024 20:00:00 - 14/10/2024 21:00:00,""BZN|NO3"",""Without Sequence"",""16.98"","""","""""
"14/10/2024 21:00:00 - 14/10/2024 22:00:00,""BZN|NO3"",""Without Sequence"",""16.60"","""","""""
"14/10/2024 22:00:00 - 14/10/2024 23:00:00,""BZN|NO3"",""Without Sequence"",""15.31"","""","""""
"14/10/2024 23:00:00 - 15/10/2024 00:00:00,""BZN|NO3"",""Without Sequence"",""14.69"","""","""""
"15/10/2024 00:00:00 - 15/10/2024 01:00:00,""BZN|NO3"",""Without Sequence"",""14.04"","""","""""
"15/10/2024 01:00:00 - 15/10/2024 02:00:00,""BZN|NO3"",""Without Sequence"",""13.73"","""","""""
"15/10/2024 02:00:00 - 15/10/2024 03:00:00,""BZN|NO3"",""Without Sequence"",""13.49"","""","""""
"15/10/2024 03:00:00 - 15/10/2024 04:00:00,""BZN|NO3"",""Without Sequence"",""13.36"","""","""""
"15/10/2024 04:00:00 - 15/10/2024 05:00:00,""BZN|NO3"",""Without Sequence"",""13.63"","""","""""
"15/10/2024 05:00:00 - 15/10/2024 06:00:00,""BZN|NO3"",""Without Sequence"",""14.54"","""","""""
"15/10/2024 06:00:00 - 15/10/2024 07:00:00,""BZN|NO3"",""Without Sequence"",""15.26"","""","""""
"15/10/2024 07:00:00 - 15/10/2024 08:00:00,""BZN|NO3"",""Without Sequence"",""16.08"","""","""""
"15/10/2024 08:00:00 - 15/10/2024 09:00:00,""BZN|NO3"",""Without Sequence"",""17.97"","""","""""
"15/10/2024 09:00:00 - 15/10/2024 10:00:00,""BZN|NO3"",""Without Sequence"",""19.99"","""","""""
"15/10/2024 10:00:00 - 15/10/2024 11:00:00,""BZN|NO3"",""Without Sequence"",""21.78"","""","""""
"15/10/2024 11:00:00 - 15/10/2024 12:00:00,""BZN|NO3"",""Without Sequence"",""22.64"","""","""""
"15/10/2024 12:00:00 - 15/10/2024 13:00:00,""BZN|NO3"",""Without Sequence"",""22.08"","""","""""
"15/10/2024 13:00:00 - 15/10/2024 14:00:00,""BZN|NO3"",""Without Sequence"",""20.96"","""","""""
"15/10/2024 14:00:00 - 15/10/2024 15:00:00,""BZN|NO3"",""Without Sequence"",""20.17"","""","""""
"15/10/2024 15:00:00 - 15/10/2024 16:00:00,""BZN|NO3"",""Without Sequence"",""18.45"","""","""""
"15/10/2024 16:00:00 - 15/10/2024 17:00:00,""BZN|NO3"",""Without Sequence"",""18.31"","""","""""
"15/10/2024 17:00:00 - 15/10/2024 18:00:00,""BZN|NO3"",""Without Sequence"",""17.58"","""","""""
"15/10/2024 18:00:00 - 15/10/2024 19:00:00,""BZN|NO3"",""Without Sequence"",""16.47"","""","""""
"15/10/2024 19:00:00 - 15/10/2024 20:00:00,""BZN|NO3"",""Without Sequence"",""15.40"","""","""""
"15/10/2024 20:00:00 - 15/10/2024 21:00:00,""BZN|NO3"",""Without Sequence"",""15.03"","""","""""
"15/10/2024 21:00:00 - 15/10/2024 22:00:00,""BZN|NO3"",""Without Sequence"",""14.95"","""","""""
"15/10/2024 22:00:00 - 15/10/2024 23:00:00,""BZN|NO3"",""Without Sequence"",""14.07"","""","""""
"15/10/2024 23:00:00 - 16/10/2024 00:00:00,""BZN|NO3"",""Without Sequence"",""10.16"","""","""""
"16/10/2024 00:00:00 - 16/10/2024 01:00:00,""BZN|NO3"",""Without Sequence"",""11.00"","""","""""
"16/10/2024 01:00:00 - 16/10/2024 02:00:00,""BZN|NO3"",""Without Sequence"",""9.23"","""","""""
"16/10/2024 02:00:00 - 16/10/2024 03:00:00,""BZN|NO3"",""Without Sequence"",""5.30"","""","""""
"16/10/2024 03:00:00 - 16/10/2024 04:00:00,""BZN|NO3"",""Without Sequence"",""4.53"","""","""""
"16/10/2024 04:00:00 - 16/10/2024 05:00:00,""BZN|NO3"",""Without Sequence"",""10.13"","""","""""
"16/10/2024 05:00:00 - 16/10/2024 06:00:00,""BZN|NO3"",""Without Sequence"",""10.65"","""","""""
"16/10/2024 06:00:00 - 16/10/2024 07:00:00,""BZN|NO3"",""Without Sequence"",""16.92"","""","""""
"16/10/2024 07:00:00 - 16/10/2024 08:00:00,""BZN|NO3"",""Without Sequence"",""19.28"","""","""""
"16/10/2024 08:00:00 - 16/10/2024 09:00:00,""BZN|NO3"",""Without Sequence"",""19.93"","""","""""
"16/10/2024 09:00:00 - 16/10/2024 10:00:00,""BZN|NO3"",""Without Sequence"",""20.08"","""","""""
"16/10/2024 10:00:00 - 16/10/2024 11:00:00,""BZN|NO3"",""Without Sequence"",""19.46"","""","""""
"16/10/2024 11:00:00 - 16/10/2024 12:00:00,""BZN|NO3"",""Without Sequence"",""14.16"","""","""""
"16/10/2024 12:00:00 - 16/10/2024 13:00:00,""BZN|NO3"",""Without Sequence"",""13.76"","""","""""
"16/10/2024 13:00:00 - 16/10/2024 14:00:00,""BZN|NO3"",""Without Sequence"",""13.75"","""","""""
"16/10/2024 14:00:00 - 16/10/2024 15:00:00,""BZN|NO3"",""Without Sequence"",""13.95"","""","""""
"16/10/2024 15:00:00 - 16/10/2024 16:00:00,""BZN|NO3"",""Without Sequence"",""14.05"","""","""""
"16/10/2024 16:00:00 - 16/10/2024 17:00:00,""BZN|NO3"",""Without Sequence"",""16.56"","""","""""
"16/10/2024 17:00:00 - 16/10/2024 18:00:00,""BZN|NO3"",""Without Sequence"",""16.23"","""","""""
"16/10/2024 18:00:00 - 16/10/2024 19:00:00,""BZN|NO3"",""Without Sequence"",""16.06"","""","""""
"16/10/2024 19:00:00 - 16/10/2024 20:00:00,""BZN|NO3"",""Without Sequence"",""14.28"","""","""""
"16/10/2024 20:00:00 - 16/10/2024 21:00:00,""BZN|NO3"",""Without Sequence"",""13.44"","""","""""
"16/10/2024 21:00:00 - 16/10/2024 22:00:00,""BZN|NO3"",""Without Sequence"",""13.02"","""","""""
"16/10/2024 22:00:00 - 16/10/2024 23:00:00,""BZN|NO3"",""Without Sequence"",""12.02"","""","""""
"16/10/2024 23:00:00 - 17/10/2024 00:00:00,""BZN|NO3"",""Without Sequence"",""10.23"","""","""""
"17/10/2024 00:00:00 - 17/10/2024 01:00:00,""BZN|NO3"",""Without Sequence"",""11.84"","""","""""
"17/10/2024 01:00:00 - 17/10/2024 02:00:00,""BZN|NO3"",""Without Sequence"",""11.37"","""","""""
"17/10/2024 02:00:00 - 17/10/2024 03:00:00,""BZN|NO3"",""Without Sequence"",""11.32"","""","""""
"17/10/2024 03:00:00 - 17/10/2024 04:00:00,""BZN|NO3"",""Without Sequence"",""10.17"","""","""""
"17/10/2024 04:00:00 - 17/10/2024 05:00:00,""BZN|NO3"",""Without Sequence"",""10.16"","""","""""
"17/10/2024 05:00:00 - 17/10/2024 06:00:00,""BZN|NO3"",""Without Sequence"",""11.13"","""","""""
"17/10/2024 06:00:00 - 17/10/2024 07:00:00,""BZN|NO3"",""Without Sequence"",""11.86"","""","""""
"17/10/2024 07:00:00 - 17/10/2024 08:00:00,""BZN|NO3"",""Without Sequence"",""13.19"","""","""""
"17/10/2024 08:00:00 - 17/10/2024 09:00:00,""BZN|NO3"",""Without Sequence"",""13.44"","""","""""
"17/10/2024 09:00:00 - 17/10/2024 10:00:00,""BZN|NO3"",""Without Sequence"",""13.46"","""","""""
"17/10/2024 10:00:00 - 17/10/2024 11:00:00,""BZN|NO3"",""Without Sequence"",""13.61"","""","""""
"17/10/2024 11:00:00 - 17/10/2024 12:00:00,""BZN|NO3"",""Without Sequence"",""13.45"","""","""""
"17/10/2024 12:00:00 - 17/10/2024 13:00:00,""BZN|NO3"",""Without Sequence"",""12.24"","""","""""
"17/10/2024 13:00:00 - 17/10/2024 14:00:00,""BZN|NO3"",""Without Sequence"",""11.55"","""","""""
"17/10/2024 14:00:00 - 17/10/2024 15:00:00,""BZN|NO3"",""Without Sequence"",""11.40"","""","""""
"17/10/2024 15:00:00 - 17/10/2024 16:00:00,""BZN|NO3"",""Without Sequence"",""11.03"","""","""""
"17/10/2024 16:00:00 - 17/10/2024 17:00:00,""BZN|NO3"",""Without Sequence"",""11.07"","""","""""
"17/10/2024 17:00:00 - 17/10/2024 18:00:00,""BZN|NO3"",""Without Sequence"",""11.30"","""","""""
"17/10/2024 18:00:00 - 17/10/2024 19:00:00,""BZN|NO3"",""Without Sequence"",""10.98"","""","""""
"17/10/2024 19:00:00 - 17/10/2024 20:00:00,""BZN|NO3"",""Without Sequence"",""11.21"","""","""""
"17/10/2024 20:00:00 - 17/10/2024 21:00:00,""BZN|NO3"",""Without Sequence"",""11.23"","""","""""
"17/10/2024 21:00:00 - 17/10/2024 22:00:00,""BZN|NO3"",""Without Sequence"",""11.17"","""","""""
"17/10/2024 22:00:00 - 17/10/2024 23:00:00,""BZN|NO3"",""Without Sequence"",""11.50"","""","""""
"17/10/2024 23:00:00 - 18/10/2024 00:00:00,""BZN|NO3"",""Without Sequence"",""10.16"","""","""""
"18/10/2024 00:00:00 - 18/10/2024 01:00:00,""BZN|NO3"",""Without Sequence"",""5.67"","""","""""
"18/10/2024 01:00:00 - 18/10/2024 02:00:00,""BZN|NO3"",""Without Sequence"",""6.66"","""","""""
"18/10/2024 02:00:00 - 18/10/2024 03:00:00,""BZN|NO3"",""Without Sequence"",""9.00"","""","""""
"18/10/2024 03:00:00 - 18/10/2024 04:00:00,""BZN|NO3"",""Without Sequence"",""10.08"","""","""""
"18/10/2024 04:00:00 - 18/10/2024 05:00:00,""BZN|NO3"",""Without Sequence"",""10.16"","""","""""
"18/10/2024 05:00:00 - 18/10/2024 06:00:00,""BZN|NO3"",""Without Sequence"",""10.39"","""","""""
"18/10/2024 06:00:00 - 18/10/2024 07:00:00,""BZN|NO3"",""Without Sequence"",""10.68"","""","""""
"18/10/2024 07:00:00 - 18/10/2024 08:00:00,""BZN|NO3"",""Without Sequence"",""12.32"","""","""""
"18/10/2024 08:00:00 - 18/10/2024 09:00:00,""BZN|NO3"",""Without Sequence"",""13.18"","""","""""
"18/10/2024 09:00:00 - 18/10/2024 10:00:00,""BZN|NO3"",""Without Sequence"",""13.13"","""","""""
"18/10/2024 10:00:00 - 18/10/2024 11:00:00,""BZN|NO3"",""Without Sequence"",""13.25"","""","""""
"18/10/2024 11:00:00 - 18/10/2024 12:00:00,""BZN|NO3"",""Without Sequence"",""13.27"","""","""""
"18/10/2024 12:00:00 - 18/10/2024 13:00:00,""BZN|NO3"",""Without Sequence"",""13.20"","""","""""
"18/10/2024 13:00:00 - 18/10/2024 14:00:00,""BZN|NO3"",""Without Sequence"",""13.17"","""","""""
"18/10/2024 14:00:00 - 18/10/2024 15:00:00,""BZN|NO3"",""Without Sequence"",""13.17"","""","""""
"18/10/2024 15:00:00 - 18/10/2024 16:00:00,""BZN|NO3"",""Without Sequence"",""13.42"","""","""""
"18/10/2024 16:00:00 - 18/10/2024 17:00:00,""BZN|NO3"",""Without Sequence"",""17.94"","""","""""
"18/10/2024 17:00:00 - 18/10/2024 18:00:00,""BZN|NO3"",""Without Sequence"",""19.93"","""","""""
"18/10/2024 18:00:00 - 18/10/2024 19:00:00,""BZN|NO3"",""Without Sequence"",""19.93"","""","""""
"18/10/2024 19:00:00 - 18/10/2024 20:00:00,""BZN|NO3"",""Without Sequence"",""13.65"","""","""""
"18/10/2024 20:00:00 - 18/10/2024 21:00:00,""BZN|NO3"",""Without Sequence"",""13.09"","""","""""
"18/10/2024 21:00:00 - 18/10/2024 22:00:00,""BZN|NO3"",""Without Sequence"",""11.53"","""","""""
"18/10/2024 22:00:00 - 18/10/2024 23:00:00,""BZN|NO3"",""Without Sequence"",""9.00"","""","""""
"18/10/2024 23:00:00 - 19/10/2024 00:00:00,""BZN|NO3"",""Without Sequence"",""6.36"","""","""""
"19/10/2024 00:00:00 - 19/10/2024 01:00:00,""BZN|NO3"",""Without Sequence"",""3.78"","""","""""
"19/10/2024 01:00:00 - 19/10/2024 02:00:00,""BZN|NO3"",""Without Sequence"",""3.09"","""","""""
"19/10/2024 02:00:00 - 19/10/2024 03:00:00,""BZN|NO3"",""Without Sequence"",""2.91"","""","""""
"19/10/2024 03:00:00 - 19/10/2024 04:00:00,""BZN|NO3"",""Without Sequence"",""2.76"","""","""""
"19/10/2024 04:00:00 - 19/10/2024 05:00:00,""BZN|NO3"",""Without Sequence"",""2.76"","""","""""
"19/10/2024 05:00:00 - 19/10/2024 06:00:00,""BZN|NO3"",""Without Sequence"",""2.97"","""","""""
"19/10/2024 06:00:00 - 19/10/2024 07:00:00,""BZN|NO3"",""Without Sequence"",""3.60"","""","""""
"19/10/2024 07:00:00 - 19/10/2024 08:00:00,""BZN|NO3"",""Without Sequence"",""4.46"","""","""""
"19/10/2024 08:00:00 - 19/10/2024 09:00:00,""BZN|NO3"",""Without Sequence"",""4.99"","""","""""
"19/10/2024 09:00:00 - 19/10/2024 10:00:00,""BZN|NO3"",""Without Sequence"",""5.00"","""","""""
"19/10/2024 10:00:00 - 19/10/2024 11:00:00,""BZN|NO3"",""Without Sequence"",""4.96"","""","""""
"19/10/2024 11:00:00 - 19/10/2024 12:00:00,""BZN|NO3"",""Without Sequence"",""4.97"","""","""""
"19/10/2024 12:00:00 - 19/10/2024 13:00:00,""BZN|NO3"",""Without Sequence"",""4.90"","""","""""
"19/10/2024 13:00:00 - 19/10/2024 14:00:00,""BZN|NO3"",""Without Sequence"",""4.63"","""","""""
"19/10/2024 14:00:00 - 19/10/2024 15:00:00,""BZN|NO3"",""Without Sequence"",""4.91"","""","""""
"19/10/2024 15:00:00 - 19/10/2024 16:00:00,""BZN|NO3"",""Without Sequence"",""4.98"","""","""""
"19/10/2024 16:00:00 - 19/10/2024 17:00:00,""BZN|NO3"",""Without Sequence"",""7.93"","""","""""
"19/10/2024 17:00:00 - 19/10/2024 18:00:00,""BZN|NO3"",""Without Sequence"",""10.13"","""","""""
"19/10/2024 18:00:00 - 19/10/2024 19:00:00,""BZN|NO3"",""Without Sequence"",""10.01"","""","""""
"19/10/2024 19:00:00 - 19/10/2024 20:00:00,""BZN|NO3"",""Without Sequence"",""6.55"","""","""""
"19/10/2024 20:00:00 - 19/10/2024 21:00:00,""BZN|NO3"",""Without Sequence"",""4.96"","""","""""
"19/10/2024 21:00:00 - 19/10/2024 22:00:00,""BZN|NO3"",""Without Sequence"",""4.18"","""","""""
"19/10/2024 22:00:00 - 19/10/2024 23:00:00,""BZN|NO3"",""Without Sequence"",""3.29"","""","""""
"19/10/2024 23:00:00 - 20/10/2024 00:00:00,""BZN|NO3"",""Without Sequence"",""2.91"","""","""""
"20/10/2024 00:00:00 - 20/10/2024 01:00:00,""BZN|NO3"",""Without Sequence"",""2.79"","""","""""
"20/10/2024 01:00:00 - 20/10/2024 02:00:00,""BZN|NO3"",""Without Sequence"",""2.60"","""","""""
"20/10/2024 02:00:00 - 20/10/2024 03:00:00,""BZN|NO3"",""Without Sequence"",""2.61"","""","""""
"20/10/2024 03:00:00 - 20/10/2024 04:00:00,""BZN|NO3"",""Without Sequence"",""2.79"","""","""""
"20/10/2024 04:00:00 - 20/10/2024 05:00:00,""BZN|NO3"",""Without Sequence"",""2.90"","""","""""
"20/10/2024 05:00:00 - 20/10/2024 06:00:00,""BZN|NO3"",""Without Sequence"",""2.91"","""","""""
"20/10/2024 06:00:00 - 20/10/2024 07:00:00,""BZN|NO3"",""Without Sequence"",""4.49"","""","""""
"20/10/2024 07:00:00 - 20/10/2024 08:00:00,""BZN|NO3"",""Without Sequence"",""4.97"","""","""""
"20/10/2024 08:00:00 - 20/10/2024 09:00:00,""BZN|NO3"",""Without Sequence"",""6.64"","""","""""
"20/10/2024 09:00:00 - 20/10/2024 10:00:00,""BZN|NO3"",""Without Sequence"",""9.10"","""","""""
"20/10/2024 10:00:00 - 20/10/2024 11:00:00,""BZN|NO3"",""Without Sequence"",""9.46"","""","""""
"20/10/2024 11:00:00 - 20/10/2024 12:00:00,""BZN|NO3"",""Without Sequence"",""9.11"","""","""""
"20/10/2024 12:00:00 - 20/10/2024 13:00:00,""BZN|NO3"",""Without Sequence"",""7.11"","""","""""
"20/10/2024 13:00:00 - 20/10/2024 14:00:00,""BZN|NO3"",""Without Sequence"",""6.29"","""","""""
"20/10/2024 14:00:00 - 20/10/2024 15:00:00,""BZN|NO3"",""Without Sequence"",""5.97"","""","""""
"20/10/2024 15:00:00 - 20/10/2024 16:00:00,""BZN|NO3"",""Without Sequence"",""7.67"","""","""""
"20/10/2024 16:00:00 - 20/10/2024 17:00:00,""BZN|NO3"",""Without Sequence"",""8.20"","""","""""
"20/10/2024 17:00:00 - 20/10/2024 18:00:00,""BZN|NO3"",""Without Sequence"",""5.00"","""","""""
"20/10/2024 18:00:00 - 20/10/2024 19:00:00,""BZN|NO3"",""Without Sequence"",""3.21"","""","""""
"20/10/2024 19:00:00 - 20/10/2024 20:00:00,""BZN|NO3"",""Without Sequence"",""3.00"","""","""""
"20/10/2024 20:00:00 - 20/10/2024 21:00:00,""BZN|NO3"",""Without Sequence"",""2.80"","""","""""
"20/10/2024 21:00:00 - 20/10/2024 22:00:00,""BZN|NO3"",""Without Sequence"",""2.60"","""","""""
"20/10/2024 22:00:00 - 20/10/2024 23:00:00,""BZN|NO3"",""Without Sequence"",""1.98"","""","""""
"20/10/2024 23:00:00 - 21/10/2024 00:00:00,""BZN|NO3"",""Without Sequence"",""0.96"","""","""""
"21/10/2024 00:00:00 - 21/10/2024 01:00:00,""BZN|NO3"",""Without Sequence"",""0.45"","""","""""
"21/10/2024 01:00:00 - 21/10/2024 02:00:00,""BZN|NO3"",""Without Sequence"",""0.43"","""","""""
"21/10/2024 02:00:00 - 21/10/2024 03:00:00,""BZN|NO3"",""Without Sequence"",""0.41"","""","""""
"21/10/2024 03:00:00 - 21/10/2024 04:00:00,""BZN|NO3"",""Without Sequence"",""0.41"","""","""""
"21/10/2024 04:00:00 - 21/10/2024 05:00:00,""BZN|NO3"",""Without Sequence"",""0.20"","""","""""
"21/10/2024 05:00:00 - 21/10/2024 06:00:00,""BZN|NO3"",""Without Sequence"",""0.45"","""","""""
"21/10/2024 06:00:00 - 21/10/2024 07:00:00,""BZN|NO3"",""Without Sequence"",""0.82"","""","""""
"21/10/2024 07:00:00 - 21/10/2024 08:00:00,""BZN|NO3"",""Without Sequence"",""0.95"","""","""""
"21/10/2024 08:00:00 - 21/10/2024 09:00:00,""BZN|NO3"",""Without Sequence"",""0.97"","""","""""
"21/10/2024 09:00:00 - 21/10/2024 10:00:00,""BZN|NO3"",""Without Sequence"",""1.08"","""","""""
"21/10/2024 10:00:00 - 21/10/2024 11:00:00,""BZN|NO3"",""Without Sequence"",""1.59"","""","""""
"21/10/2024 11:00:00 - 21/10/2024 12:00:00,""BZN|NO3"",""Without Sequence"",""1.12"","""","""""
"21/10/2024 12:00:00 - 21/10/2024 13:00:00,""BZN|NO3"",""Without Sequence"",""0.98"","""","""""
"21/10/2024 13:00:00 - 21/10/2024 14:00:00,""BZN|NO3"",""Without Sequence"",""0.94"","""","""""
"21/10/2024 14:00:00 - 21/10/2024 15:00:00,""BZN|NO3"",""Without Sequence"",""0.96"","""","""""
"21/10/2024 15:00:00 - 21/10/2024 16:00:00,""BZN|NO3"",""Without Sequence"",""0.98"","""","""""
"21/10/2024 16:00:00 - 21/10/2024 17:00:00,""BZN|NO3"",""Without Sequence"",""0.96"","""","""""
"21/10/2024 17:00:00 - 21/10/2024 18:00:00,""BZN|NO3"",""Without Sequence"",""0.98"","""","""""
"21/10/2024 18:00:00 - 21/10/2024 19:00:00,""BZN|NO3"",""Without Sequence"",""1.02"","""","""""
"21/10/2024 19:00:00 - 21/10/2024 20:00:00,""BZN|NO3"",""Without Sequence"",""1.02"","""","""""
"21/10/2024 20:00:00 - 21/10/2024 21:00:00,""BZN|NO3"",""Without Sequence"",""1.00"","""","""""
"21/10/2024 21:00:00 - 21/10/2024 22:00:00,""BZN|NO3"",""Without Sequence"",""0.83"","""","""""
"21/10/2024 22:00:00 - 21/10/2024 23:00:00,""BZN|NO3"",""Without Sequence"",""0.78"","""","""""
"21/10/2024 23:00:00 - 22/10/2024 00:00:00,""BZN|NO3"",""Without Sequence"",""0.47"","""","""""
"22/10/2024 00:00:00 - 22/10/2024 01:00:00,""BZN|NO3"",""Without Sequence"",""0.42"","""","""""
"22/10/2024 01:00:00 - 22/10/2024 02:00:00,""BZN|NO3"",""Without Sequence"",""0.41"","""","""""
"22/10/2024 02:00:00 - 22/10/2024 03:00:00,""BZN|NO3"",""Without Sequence"",""0.20"","""","""""
"22/10/2024 03:00:00 - 22/10/2024 04:00:00,""BZN|NO3"",""Without Sequence"",""0.19"","""","""""
"22/10/2024 04:00:00 - 22/10/2024 05:00:00,""BZN|NO3"",""Without Sequence"",""0.19"","""","""""
"22/10/2024 05:00:00 - 22/10/2024 06:00:00,""BZN|NO3"",""Without Sequence"",""0.20"","""","""""
"22/10/2024 06:00:00 - 22/10/2024 07:00:00,""BZN|NO3"",""Without Sequence"",""1.91"","""","""""
"22/10/2024 07:00:00 - 22/10/2024 08:00:00,""BZN|NO3"",""Without Sequence"",""2.27"","""","""""
"22/10/2024 08:00:00 - 22/10/2024 09:00:00,""BZN|NO3"",""Without Sequence"",""2.43"","""","""""
"22/10/2024 09:00:00 - 22/10/2024 10:00:00,""BZN|NO3"",""Without Sequence"",""2.63"","""","""""
"22/10/2024 10:00:00 - 22/10/2024 11:00:00,""BZN|NO3"",""Without Sequence"",""2.71"","""","""""
"22/10/2024 11:00:00 - 22/10/2024 12:00:00,""BZN|NO3"",""Without Sequence"",""3.06"","""","""""
"22/10/2024 12:00:00 - 22/10/2024 13:00:00,""BZN|NO3"",""Without Sequence"",""3.08"","""","""""
"22/10/2024 13:00:00 - 22/10/2024 14:00:00,""BZN|NO3"",""Without Sequence"",""2.93"","""","""""
"22/10/2024 14:00:00 - 22/10/2024 15:00:00,""BZN|NO3"",""Without Sequence"",""2.60"","""","""""
"22/10/2024 15:00:00 - 22/10/2024 16:00:00,""BZN|NO3"",""Without Sequence"",""2.40"","""","""""
"22/10/2024 16:00:00 - 22/10/2024 17:00:00,""BZN|NO3"",""Without Sequence"",""2.78"","""","""""
"22/10/2024 17:00:00 - 22/10/2024 18:00:00,""BZN|NO3"",""Without Sequence"",""3.01"","""","""""
"22/10/2024 18:00:00 - 22/10/2024 19:00:00,""BZN|NO3"",""Without Sequence"",""2.91"","""","""""
"22/10/2024 19:00:00 - 22/10/2024 20:00:00,""BZN|NO3"",""Without Sequence"",""2.28"","""","""""
"22/10/2024 20:00:00 - 22/10/2024 21:00:00,""BZN|NO3"",""Without Sequence"",""0.93"","""","""""
"22/10/2024 21:00:00 - 22/10/2024 22:00:00,""BZN|NO3"",""Without Sequence"",""0.49"","""","""""
"22/10/2024 22:00:00 - 22/10/2024 23:00:00,""BZN|NO3"",""Without Sequence"",""0.43"","""","""""
"22/10/2024 23:00:00 - 23/10/2024 00:00:00,""BZN|NO3"",""Without Sequence"",""0.20"","""","""""
"23/10/2024 00:00:00 - 23/10/2024 01:00:00,""BZN|NO3"",""Without Sequence"",""0.39"","""","""""
"23/10/2024 01:00:00 - 23/10/2024 02:00:00,""BZN|NO3"",""Without Sequence"",""0.00"","""","""""
"23/10/2024 02:00:00 - 23/10/2024 03:00:00,""BZN|NO3"",""Without Sequence"",""-0.01"","""","""""
"23/10/2024 03:00:00 - 23/10/2024 04:00:00,""BZN|NO3"",""Without Sequence"",""-0.01"","""","""""
"23/10/2024 04:00:00 - 23/10/2024 05:00:00,""BZN|NO3"",""Without Sequence"",""0.00"","""","""""
"23/10/2024 05:00:00 - 23/10/2024 06:00:00,""BZN|NO3"",""Without Sequence"",""0.39"","""","""""
"23/10/2024 06:00:00 - 23/10/2024 07:00:00,""BZN|NO3"",""Without Sequence"",""0.48"","""","""""
"23/10/2024 07:00:00 - 23/10/2024 08:00:00,""BZN|NO3"",""Without Sequence"",""2.11"","""","""""
"23/10/2024 08:00:00 - 23/10/2024 09:00:00,""BZN|NO3"",""Without Sequence"",""2.28"","""","""""
"23/10/2024 09:00:00 - 23/10/2024 10:00:00,""BZN|NO3"",""Without Sequence"",""2.15"","""","""""
"23/10/2024 10:00:00 - 23/10/2024 11:00:00,""BZN|NO3"",""Without Sequence"",""0.92"","""","""""
"23/10/2024 11:00:00 - 23/10/2024 12:00:00,""BZN|NO3"",""Without Sequence"",""0.77"","""","""""
"23/10/2024 12:00:00 - 23/10/2024 13:00:00,""BZN|NO3"",""Without Sequence"",""0.72"","""","""""
"23/10/2024 13:00:00 - 23/10/2024 14:00:00,""BZN|NO3"",""Without Sequence"",""0.76"","""","""""
"23/10/2024 14:00:00 - 23/10/2024 15:00:00,""BZN|NO3"",""Without Sequence"",""0.77"","""","""""
"23/10/2024 15:00:00 - 23/10/2024 16:00:00,""BZN|NO3"",""Without Sequence"",""0.71"","""","""""
"23/10/2024 16:00:00 - 23/10/2024 17:00:00,""BZN|NO3"",""Without Sequence"",""0.49"","""","""""
"23/10/2024 17:00:00 - 23/10/2024 18:00:00,""BZN|NO3"",""Without Sequence"",""0.80"","""","""""
"23/10/2024 18:00:00 - 23/10/2024 19:00:00,""BZN|NO3"",""Without Sequence"",""0.96"","""","""""
"23/10/2024 19:00:00 - 23/10/2024 20:00:00,""BZN|NO3"",""Without Sequence"",""0.49"","""","""""
"23/10/2024 20:00:00 - 23/10/2024 21:00:00,""BZN|NO3"",""Without Sequence"",""0.49"","""","""""
"23/10/2024 21:00:00 - 23/10/2024 22:00:00,""BZN|NO3"",""Without Sequence"",""0.48"","""","""""
"23/10/2024 22:00:00 - 23/10/2024 23:00:00,""BZN|NO3"",""Without Sequence"",""0.46"","""","""""
"23/10/2024 23:00:00 - 24/10/2024 00:00:00,""BZN|NO3"",""Without Sequence"",""0.41"","""","""""
"24/10/2024 00:00:00 - 24/10/2024 01:00:00,""BZN|NO3"",""Without Sequence"",""-0.02"","""","""""
"24/10/2024 01:00:00 - 24/10/2024 02:00:00,""BZN|NO3"",""Without Sequence"",""-0.05"","""","""""
"24/10/2024 02:00:00 - 24/10/2024 03:00:00,""BZN|NO3"",""Without Sequence"",""-0.04"","""","""""
"24/10/2024 03:00:00 - 24/10/2024 04:00:00,""BZN|NO3"",""Without Sequence"",""-0.03"","""","""""
"24/10/2024 04:00:00 - 24/10/2024 05:00:00,""BZN|NO3"",""Without Sequence"",""0.00"","""","""""
"24/10/2024 05:00:00 - 24/10/2024 06:00:00,""BZN|NO3"",""Without Sequence"",""0.84"","""","""""
"24/10/2024 06:00:00 - 24/10/2024 07:00:00,""BZN|NO3"",""Without Sequence"",""2.30"","""","""""
"24/10/2024 07:00:00 - 24/10/2024 08:00:00,""BZN|NO3"",""Without Sequence"",""2.77"","""","""""
"24/10/2024 08:00:00 - 24/10/2024 09:00:00,""BZN|NO3"",""Without Sequence"",""3.05"","""","""""
"24/10/2024 09:00:00 - 24/10/2024 10:00:00,""BZN|NO3"",""Without Sequence"",""3.42"","""","""""
"24/10/2024 10:00:00 - 24/10/2024 11:00:00,""BZN|NO3"",""Without Sequence"",""3.68"","""","""""
"24/10/2024 11:00:00 - 24/10/2024 12:00:00,""BZN|NO3"",""Without Sequence"",""3.98"","""","""""
"24/10/2024 12:00:00 - 24/10/2024 13:00:00,""BZN|NO3"",""Without Sequence"",""4.18"","""","""""
"24/10/2024 13:00:00 - 24/10/2024 14:00:00,""BZN|NO3"",""Without Sequence"",""4.88"","""","""""
"24/10/2024 14:00:00 - 24/10/2024 15:00:00,""BZN|NO3"",""Without Sequence"",""4.96"","""","""""
"24/10/2024 15:00:00 - 24/10/2024 16:00:00,""BZN|NO3"",""Without Sequence"",""4.93"","""","""""
"24/10/2024 16:00:00 - 24/10/2024 17:00:00,""BZN|NO3"",""Without Sequence"",""4.46"","""","""""
"24/10/2024 17:00:00 - 24/10/2024 18:00:00,""BZN|NO3"",""Without Sequence"",""4.17"","""","""""
"24/10/2024 18:00:00 - 24/10/2024 19:00:00,""BZN|NO3"",""Without Sequence"",""3.91"","""","""""
"24/10/2024 19:00:00 - 24/10/2024 20:00:00,""BZN|NO3"",""Without Sequence"",""3.71"","""","""""
"24/10/2024 20:00:00 - 24/10/2024 21:00:00,""BZN|NO3"",""Without Sequence"",""3.69"","""","""""
"24/10/2024 21:00:00 - 24/10/2024 22:00:00,""BZN|NO3"",""Without Sequence"",""3.64"","""","""""
"24/10/2024 22:00:00 - 24/10/2024 23:00:00,""BZN|NO3"",""Without Sequence"",""3.62"","""","""""
"24/10/2024 23:00:00 - 25/10/2024 00:00:00,""BZN|NO3"",""Without Sequence"",""3.43"","""","""""
"25/10/2024 00:00:00 - 25/10/2024 01:00:00,""BZN|NO3"",""Without Sequence"",""2.87"","""","""""
"25/10/2024 01:00:00 - 25/10/2024 02:00:00,""BZN|NO3"",""Without Sequence"",""2.42"","""","""""
"25/10/2024 02:00:00 - 25/10/2024 03:00:00,""BZN|NO3"",""Without Sequence"",""2.12"","""","""""
"25/10/2024 03:00:00 - 25/10/2024 04:00:00,""BZN|NO3"",""Without Sequence"",""2.00"","""","""""
"25/10/2024 04:00:00 - 25/10/2024 05:00:00,""BZN|NO3"",""Without Sequence"",""2.10"","""","""""
"25/10/2024 05:00:00 - 25/10/2024 06:00:00,""BZN|NO3"",""Without Sequence"",""2.65"","""","""""
"25/10/2024 06:00:00 - 25/10/2024 07:00:00,""BZN|NO3"",""Without Sequence"",""2.86"","""","""""
"25/10/2024 07:00:00 - 25/10/2024 08:00:00,""BZN|NO3"",""Without Sequence"",""3.07"","""","""""
"25/10/2024 08:00:00 - 25/10/2024 09:00:00,""BZN|NO3"",""Without Sequence"",""3.21"","""","""""
"25/10/2024 09:00:00 - 25/10/2024 10:00:00,""BZN|NO3"",""Without Sequence"",""3.20"","""","""""
"25/10/2024 10:00:00 - 25/10/2024 11:00:00,""BZN|NO3"",""Without Sequence"",""3.20"","""","""""
"25/10/2024 11:00:00 - 25/10/2024 12:00:00,""BZN|NO3"",""Without Sequence"",""3.21"","""","""""
"25/10/2024 12:00:00 - 25/10/2024 13:00:00,""BZN|NO3"",""Without Sequence"",""3.24"","""","""""
"25/10/2024 13:00:00 - 25/10/2024 14:00:00,""BZN|NO3"",""Without Sequence"",""3.31"","""","""""
"25/10/2024 14:00:00 - 25/10/2024 15:00:00,""BZN|NO3"",""Without Sequence"",""3.29"","""","""""
"25/10/2024 15:00:00 - 25/10/2024 16:00:00,""BZN|NO3"",""Without Sequence"",""3.33"","""","""""
"25/10/2024 16:00:00 - 25/10/2024 17:00:00,""BZN|NO3"",""Without Sequence"",""3.19"","""","""""
"25/10/2024 17:00:00 - 25/10/2024 18:00:00,""BZN|NO3"",""Without Sequence"",""3.31"","""","""""
"25/10/2024 18:00:00 - 25/10/2024 19:00:00,""BZN|NO3"",""Without Sequence"",""3.30"","""","""""
"25/10/2024 19:00:00 - 25/10/2024 20:00:00,""BZN|NO3"",""Without Sequence"",""3.07"","""","""""
"25/10/2024 20:00:00 - 25/10/2024 21:00:00,""BZN|NO3"",""Without Sequence"",""2.89"","""","""""
"25/10/2024 21:00:00 - 25/10/2024 22:00:00,""BZN|NO3"",""Without Sequence"",""2.94"","""","""""
"25/10/2024 22:00:00 - 25/10/2024 23:00:00,""BZN|NO3"",""Without Sequence"",""3.05"","""","""""
"25/10/2024 23:00:00 - 26/10/2024 00:00:00,""BZN|NO3"",""Without Sequence"",""3.02"","""","""""
"26/10/2024 00:00:00 - 26/10/2024 01:00:00,""BZN|NO3"",""Without Sequence"",""2.97"","""","""""
"26/10/2024 01:00:00 - 26/10/2024 02:00:00,""BZN|NO3"",""Without Sequence"",""3.15"","""","""""
"26/10/2024 02:00:00 - 26/10/2024 03:00:00,""BZN|NO3"",""Without Sequence"",""3.54"","""","""""
"26/10/2024 03:00:00 - 26/10/2024 04:00:00,""BZN|NO3"",""Without Sequence"",""3.91"","""","""""
"26/10/2024 04:00:00 - 26/10/2024 05:00:00,""BZN|NO3"",""Without Sequence"",""4.44"","""","""""
"26/10/2024 05:00:00 - 26/10/2024 06:00:00,""BZN|NO3"",""Without Sequence"",""5.14"","""","""""
"26/10/2024 06:00:00 - 26/10/2024 07:00:00,""BZN|NO3"",""Without Sequence"",""5.20"","""","""""
"26/10/2024 07:00:00 - 26/10/2024 08:00:00,""BZN|NO3"",""Without Sequence"",""5.89"","""","""""
"26/10/2024 08:00:00 - 26/10/2024 09:00:00,""BZN|NO3"",""Without Sequence"",""6.37"","""","""""
"26/10/2024 09:00:00 - 26/10/2024 10:00:00,""BZN|NO3"",""Without Sequence"",""8.28"","""","""""
"26/10/2024 10:00:00 - 26/10/2024 11:00:00,""BZN|NO3"",""Without Sequence"",""7.12"","""","""""
"26/10/2024 11:00:00 - 26/10/2024 12:00:00,""BZN|NO3"",""Without Sequence"",""6.77"","""","""""
"26/10/2024 12:00:00 - 26/10/2024 13:00:00,""BZN|NO3"",""Without Sequence"",""6.24"","""","""""
"26/10/2024 13:00:00 - 26/10/2024 14:00:00,""BZN|NO3"",""Without Sequence"",""5.71"","""","""""
"26/10/2024 14:00:00 - 26/10/2024 15:00:00,""BZN|NO3"",""Without Sequence"",""5.13"","""","""""
"26/10/2024 15:00:00 - 26/10/2024 16:00:00,""BZN|NO3"",""Without Sequence"",""4.78"","""","""""
"26/10/2024 16:00:00 - 26/10/2024 17:00:00,""BZN|NO3"",""Without Sequence"",""4.04"","""","""""
"26/10/2024 17:00:00 - 26/10/2024 18:00:00,""BZN|NO3"",""Without Sequence"",""3.59"","""","""""
"26/10/2024 18:00:00 - 26/10/2024 19:00:00,""BZN|NO3"",""Without Sequence"",""3.14"","""","""""
"26/10/2024 19:00:00 - 26/10/2024 20:00:00,""BZN|NO3"",""Without Sequence"",""2.91"","""","""""
"26/10/2024 20:00:00 - 26/10/2024 21:00:00,""BZN|NO3"",""Without Sequence"",""2.73"","""","""""
"26/10/2024 21:00:00 - 26/10/2024 22:00:00,""BZN|NO3"",""Without Sequence"",""2.58"","""","""""
"26/10/2024 22:00:00 - 26/10/2024 23:00:00,""BZN|NO3"",""Without Sequence"",""2.41"","""","""""
"26/10/2024 23:00:00 - 27/10/2024 00:00:00,""BZN|NO3"",""Without Sequence"",""2.18"","""","""""
"27/10/2024 00:00:00 - 27/10/2024 01:00:00,""BZN|NO3"",""Without Sequence"",""0.70"","""","""""
"27/10/2024 01:00:00 - 27/10/2024 02:00:00 (CEST),""BZN|NO3"",""Without Sequence"",""0.01"","""","""""
"27/10/2024 02:00:00 (CEST) - 27/10/2024 02:00:00 (CET),""BZN|NO3"",""Without Sequence"",""-0.05"","""","""""
"27/10/2024 02:00:00 (CET) - 27/10/2024 03:00:00,""BZN|NO3"",""Without Sequence"",""-0.04"","""","""""
"27/10/2024 03:00:00 - 27/10/2024 04:00:00,""BZN|NO3"",""Without Sequence"",""-0.04"","""","""""
"27/10/2024 04:00:00 - 27/10/2024 05:00:00,""BZN|NO3"",""Without Sequence"",""-0.04"","""","""""
"27/10/2024 05:00:00 - 27/10/2024 06:00:00,""BZN|NO3"",""Without Sequence"",""-0.04"","""","""""
"27/10/2024 06:00:00 - 27/10/2024 07:00:00,""BZN|NO3"",""Without Sequence"",""-0.03"","""","""""
"27/10/2024 07:00:00 - 27/10/2024 08:00:00,""BZN|NO3"",""Without Sequence"",""-0.02"","""","""""
"27/10/2024 08:00:00 - 27/10/2024 09:00:00,""BZN|NO3"",""Without Sequence"",""-0.01"","""","""""
"27/10/2024 09:00:00 - 27/10/2024 10:00:00,""BZN|NO3"",""Without Sequence"",""0.00"","""","""""
"27/10/2024 10:00:00 - 27/10/2024 11:00:00,""BZN|NO3"",""Without Sequence"",""0.00"","""","""""
"27/10/2024 11:00:00 - 27/10/2024 12:00:00,""BZN|NO3"",""Without Sequence"",""0.03"","""","""""
"27/10/2024 12:00:00 - 27/10/2024 13:00:00,""BZN|NO3"",""Without Sequence"",""0.03"","""","""""
"27/10/2024 13:00:00 - 27/10/2024 14:00:00,""BZN|NO3"",""Without Sequence"",""0.00"","""","""""
"27/10/2024 14:00:00 - 27/10/2024 15:00:00,""BZN|NO3"",""Without Sequence"",""0.03"","""","""""
"27/10/2024 15:00:00 - 27/10/2024 16:00:00,""BZN|NO3"",""Without Sequence"",""0.30"","""","""""
"27/10/2024 16:00:00 - 27/10/2024 17:00:00,""BZN|NO3"",""Without Sequence"",""0.41"","""","""""
"27/10/2024 17:00:00 - 27/10/2024 18:00:00,""BZN|NO3"",""Without Sequence"",""0.42"","""","""""
"27/10/2024 18:00:00 - 27/10/2024 19:00:00,""BZN|NO3"",""Without Sequence"",""0.43"","""","""""
"27/10/2024 19:00:00 - 27/10/2024 20:00:00,""BZN|NO3"",""Without Sequence"",""0.43"","""","""""
"27/10/2024 20:00:00 - 27/10/2024 21:00:00,""BZN|NO3"",""Without Sequence"",""0.43"","""","""""
"27/10/2024 21:00:00 - 27/10/2024 22:00:00,""BZN|NO3"",""Without Sequence"",""0.42"","""","""""
"27/10/2024 22:00:00 - 27/10/2024 23:00:00,""BZN|NO3"",""Without Sequence"",""0.41"","""","""""
"27/10/2024 23:00:00 - 28/10/2024 00:00:00,""BZN|NO3"",""Without Sequence"",""0.05"","""","""""
"28/10/2024 00:00:00 - 28/10/2024 01:00:00,""BZN|NO3"",""Without Sequence"",""0.10"","""","""""
"28/10/2024 01:00:00 - 28/10/2024 02:00:00,""BZN|NO3"",""Without Sequence"",""0.06"","""","""""
"28/10/2024 02:00:00 - 28/10/2024 03:00:00,""BZN|NO3"",""Without Sequence"",""0.09"","""","""""
"28/10/2024 03:00:00 - 28/10/2024 04:00:00,""BZN|NO3"",""Without Sequence"",""0.16"","""","""""
"28/10/2024 04:00:00 - 28/10/2024 05:00:00,""BZN|NO3"",""Without Sequence"",""0.41"","""","""""
"28/10/2024 05:00:00 - 28/10/2024 06:00:00,""BZN|NO3"",""Without Sequence"",""0.44"","""","""""
"28/10/2024 06:00:00 - 28/10/2024 07:00:00,""BZN|NO3"",""Without Sequence"",""0.48"","""","""""
"28/10/2024 07:00:00 - 28/10/2024 08:00:00,""BZN|NO3"",""Without Sequence"",""2.18"","""","""""
"28/10/2024 08:00:00 - 28/10/2024 09:00:00,""BZN|NO3"",""Without Sequence"",""2.60"","""","""""
"28/10/2024 09:00:00 - 28/10/2024 10:00:00,""BZN|NO3"",""Without Sequence"",""2.75"","""","""""
"28/10/2024 10:00:00 - 28/10/2024 11:00:00,""BZN|NO3"",""Without Sequence"",""2.90"","""","""""
"28/10/2024 11:00:00 - 28/10/2024 12:00:00,""BZN|NO3"",""Without Sequence"",""2.91"","""","""""
"28/10/2024 12:00:00 - 28/10/2024 13:00:00,""BZN|NO3"",""Without Sequence"",""2.90"","""","""""
"28/10/2024 13:00:00 - 28/10/2024 14:00:00,""BZN|NO3"",""Without Sequence"",""2.80"","""","""""
"28/10/2024 14:00:00 - 28/10/2024 15:00:00,""BZN|NO3"",""Without Sequence"",""2.75"","""","""""
"28/10/2024 15:00:00 - 28/10/2024 16:00:00,""BZN|NO3"",""Without Sequence"",""2.73"","""","""""
"28/10/2024 16:00:00 - 28/10/2024 17:00:00,""BZN|NO3"",""Without Sequence"",""2.76"","""","""""
"28/10/2024 17:00:00 - 28/10/2024 18:00:00,""BZN|NO3"",""Without Sequence"",""2.74"","""","""""
"28/10/2024 18:00:00 - 28/10/2024 19:00:00,""BZN|NO3"",""Without Sequence"",""2.67"","""","""""
"28/10/2024 19:00:00 - 28/10/2024 20:00:00,""BZN|NO3"",""Without Sequence"",""2.70"","""","""""
"28/10/2024 20:00:00 - 28/10/2024 21:00:00,""BZN|NO3"",""Without Sequence"",""2.41"","""","""""
"28/10/2024 21:00:00 - 28/10/2024 22:00:00,""BZN|NO3"",""Without Sequence"",""2.19"","""","""""
"28/10/2024 22:00:00 - 28/10/2024 23:00:00,""BZN|NO3"",""Without Sequence"",""2.10"","""","""""
"28/10/2024 23:00:00 - 29/10/2024 00:00:00,""BZN|NO3"",""Without Sequence"",""1.99"","""","""""
"29/10/2024 00:00:00 - 29/10/2024 01:00:00,""BZN|NO3"",""Without Sequence"",""2.17"","""","""""
"29/10/2024 01:00:00 - 29/10/2024 02:00:00,""BZN|NO3"",""Without Sequence"",""2.13"","""","""""
"29/10/2024 02:00:00 - 29/10/2024 03:00:00,""BZN|NO3"",""Without Sequence"",""2.15"","""","""""
"29/10/2024 03:00:00 - 29/10/2024 04:00:00,""BZN|NO3"",""Without Sequence"",""2.38"","""","""""
"29/10/2024 04:00:00 - 29/10/2024 05:00:00,""BZN|NO3"",""Without Sequence"",""2.87"","""","""""
"29/10/2024 05:00:00 - 29/10/2024 06:00:00,""BZN|NO3"",""Without Sequence"",""3.37"","""","""""
"29/10/2024 06:00:00 - 29/10/2024 07:00:00,""BZN|NO3"",""Without Sequence"",""3.69"","""","""""
"29/10/2024 07:00:00 - 29/10/2024 08:00:00,""BZN|NO3"",""Without Sequence"",""3.97"","""","""""
"29/10/2024 08:00:00 - 29/10/2024 09:00:00,""BZN|NO3"",""Without Sequence"",""3.99"","""","""""
"29/10/2024 09:00:00 - 29/10/2024 10:00:00,""BZN|NO3"",""Without Sequence"",""3.92"","""","""""
"29/10/2024 10:00:00 - 29/10/2024 11:00:00,""BZN|NO3"",""Without Sequence"",""3.86"","""","""""
"29/10/2024 11:00:00 - 29/10/2024 12:00:00,""BZN|NO3"",""Without Sequence"",""3.97"","""","""""
"29/10/2024 12:00:00 - 29/10/2024 13:00:00,""BZN|NO3"",""Without Sequence"",""3.77"","""","""""
"29/10/2024 13:00:00 - 29/10/2024 14:00:00,""BZN|NO3"",""Without Sequence"",""3.48"","""","""""
"29/10/2024 14:00:00 - 29/10/2024 15:00:00,""BZN|NO3"",""Without Sequence"",""3.07"","""","""""
"29/10/2024 15:00:00 - 29/10/2024 16:00:00,""BZN|NO3"",""Without Sequence"",""2.79"","""","""""
"29/10/2024 16:00:00 - 29/10/2024 17:00:00,""BZN|NO3"",""Without Sequence"",""2.24"","""","""""
"29/10/2024 17:00:00 - 29/10/2024 18:00:00,""BZN|NO3"",""Without Sequence"",""1.87"","""","""""
"29/10/2024 18:00:00 - 29/10/2024 19:00:00,""BZN|NO3"",""Without Sequence"",""1.09"","""","""""
"29/10/2024 19:00:00 - 29/10/2024 20:00:00,""BZN|NO3"",""Without Sequence"",""0.67"","""","""""
"29/10/2024 20:00:00 - 29/10/2024 21:00:00,""BZN|NO3"",""Without Sequence"",""0.78"","""","""""
"29/10/2024 21:00:00 - 29/10/2024 22:00:00,""BZN|NO3"",""Without Sequence"",""0.50"","""","""""
"29/10/2024 22:00:00 - 29/10/2024 23:00:00,""BZN|NO3"",""Without Sequence"",""0.50"","""","""""
"29/10/2024 23:00:00 - 30/10/2024 00:00:00,""BZN|NO3"",""Without Sequence"",""0.47"","""","""""
"30/10/2024 00:00:00 - 30/10/2024 01:00:00,""BZN|NO3"",""Without Sequence"",""1.37"","""","""""
"30/10/2024 01:00:00 - 30/10/2024 02:00:00,""BZN|NO3"",""Without Sequence"",""0.99"","""","""""
"30/10/2024 02:00:00 - 30/10/2024 03:00:00,""BZN|NO3"",""Without Sequence"",""0.93"","""","""""
"30/10/2024 03:00:00 - 30/10/2024 04:00:00,""BZN|NO3"",""Without Sequence"",""0.95"","""","""""
"30/10/2024 04:00:00 - 30/10/2024 05:00:00,""BZN|NO3"",""Without Sequence"",""1.02"","""","""""
"30/10/2024 05:00:00 - 30/10/2024 06:00:00,""BZN|NO3"",""Without Sequence"",""1.77"","""","""""
"30/10/2024 06:00:00 - 30/10/2024 07:00:00,""BZN|NO3"",""Without Sequence"",""3.50"","""","""""
"30/10/2024 07:00:00 - 30/10/2024 08:00:00,""BZN|NO3"",""Without Sequence"",""3.86"","""","""""
"30/10/2024 08:00:00 - 30/10/2024 09:00:00,""BZN|NO3"",""Without Sequence"",""3.64"","""","""""
"30/10/2024 09:00:00 - 30/10/2024 10:00:00,""BZN|NO3"",""Without Sequence"",""3.01"","""","""""
"30/10/2024 10:00:00 - 30/10/2024 11:00:00,""BZN|NO3"",""Without Sequence"",""3.86"","""","""""
"30/10/2024 11:00:00 - 30/10/2024 12:00:00,""BZN|NO3"",""Without Sequence"",""3.41"","""","""""
"30/10/2024 12:00:00 - 30/10/2024 13:00:00,""BZN|NO3"",""Without Sequence"",""3.98"","""","""""
"30/10/2024 13:00:00 - 30/10/2024 14:00:00,""BZN|NO3"",""Without Sequence"",""3.84"","""","""""
"30/10/2024 14:00:00 - 30/10/2024 15:00:00,""BZN|NO3"",""Without Sequence"",""4.02"","""","""""
"30/10/2024 15:00:00 - 30/10/2024 16:00:00,""BZN|NO3"",""Without Sequence"",""4.12"","""","""""
"30/10/2024 16:00:00 - 30/10/2024 17:00:00,""BZN|NO3"",""Without Sequence"",""5.18"","""","""""
"30/10/2024 17:00:00 - 30/10/2024 18:00:00,""BZN|NO3"",""Without Sequence"",""3.05"","""","""""
"30/10/2024 18:00:00 - 30/10/2024 19:00:00,""BZN|NO3"",""Without Sequence"",""8.45"","""","""""
"30/10/2024 19:00:00 - 30/10/2024 20:00:00,""BZN|NO3"",""Without Sequence"",""8.92"","""","""""
"30/10/2024 20:00:00 - 30/10/2024 21:00:00,""BZN|NO3"",""Without Sequence"",""8.01"","""","""""
"30/10/2024 21:00:00 - 30/10/2024 22:00:00,""BZN|NO3"",""Without Sequence"",""7.38"","""","""""
"30/10/2024 22:00:00 - 30/10/2024 23:00:00,""BZN|NO3"",""Without Sequence"",""5.97"","""","""""
"30/10/2024 23:00:00 - 31/10/2024 00:00:00,""BZN|NO3"",""Without Sequence"",""4.99"","""","""""
"31/10/2024 00:00:00 - 31/10/2024 01:00:00,""BZN|NO3"",""Without Sequence"",""1.70"","""","""""
"31/10/2024 01:00:00 - 31/10/2024 02:00:00,""BZN|NO3"",""Without Sequence"",""1.87"","""","""""
"31/10/2024 02:00:00 - 31/10/2024 03:00:00,""BZN|NO3"",""Without Sequence"",""2.63"","""","""""
"31/10/2024 03:00:00 - 31/10/2024 04:00:00,""BZN|NO3"",""Without Sequence"",""3.48"","""","""""
"31/10/2024 04:00:00 - 31/10/2024 05:00:00,""BZN|NO3"",""Without Sequence"",""4.05"","""","""""
"31/10/2024 05:00:00 - 31/10/2024 06:00:00,""BZN|NO3"",""Without Sequence"",""5.22"","""","""""
"31/10/2024 06:00:00 - 31/10/2024 07:00:00,""BZN|NO3"",""Without Sequence"",""12.49"","""","""""
"31/10/2024 07:00:00 - 31/10/2024 08:00:00,""BZN|NO3"",""Without Sequence"",""13.35"","""","""""
"31/10/2024 08:00:00 - 31/10/2024 09:00:00,""BZN|NO3"",""Without Sequence"",""14.44"","""","""""
"31/10/2024 09:00:00 - 31/10/2024 10:00:00,""BZN|NO3"",""Without Sequence"",""14.58"","""","""""
"31/10/2024 10:00:00 - 31/10/2024 11:00:00,""BZN|NO3"",""Without Sequence"",""11.14"","""","""""
"31/10/2024 11:00:00 - 31/10/2024 12:00:00,""BZN|NO3"",""Without Sequence"",""8.62"","""","""""
"31/10/2024 12:00:00 - 31/10/2024 13:00:00,""BZN|NO3"",""Without Sequence"",""11.23"","""","""""
"31/10/2024 13:00:00 - 31/10/2024 14:00:00,""BZN|NO3"",""Without Sequence"",""10.41"","""","""""
"31/10/2024 14:00:00 - 31/10/2024 15:00:00,""BZN|NO3"",""Without Sequence"",""10.38"","""","""""
"31/10/2024 15:00:00 - 31/10/2024 16:00:00,""BZN|NO3"",""Without Sequence"",""10.16"","""","""""
"31/10/2024 16:00:00 - 31/10/2024 17:00:00,""BZN|NO3"",""Without Sequence"",""10.13"","""","""""
"31/10/2024 17:00:00 - 31/10/2024 18:00:00,""BZN|NO3"",""Without Sequence"",""10.27"","""","""""
"31/10/2024 18:00:00 - 31/10/2024 19:00:00,""BZN|NO3"",""Without Sequence"",""10.26"","""","""""
"31/10/2024 19:00:00 - 31/10/2024 20:00:00,""BZN|NO3"",""Without Sequence"",""9.59"","""","""""
"31/10/2024 20:00:00 - 31/10/2024 21:00:00,""BZN|NO3"",""Without Sequence"",""8.36"","""","""""
"31/10/2024 21:00:00 - 31/10/2024 22:00:00,""BZN|NO3"",""Without Sequence"",""5.91"","""","""""
"31/10/2024 22:00:00 - 31/10/2024 23:00:00,""BZN|NO3"",""Without Sequence"",""4.73"","""","""""
"31/10/2024 23:00:00 - 01/11/2024 00:00:00,""BZN|NO3"",""Without Sequence"",""3.69"","""","""""
"01/11/2024 00:00:00 - 01/11/2024 01:00:00,""BZN|NO3"",""Without Sequence"",""1.71"","""","""""
"01/11/2024 01:00:00 - 01/11/2024 02:00:00,""BZN|NO3"",""Without Sequence"",""1.45"","""","""""
"01/11/2024 02:00:00 - 01/11/2024 03:00:00,""BZN|NO3"",""Without Sequence"",""1.10"","""","""""
"01/11/2024 03:00:00 - 01/11/2024 04:00:00,""BZN|NO3"",""Without Sequence"",""0.98"","""","""""
"01/11/2024 04:00:00 - 01/11/2024 05:00:00,""BZN|NO3"",""Without Sequence"",""0.95"","""","""""
"01/11/2024 05:00:00 - 01/11/2024 06:00:00,""BZN|NO3"",""Without Sequence"",""1.07"","""","""""
"01/11/2024 06:00:00 - 01/11/2024 07:00:00,""BZN|NO3"",""Without Sequence"",""2.07"","""","""""
"01/11/2024 07:00:00 - 01/11/2024 08:00:00,""BZN|NO3"",""Without Sequence"",""3.11"","""","""""
"01/11/2024 08:00:00 - 01/11/2024 09:00:00,""BZN|NO3"",""Without Sequence"",""3.07"","""","""""
"01/11/2024 09:00:00 - 01/11/2024 10:00:00,""BZN|NO3"",""Without Sequence"",""2.60"","""","""""
"01/11/2024 10:00:00 - 01/11/2024 11:00:00,""BZN|NO3"",""Without Sequence"",""2.43"","""","""""
"01/11/2024 11:00:00 - 01/11/2024 12:00:00,""BZN|NO3"",""Without Sequence"",""2.10"","""","""""
"01/11/2024 12:00:00 - 01/11/2024 13:00:00,""BZN|NO3"",""Without Sequence"",""2.09"","""","""""
"01/11/2024 13:00:00 - 01/11/2024 14:00:00,""BZN|NO3"",""Without Sequence"",""2.06"","""","""""
"01/11/2024 14:00:00 - 01/11/2024 15:00:00,""BZN|NO3"",""Without Sequence"",""2.10"","""","""""
"01/11/2024 15:00:00 - 01/11/2024 16:00:00,""BZN|NO3"",""Without Sequence"",""2.45"","""","""""
"01/11/2024 16:00:00 - 01/11/2024 17:00:00,""BZN|NO3"",""Without Sequence"",""3.02"","""","""""
"01/11/2024 17:00:00 - 01/11/2024 18:00:00,""BZN|NO3"",""Without Sequence"",""2.90"","""","""""
"01/11/2024 18:00:00 - 01/11/2024 19:00:00,""BZN|NO3"",""Without Sequence"",""3.00"","""","""""
"01/11/2024 19:00:00 - 01/11/2024 20:00:00,""BZN|NO3"",""Without Sequence"",""2.41"","""","""""
"01/11/2024 20:00:00 - 01/11/2024 21:00:00,""BZN|NO3"",""Without Sequence"",""2.80"","""","""""
"01/11/2024 21:00:00 - 01/11/2024 22:00:00,""BZN|NO3"",""Without Sequence"",""1.18"","""","""""
"01/11/2024 22:00:00 - 01/11/2024 23:00:00,""BZN|NO3"",""Without Sequence"",""0.66"","""","""""
"01/11/2024 23:00:00 - 02/11/2024 00:00:00,""BZN|NO3"",""Without Sequence"",""0.04"","""","""""
"02/11/2024 00:00:00 - 02/11/2024 01:00:00,""BZN|NO3"",""Without Sequence"",""0.84"","""","""""
"02/11/2024 01:00:00 - 02/11/2024 02:00:00,""BZN|NO3"",""Without Sequence"",""0.48"","""","""""
"02/11/2024 02:00:00 - 02/11/2024 03:00:00,""BZN|NO3"",""Without Sequence"",""0.46"","""","""""
"02/11/2024 03:00:00 - 02/11/2024 04:00:00,""BZN|NO3"",""Without Sequence"",""0.45"","""","""""
"02/11/2024 04:00:00 - 02/11/2024 05:00:00,""BZN|NO3"",""Without Sequence"",""0.46"","""","""""
"02/11/2024 05:00:00 - 02/11/2024 06:00:00,""BZN|NO3"",""Without Sequence"",""0.49"","""","""""
"02/11/2024 06:00:00 - 02/11/2024 07:00:00,""BZN|NO3"",""Without Sequence"",""0.92"","""","""""
"02/11/2024 07:00:00 - 02/11/2024 08:00:00,""BZN|NO3"",""Without Sequence"",""2.60"","""","""""
"02/11/2024 08:00:00 - 02/11/2024 09:00:00,""BZN|NO3"",""Without Sequence"",""3.25"","""","""""
"02/11/2024 09:00:00 - 02/11/2024 10:00:00,""BZN|NO3"",""Without Sequence"",""4.03"","""","""""
"02/11/2024 10:00:00 - 02/11/2024 11:00:00,""BZN|NO3"",""Without Sequence"",""4.15"","""","""""
"02/11/2024 11:00:00 - 02/11/2024 12:00:00,""BZN|NO3"",""Without Sequence"",""6.07"","""","""""
"02/11/2024 12:00:00 - 02/11/2024 13:00:00,""BZN|NO3"",""Without Sequence"",""5.95"","""","""""
"02/11/2024 13:00:00 - 02/11/2024 14:00:00,""BZN|NO3"",""Without Sequence"",""6.42"","""","""""
"02/11/2024 14:00:00 - 02/11/2024 15:00:00,""BZN|NO3"",""Without Sequence"",""6.95"","""","""""
"02/11/2024 15:00:00 - 02/11/2024 16:00:00,""BZN|NO3"",""Without Sequence"",""6.94"","""","""""
"02/11/2024 16:00:00 - 02/11/2024 17:00:00,""BZN|NO3"",""Without Sequence"",""6.74"","""","""""
"02/11/2024 17:00:00 - 02/11/2024 18:00:00,""BZN|NO3"",""Without Sequence"",""4.12"","""","""""
"02/11/2024 18:00:00 - 02/11/2024 19:00:00,""BZN|NO3"",""Without Sequence"",""6.18"","""","""""
"02/11/2024 19:00:00 - 02/11/2024 20:00:00,""BZN|NO3"",""Without Sequence"",""6.92"","""","""""
"02/11/2024 20:00:00 - 02/11/2024 21:00:00,""BZN|NO3"",""Without Sequence"",""5.15"","""","""""
"02/11/2024 21:00:00 - 02/11/2024 22:00:00,""BZN|NO3"",""Without Sequence"",""4.16"","""","""""
"02/11/2024 22:00:00 - 02/11/2024 23:00:00,""BZN|NO3"",""Without Sequence"",""3.43"","""","""""
"02/11/2024 23:00:00 - 03/11/2024 00:00:00,""BZN|NO3"",""Without Sequence"",""3.17"","""","""""
"03/11/2024 00:00:00 - 03/11/2024 01:00:00,""BZN|NO3"",""Without Sequence"",""4.37"","""","""""
"03/11/2024 01:00:00 - 03/11/2024 02:00:00,""BZN|NO3"",""Without Sequence"",""4.23"","""","""""
"03/11/2024 02:00:00 - 03/11/2024 03:00:00,""BZN|NO3"",""Without Sequence"",""3.21"","""","""""
"03/11/2024 03:00:00 - 03/11/2024 04:00:00,""BZN|NO3"",""Without Sequence"",""3.09"","""","""""
"03/11/2024 04:00:00 - 03/11/2024 05:00:00,""BZN|NO3"",""Without Sequence"",""3.21"","""","""""
"03/11/2024 05:00:00 - 03/11/2024 06:00:00,""BZN|NO3"",""Without Sequence"",""3.21"","""","""""
"03/11/2024 06:00:00 - 03/11/2024 07:00:00,""BZN|NO3"",""Without Sequence"",""3.48"","""","""""
"03/11/2024 07:00:00 - 03/11/2024 08:00:00,""BZN|NO3"",""Without Sequence"",""3.16"","""","""""
"03/11/2024 08:00:00 - 03/11/2024 09:00:00,""BZN|NO3"",""Without Sequence"",""3.10"","""","""""
"03/11/2024 09:00:00 - 03/11/2024 10:00:00,""BZN|NO3"",""Without Sequence"",""4.95"","""","""""
"03/11/2024 10:00:00 - 03/11/2024 11:00:00,""BZN|NO3"",""Without Sequence"",""4.94"","""","""""
"03/11/2024 11:00:00 - 03/11/2024 12:00:00,""BZN|NO3"",""Without Sequence"",""4.92"","""","""""
"03/11/2024 12:00:00 - 03/11/2024 13:00:00,""BZN|NO3"",""Without Sequence"",""4.67"","""","""""
"03/11/2024 13:00:00 - 03/11/2024 14:00:00,""BZN|NO3"",""Without Sequence"",""4.17"","""","""""
"03/11/2024 14:00:00 - 03/11/2024 15:00:00,""BZN|NO3"",""Without Sequence"",""4.69"","""","""""
"03/11/2024 15:00:00 - 03/11/2024 16:00:00,""BZN|NO3"",""Without Sequence"",""4.72"","""","""""
"03/11/2024 16:00:00 - 03/11/2024 17:00:00,""BZN|NO3"",""Without Sequence"",""5.08"","""","""""
"03/11/2024 17:00:00 - 03/11/2024 18:00:00,""BZN|NO3"",""Without Sequence"",""5.99"","""","""""
"03/11/2024 18:00:00 - 03/11/2024 19:00:00,""BZN|NO3"",""Without Sequence"",""7.48"","""","""""
"03/11/2024 19:00:00 - 03/11/2024 20:00:00,""BZN|NO3"",""Without Sequence"",""7.10"","""","""""
"03/11/2024 20:00:00 - 03/11/2024 21:00:00,""BZN|NO3"",""Without Sequence"",""5.55"","""","""""
"03/11/2024 21:00:00 - 03/11/2024 22:00:00,""BZN|NO3"",""Without Sequence"",""5.47"","""","""""
"03/11/2024 22:00:00 - 03/11/2024 23:00:00,""BZN|NO3"",""Without Sequence"",""5.17"","""","""""
"03/11/2024 23:00:00 - 04/11/2024 00:00:00,""BZN|NO3"",""Without Sequence"",""4.71"","""","""""
"04/11/2024 00:00:00 - 04/11/2024 01:00:00,""BZN|NO3"",""Without Sequence"",""4.86"","""","""""
"04/11/2024 01:00:00 - 04/11/2024 02:00:00,""BZN|NO3"",""Without Sequence"",""5.23"","""","""""
"04/11/2024 02:00:00 - 04/11/2024 03:00:00,""BZN|NO3"",""Without Sequence"",""5.63"","""","""""
"04/11/2024 03:00:00 - 04/11/2024 04:00:00,""BZN|NO3"",""Without Sequence"",""9.04"","""","""""
"04/11/2024 04:00:00 - 04/11/2024 05:00:00,""BZN|NO3"",""Without Sequence"",""10.03"","""","""""
"04/11/2024 05:00:00 - 04/11/2024 06:00:00,""BZN|NO3"",""Without Sequence"",""8.21"","""","""""
"04/11/2024 06:00:00 - 04/11/2024 07:00:00,""BZN|NO3"",""Without Sequence"",""0.45"","""","""""
"04/11/2024 07:00:00 - 04/11/2024 08:00:00,""BZN|NO3"",""Without Sequence"",""0.00"","""","""""
"04/11/2024 08:00:00 - 04/11/2024 09:00:00,""BZN|NO3"",""Without Sequence"",""1.67"","""","""""
"04/11/2024 09:00:00 - 04/11/2024 10:00:00,""BZN|NO3"",""Without Sequence"",""2.61"","""","""""
"04/11/2024 10:00:00 - 04/11/2024 11:00:00,""BZN|NO3"",""Without Sequence"",""1.64"","""","""""
"04/11/2024 11:00:00 - 04/11/2024 12:00:00,""BZN|NO3"",""Without Sequence"",""2.90"","""","""""
"04/11/2024 12:00:00 - 04/11/2024 13:00:00,""BZN|NO3"",""Without Sequence"",""2.45"","""","""""
"04/11/2024 13:00:00 - 04/11/2024 14:00:00,""BZN|NO3"",""Without Sequence"",""1.02"","""","""""
"04/11/2024 14:00:00 - 04/11/2024 15:00:00,""BZN|NO3"",""Without Sequence"",""0.94"","""","""""
"04/11/2024 15:00:00 - 04/11/2024 16:00:00,""BZN|NO3"",""Without Sequence"",""0.00"","""","""""
"04/11/2024 16:00:00 - 04/11/2024 17:00:00,""BZN|NO3"",""Without Sequence"",""-0.35"","""","""""
"04/11/2024 17:00:00 - 04/11/2024 18:00:00,""BZN|NO3"",""Without Sequence"",""-0.09"","""","""""
"04/11/2024 18:00:00 - 04/11/2024 19:00:00,""BZN|NO3"",""Without Sequence"",""-0.02"","""","""""
"04/11/2024 19:00:00 - 04/11/2024 20:00:00,""BZN|NO3"",""Without Sequence"",""0.49"","""","""""
"04/11/2024 20:00:00 - 04/11/2024 21:00:00,""BZN|NO3"",""Without Sequence"",""0.45"","""","""""
"04/11/2024 21:00:00 - 04/11/2024 22:00:00,""BZN|NO3"",""Without Sequence"",""0.44"","""","""""
"04/11/2024 22:00:00 - 04/11/2024 23:00:00,""BZN|NO3"",""Without Sequence"",""0.44"","""","""""
"04/11/2024 23:00:00 - 05/11/2024 00:00:00,""BZN|NO3"",""Without Sequence"",""0.42"","""","""""
"05/11/2024 00:00:00 - 05/11/2024 01:00:00,""BZN|NO3"",""Without Sequence"",""0.49"","""","""""
"05/11/2024 01:00:00 - 05/11/2024 02:00:00,""BZN|NO3"",""Without Sequence"",""2.90"","""","""""
"05/11/2024 02:00:00 - 05/11/2024 03:00:00,""BZN|NO3"",""Without Sequence"",""2.60"","""","""""
"05/11/2024 03:00:00 - 05/11/2024 04:00:00,""BZN|NO3"",""Without Sequence"",""2.61"","""","""""
"05/11/2024 04:00:00 - 05/11/2024 05:00:00,""BZN|NO3"",""Without Sequence"",""2.61"","""","""""
"05/11/2024 05:00:00 - 05/11/2024 06:00:00,""BZN|NO3"",""Without Sequence"",""-0.01"","""","""""
"05/11/2024 06:00:00 - 05/11/2024 07:00:00,""BZN|NO3"",""Without Sequence"",""-0.16"","""","""""
"05/11/2024 07:00:00 - 05/11/2024 08:00:00,""BZN|NO3"",""Without Sequence"",""-0.08"","""","""""
"05/11/2024 08:00:00 - 05/11/2024 09:00:00,""BZN|NO3"",""Without Sequence"",""-0.05"","""","""""
"05/11/2024 09:00:00 - 05/11/2024 10:00:00,""BZN|NO3"",""Without Sequence"",""-0.03"","""","""""
"05/11/2024 10:00:00 - 05/11/2024 11:00:00,""BZN|NO3"",""Without Sequence"",""-0.05"","""","""""
"05/11/2024 11:00:00 - 05/11/2024 12:00:00,""BZN|NO3"",""Without Sequence"",""-0.05"","""","""""
"05/11/2024 12:00:00 - 05/11/2024 13:00:00,""BZN|NO3"",""Without Sequence"",""-0.06"","""","""""
"05/11/2024 13:00:00 - 05/11/2024 14:00:00,""BZN|NO3"",""Without Sequence"",""-0.07"","""","""""
"05/11/2024 14:00:00 - 05/11/2024 15:00:00,""BZN|NO3"",""Without Sequence"",""-0.06"","""","""""
"05/11/2024 15:00:00 - 05/11/2024 16:00:00,""BZN|NO3"",""Without Sequence"",""-0.06"","""","""""
"05/11/2024 16:00:00 - 05/11/2024 17:00:00,""BZN|NO3"",""Without Sequence"",""-0.05"","""","""""
"05/11/2024 17:00:00 - 05/11/2024 18:00:00,""BZN|NO3"",""Without Sequence"",""-0.06"","""","""""
"05/11/2024 18:00:00 - 05/11/2024 19:00:00,""BZN|NO3"",""Without Sequence"",""-0.07"","""","""""
"05/11/2024 19:00:00 - 05/11/2024 20:00:00,""BZN|NO3"",""Without Sequence"",""0.01"","""","""""
"05/11/2024 20:00:00 - 05/11/2024 21:00:00,""BZN|NO3"",""Without Sequence"",""-0.03"","""","""""
"05/11/2024 21:00:00 - 05/11/2024 22:00:00,""BZN|NO3"",""Without Sequence"",""-0.05"","""","""""
"05/11/2024 22:00:00 - 05/11/2024 23:00:00,""BZN|NO3"",""Without Sequence"",""1.57"","""","""""
"05/11/2024 23:00:00 - 06/11/2024 00:00:00,""BZN|NO3"",""Without Sequence"",""3.28"","""","""""
"06/11/2024 00:00:00 - 06/11/2024 01:00:00,""BZN|NO3"",""Without Sequence"",""-0.04"","""","""""
"06/11/2024 01:00:00 - 06/11/2024 02:00:00,""BZN|NO3"",""Without Sequence"",""-0.03"","""","""""
"06/11/2024 02:00:00 - 06/11/2024 03:00:00,""BZN|NO3"",""Without Sequence"",""-0.01"","""","""""
"06/11/2024 03:00:00 - 06/11/2024 04:00:00,""BZN|NO3"",""Without Sequence"",""-0.03"","""","""""
"06/11/2024 04:00:00 - 06/11/2024 05:00:00,""BZN|NO3"",""Without Sequence"",""1.03"","""","""""
"06/11/2024 05:00:00 - 06/11/2024 06:00:00,""BZN|NO3"",""Without Sequence"",""-0.02"","""","""""
"06/11/2024 06:00:00 - 06/11/2024 07:00:00,""BZN|NO3"",""Without Sequence"",""-0.10"","""","""""
"06/11/2024 07:00:00 - 06/11/2024 08:00:00,""BZN|NO3"",""Without Sequence"",""-0.59"","""","""""
"06/11/2024 08:00:00 - 06/11/2024 09:00:00,""BZN|NO3"",""Without Sequence"",""-0.16"","""","""""
"06/11/2024 09:00:00 - 06/11/2024 10:00:00,""BZN|NO3"",""Without Sequence"",""0.00"","""","""""
"06/11/2024 10:00:00 - 06/11/2024 11:00:00,""BZN|NO3"",""Without Sequence"",""0.58"","""","""""
"06/11/2024 11:00:00 - 06/11/2024 12:00:00,""BZN|NO3"",""Without Sequence"",""1.55"","""","""""
"06/11/2024 12:00:00 - 06/11/2024 13:00:00,""BZN|NO3"",""Without Sequence"",""1.21"","""","""""
"06/11/2024 13:00:00 - 06/11/2024 14:00:00,""BZN|NO3"",""Without Sequence"",""1.84"","""","""""
"06/11/2024 14:00:00 - 06/11/2024 15:00:00,""BZN|NO3"",""Without Sequence"",""0.54"","""","""""
"06/11/2024 15:00:00 - 06/11/2024 16:00:00,""BZN|NO3"",""Without Sequence"",""-0.04"","""","""""
"06/11/2024 16:00:00 - 06/11/2024 17:00:00,""BZN|NO3"",""Without Sequence"",""-0.14"","""","""""
"06/11/2024 17:00:00 - 06/11/2024 18:00:00,""BZN|NO3"",""Without Sequence"",""-1.15"","""","""""
"06/11/2024 18:00:00 - 06/11/2024 19:00:00,""BZN|NO3"",""Without Sequence"",""-0.41"","""","""""
"06/11/2024 19:00:00 - 06/11/2024 20:00:00,""BZN|NO3"",""Without Sequence"",""-0.62"","""","""""
"06/11/2024 20:00:00 - 06/11/2024 21:00:00,""BZN|NO3"",""Without Sequence"",""-0.05"","""","""""
"06/11/2024 21:00:00 - 06/11/2024 22:00:00,""BZN|NO3"",""Without Sequence"",""0.04"","""","""""
"06/11/2024 22:00:00 - 06/11/2024 23:00:00,""BZN|NO3"",""Without Sequence"",""0.40"","""","""""
"06/11/2024 23:00:00 - 07/11/2024 00:00:00,""BZN|NO3"",""Without Sequence"",""0.08"","""","""""
"07/11/2024 00:00:00 - 07/11/2024 01:00:00,""BZN|NO3"",""Without Sequence"",""0.00"","""","""""
"07/11/2024 01:00:00 - 07/11/2024 02:00:00,""BZN|NO3"",""Without Sequence"",""0.45"","""","""""
"07/11/2024 02:00:00 - 07/11/2024 03:00:00,""BZN|NO3"",""Without Sequence"",""0.49"","""","""""
"07/11/2024 03:00:00 - 07/11/2024 04:00:00,""BZN|NO3"",""Without Sequence"",""0.86"","""","""""
"07/11/2024 04:00:00 - 07/11/2024 05:00:00,""BZN|NO3"",""Without Sequence"",""0.46"","""","""""
"07/11/2024 05:00:00 - 07/11/2024 06:00:00,""BZN|NO3"",""Without Sequence"",""-0.05"","""","""""
"07/11/2024 06:00:00 - 07/11/2024 07:00:00,""BZN|NO3"",""Without Sequence"",""-0.03"","""","""""
"07/11/2024 07:00:00 - 07/11/2024 08:00:00,""BZN|NO3"",""Without Sequence"",""0.02"","""","""""
"07/11/2024 08:00:00 - 07/11/2024 09:00:00,""BZN|NO3"",""Without Sequence"",""0.42"","""","""""
"07/11/2024 09:00:00 - 07/11/2024 10:00:00,""BZN|NO3"",""Without Sequence"",""0.48"","""","""""
"07/11/2024 10:00:00 - 07/11/2024 11:00:00,""BZN|NO3"",""Without Sequence"",""1.06"","""","""""
"07/11/2024 11:00:00 - 07/11/2024 12:00:00,""BZN|NO3"",""Without Sequence"",""0.95"","""","""""
"07/11/2024 12:00:00 - 07/11/2024 13:00:00,""BZN|NO3"",""Without Sequence"",""1.02"","""","""""
"07/11/2024 13:00:00 - 07/11/2024 14:00:00,""BZN|NO3"",""Without Sequence"",""0.49"","""","""""
"07/11/2024 14:00:00 - 07/11/2024 15:00:00,""BZN|NO3"",""Without Sequence"",""0.90"","""","""""
"07/11/2024 15:00:00 - 07/11/2024 16:00:00,""BZN|NO3"",""Without Sequence"",""-0.10"","""","""""
"07/11/2024 16:00:00 - 07/11/2024 17:00:00,""BZN|NO3"",""Without Sequence"",""-2.52"","""","""""
"07/11/2024 17:00:00 - 07/11/2024 18:00:00,""BZN|NO3"",""Without Sequence"",""-2.52"","""","""""
"07/11/2024 18:00:00 - 07/11/2024 19:00:00,""BZN|NO3"",""Without Sequence"",""-0.07"","""","""""
"07/11/2024 19:00:00 - 07/11/2024 20:00:00,""BZN|NO3"",""Without Sequence"",""-2.52"","""","""""
"07/11/2024 20:00:00 - 07/11/2024 21:00:00,""BZN|NO3"",""Without Sequence"",""-0.10"","""","""""
"07/11/2024 21:00:00 - 07/11/2024 22:00:00,""BZN|NO3"",""Without Sequence"",""-0.09"","""","""""
"07/11/2024 22:00:00 - 07/11/2024 23:00:00,""BZN|NO3"",""Without Sequence"",""-0.06"","""","""""
"07/11/2024 23:00:00 - 08/11/2024 00:00:00,""BZN|NO3"",""Without Sequence"",""-0.08"","""","""""
"08/11/2024 00:00:00 - 08/11/2024 01:00:00,""BZN|NO3"",""Without Sequence"",""1.30"","""","""""
"08/11/2024 01:00:00 - 08/11/2024 02:00:00,""BZN|NO3"",""Without Sequence"",""0.01"","""","""""
"08/11/2024 02:00:00 - 08/11/2024 03:00:00,""BZN|NO3"",""Without Sequence"",""0.44"","""","""""
"08/11/2024 03:00:00 - 08/11/2024 04:00:00,""BZN|NO3"",""Without Sequence"",""0.09"","""","""""
"08/11/2024 04:00:00 - 08/11/2024 05:00:00,""BZN|NO3"",""Without Sequence"",""0.41"","""","""""
"08/11/2024 05:00:00 - 08/11/2024 06:00:00,""BZN|NO3"",""Without Sequence"",""-0.05"","""","""""
"08/11/2024 06:00:00 - 08/11/2024 07:00:00,""BZN|NO3"",""Without Sequence"",""0.41"","""","""""
"08/11/2024 07:00:00 - 08/11/2024 08:00:00,""BZN|NO3"",""Without Sequence"",""0.92"","""","""""
"08/11/2024 08:00:00 - 08/11/2024 09:00:00,""BZN|NO3"",""Without Sequence"",""1.10"","""","""""
"08/11/2024 09:00:00 - 08/11/2024 10:00:00,""BZN|NO3"",""Without Sequence"",""0.94"","""","""""
"08/11/2024 10:00:00 - 08/11/2024 11:00:00,""BZN|NO3"",""Without Sequence"",""0.93"","""","""""
"08/11/2024 11:00:00 - 08/11/2024 12:00:00,""BZN|NO3"",""Without Sequence"",""0.50"","""","""""
"08/11/2024 12:00:00 - 08/11/2024 13:00:00,""BZN|NO3"",""Without Sequence"",""0.46"","""","""""
"08/11/2024 13:00:00 - 08/11/2024 14:00:00,""BZN|NO3"",""Without Sequence"",""5.01"","""","""""
"08/11/2024 14:00:00 - 08/11/2024 15:00:00,""BZN|NO3"",""Without Sequence"",""5.21"","""","""""
"08/11/2024 15:00:00 - 08/11/2024 16:00:00,""BZN|NO3"",""Without Sequence"",""5.06"","""","""""
"08/11/2024 16:00:00 - 08/11/2024 17:00:00,""BZN|NO3"",""Without Sequence"",""4.21"","""","""""
"08/11/2024 17:00:00 - 08/11/2024 18:00:00,""BZN|NO3"",""Without Sequence"",""5.29"","""","""""
"08/11/2024 18:00:00 - 08/11/2024 19:00:00,""BZN|NO3"",""Without Sequence"",""4.30"","""","""""
"08/11/2024 19:00:00 - 08/11/2024 20:00:00,""BZN|NO3"",""Without Sequence"",""4.12"","""","""""
"08/11/2024 20:00:00 - 08/11/2024 21:00:00,""BZN|NO3"",""Without Sequence"",""5.09"","""","""""
"08/11/2024 21:00:00 - 08/11/2024 22:00:00,""BZN|NO3"",""Without Sequence"",""4.65"","""","""""
"08/11/2024 22:00:00 - 08/11/2024 23:00:00,""BZN|NO3"",""Without Sequence"",""5.42"","""","""""
"08/11/2024 23:00:00 - 09/11/2024 00:00:00,""BZN|NO3"",""Without Sequence"",""5.88"","""","""""
"09/11/2024 00:00:00 - 09/11/2024 01:00:00,""BZN|NO3"",""Without Sequence"",""11.58"","""","""""
"09/11/2024 01:00:00 - 09/11/2024 02:00:00,""BZN|NO3"",""Without Sequence"",""10.29"","""","""""
"09/11/2024 02:00:00 - 09/11/2024 03:00:00,""BZN|NO3"",""Without Sequence"",""9.91"","""","""""
"09/11/2024 03:00:00 - 09/11/2024 04:00:00,""BZN|NO3"",""Without Sequence"",""10.49"","""","""""
"09/11/2024 04:00:00 - 09/11/2024 05:00:00,""BZN|NO3"",""Without Sequence"",""10.62"","""","""""
"09/11/2024 05:00:00 - 09/11/2024 06:00:00,""BZN|NO3"",""Without Sequence"",""12.97"","""","""""
"09/11/2024 06:00:00 - 09/11/2024 07:00:00,""BZN|NO3"",""Without Sequence"",""13.21"","""","""""
"09/11/2024 07:00:00 - 09/11/2024 08:00:00,""BZN|NO3"",""Without Sequence"",""13.89"","""","""""
"09/11/2024 08:00:00 - 09/11/2024 09:00:00,""BZN|NO3"",""Without Sequence"",""15.50"","""","""""
"09/11/2024 09:00:00 - 09/11/2024 10:00:00,""BZN|NO3"",""Without Sequence"",""17.36"","""","""""
"09/11/2024 10:00:00 - 09/11/2024 11:00:00,""BZN|NO3"",""Without Sequence"",""12.31"","""","""""
"09/11/2024 11:00:00 - 09/11/2024 12:00:00,""BZN|NO3"",""Without Sequence"",""16.03"","""","""""
"09/11/2024 12:00:00 - 09/11/2024 13:00:00,""BZN|NO3"",""Without Sequence"",""17.15"","""","""""
"09/11/2024 13:00:00 - 09/11/2024 14:00:00,""BZN|NO3"",""Without Sequence"",""17.66"","""","""""
"09/11/2024 14:00:00 - 09/11/2024 15:00:00,""BZN|NO3"",""Without Sequence"",""20.38"","""","""""
"09/11/2024 15:00:00 - 09/11/2024 16:00:00,""BZN|NO3"",""Without Sequence"",""23.68"","""","""""
"09/11/2024 16:00:00 - 09/11/2024 17:00:00,""BZN|NO3"",""Without Sequence"",""27.17"","""","""""
"09/11/2024 17:00:00 - 09/11/2024 18:00:00,""BZN|NO3"",""Without Sequence"",""30.04"","""","""""
"09/11/2024 18:00:00 - 09/11/2024 19:00:00,""BZN|NO3"",""Without Sequence"",""30.03"","""","""""
"09/11/2024 19:00:00 - 09/11/2024 20:00:00,""BZN|NO3"",""Without Sequence"",""32.95"","""","""""
"09/11/2024 20:00:00 - 09/11/2024 21:00:00,""BZN|NO3"",""Without Sequence"",""24.17"","""","""""
"09/11/2024 21:00:00 - 09/11/2024 22:00:00,""BZN|NO3"",""Without Sequence"",""18.15"","""","""""
"09/11/2024 22:00:00 - 09/11/2024 23:00:00,""BZN|NO3"",""Without Sequence"",""11.71"","""","""""
"09/11/2024 23:00:00 - 10/11/2024 00:00:00,""BZN|NO3"",""Without Sequence"",""11.63"","""","""""
"10/11/2024 00:00:00 - 10/11/2024 01:00:00,""BZN|NO3"",""Without Sequence"",""24.82"","""","""""
"10/11/2024 01:00:00 - 10/11/2024 02:00:00,""BZN|NO3"",""Without Sequence"",""27.44"","""","""""
"10/11/2024 02:00:00 - 10/11/2024 03:00:00,""BZN|NO3"",""Without Sequence"",""26.38"","""","""""
"10/11/2024 03:00:00 - 10/11/2024 04:00:00,""BZN|NO3"",""Without Sequence"",""25.87"","""","""""
"10/11/2024 04:00:00 - 10/11/2024 05:00:00,""BZN|NO3"",""Without Sequence"",""25.34"","""","""""
"10/11/2024 05:00:00 - 10/11/2024 06:00:00,""BZN|NO3"",""Without Sequence"",""14.76"","""","""""
"10/11/2024 06:00:00 - 10/11/2024 07:00:00,""BZN|NO3"",""Without Sequence"",""19.59"","""","""""
"10/11/2024 07:00:00 - 10/11/2024 08:00:00,""BZN|NO3"",""Without Sequence"",""25.00"","""","""""
"10/11/2024 08:00:00 - 10/11/2024 09:00:00,""BZN|NO3"",""Without Sequence"",""24.18"","""","""""
"10/11/2024 09:00:00 - 10/11/2024 10:00:00,""BZN|NO3"",""Without Sequence"",""25.00"","""","""""
"10/11/2024 10:00:00 - 10/11/2024 11:00:00,""BZN|NO3"",""Without Sequence"",""25.70"","""","""""
"10/11/2024 11:00:00 - 10/11/2024 12:00:00,""BZN|NO3"",""Without Sequence"",""18.72"","""","""""
"10/11/2024 12:00:00 - 10/11/2024 13:00:00,""BZN|NO3"",""Without Sequence"",""23.10"","""","""""
"10/11/2024 13:00:00 - 10/11/2024 14:00:00,""BZN|NO3"",""Without Sequence"",""25.00"","""","""""
"10/11/2024 14:00:00 - 10/11/2024 15:00:00,""BZN|NO3"",""Without Sequence"",""25.00"","""","""""
"10/11/2024 15:00:00 - 10/11/2024 16:00:00,""BZN|NO3"",""Without Sequence"",""26.75"","""","""""
"10/11/2024 16:00:00 - 10/11/2024 17:00:00,""BZN|NO3"",""Without Sequence"",""25.00"","""","""""
"10/11/2024 17:00:00 - 10/11/2024 18:00:00,""BZN|NO3"",""Without Sequence"",""18.98"","""","""""
"10/11/2024 18:00:00 - 10/11/2024 19:00:00,""BZN|NO3"",""Without Sequence"",""25.00"","""","""""
"10/11/2024 19:00:00 - 10/11/2024 20:00:00,""BZN|NO3"",""Without Sequence"",""14.48"","""","""""
"10/11/2024 20:00:00 - 10/11/2024 21:00:00,""BZN|NO3"",""Without Sequence"",""14.20"","""","""""
"10/11/2024 21:00:00 - 10/11/2024 22:00:00,""BZN|NO3"",""Without Sequence"",""15.80"","""","""""
"10/11/2024 22:00:00 - 10/11/2024 23:00:00,""BZN|NO3"",""Without Sequence"",""19.68"","""","""""
"10/11/2024 23:00:00 - 11/11/2024 00:00:00,""BZN|NO3"",""Without Sequence"",""22.04"","""","""""
"11/11/2024 00:00:00 - 11/11/2024 01:00:00,""BZN|NO3"",""Without Sequence"",""20.26"","""","""""
"11/11/2024 01:00:00 - 11/11/2024 02:00:00,""BZN|NO3"",""Without Sequence"",""18.87"","""","""""
"11/11/2024 02:00:00 - 11/11/2024 03:00:00,""BZN|NO3"",""Without Sequence"",""18.82"","""","""""
"11/11/2024 03:00:00 - 11/11/2024 04:00:00,""BZN|NO3"",""Without Sequence"",""19.00"","""","""""
"11/11/2024 04:00:00 - 11/11/2024 05:00:00,""BZN|NO3"",""Without Sequence"",""20.58"","""","""""
"11/11/2024 05:00:00 - 11/11/2024 06:00:00,""BZN|NO3"",""Without Sequence"",""20.00"","""","""""
"11/11/2024 06:00:00 - 11/11/2024 07:00:00,""BZN|NO3"",""Without Sequence"",""23.01"","""","""""
"11/11/2024 07:00:00 - 11/11/2024 08:00:00,""BZN|NO3"",""Without Sequence"",""42.93"","""","""""
"11/11/2024 08:00:00 - 11/11/2024 09:00:00,""BZN|NO3"",""Without Sequence"",""49.78"","""","""""
"11/11/2024 09:00:00 - 11/11/2024 10:00:00,""BZN|NO3"",""Without Sequence"",""46.60"","""","""""
"11/11/2024 10:00:00 - 11/11/2024 11:00:00,""BZN|NO3"",""Without Sequence"",""33.77"","""","""""
"11/11/2024 11:00:00 - 11/11/2024 12:00:00,""BZN|NO3"",""Without Sequence"",""30.43"","""","""""
"11/11/2024 12:00:00 - 11/11/2024 13:00:00,""BZN|NO3"",""Without Sequence"",""30.33"","""","""""
"11/11/2024 13:00:00 - 11/11/2024 14:00:00,""BZN|NO3"",""Without Sequence"",""28.83"","""","""""
"11/11/2024 14:00:00 - 11/11/2024 15:00:00,""BZN|NO3"",""Without Sequence"",""23.22"","""","""""
"11/11/2024 15:00:00 - 11/11/2024 16:00:00,""BZN|NO3"",""Without Sequence"",""22.98"","""","""""
"11/11/2024 16:00:00 - 11/11/2024 17:00:00,""BZN|NO3"",""Without Sequence"",""18.72"","""","""""
"11/11/2024 17:00:00 - 11/11/2024 18:00:00,""BZN|NO3"",""Without Sequence"",""11.60"","""","""""
"11/11/2024 18:00:00 - 11/11/2024 19:00:00,""BZN|NO3"",""Without Sequence"",""17.38"","""","""""
"11/11/2024 19:00:00 - 11/11/2024 20:00:00,""BZN|NO3"",""Without Sequence"",""16.43"","""","""""
"11/11/2024 20:00:00 - 11/11/2024 21:00:00,""BZN|NO3"",""Without Sequence"",""11.44"","""","""""
"11/11/2024 21:00:00 - 11/11/2024 22:00:00,""BZN|NO3"",""Without Sequence"",""13.59"","""","""""
"11/11/2024 22:00:00 - 11/11/2024 23:00:00,""BZN|NO3"",""Without Sequence"",""11.99"","""","""""
"11/11/2024 23:00:00 - 12/11/2024 00:00:00,""BZN|NO3"",""Without Sequence"",""9.51"","""","""""
"12/11/2024 00:00:00 - 12/11/2024 01:00:00,""BZN|NO3"",""Without Sequence"",""6.07"","""","""""
"12/11/2024 01:00:00 - 12/11/2024 02:00:00,""BZN|NO3"",""Without Sequence"",""6.75"","""","""""
"12/11/2024 02:00:00 - 12/11/2024 03:00:00,""BZN|NO3"",""Without Sequence"",""8.36"","""","""""
"12/11/2024 03:00:00 - 12/11/2024 04:00:00,""BZN|NO3"",""Without Sequence"",""5.60"","""","""""
"12/11/2024 04:00:00 - 12/11/2024 05:00:00,""BZN|NO3"",""Without Sequence"",""5.54"","""","""""
"12/11/2024 05:00:00 - 12/11/2024 06:00:00,""BZN|NO3"",""Without Sequence"",""5.65"","""","""""
"12/11/2024 06:00:00 - 12/11/2024 07:00:00,""BZN|NO3"",""Without Sequence"",""4.66"","""","""""
"12/11/2024 07:00:00 - 12/11/2024 08:00:00,""BZN|NO3"",""Without Sequence"",""10.24"","""","""""
"12/11/2024 08:00:00 - 12/11/2024 09:00:00,""BZN|NO3"",""Without Sequence"",""52.24"","""","""""
"12/11/2024 09:00:00 - 12/11/2024 10:00:00,""BZN|NO3"",""Without Sequence"",""32.57"","""","""""
"12/11/2024 10:00:00 - 12/11/2024 11:00:00,""BZN|NO3"",""Without Sequence"",""38.39"","""","""""
"12/11/2024 11:00:00 - 12/11/2024 12:00:00,""BZN|NO3"",""Without Sequence"",""31.51"","""","""""
"12/11/2024 12:00:00 - 12/11/2024 13:00:00,""BZN|NO3"",""Without Sequence"",""20.80"","""","""""
"12/11/2024 13:00:00 - 12/11/2024 14:00:00,""BZN|NO3"",""Without Sequence"",""8.95"","""","""""
"12/11/2024 14:00:00 - 12/11/2024 15:00:00,""BZN|NO3"",""Without Sequence"",""10.27"","""","""""
"12/11/2024 15:00:00 - 12/11/2024 16:00:00,""BZN|NO3"",""Without Sequence"",""4.65"","""","""""
"12/11/2024 16:00:00 - 12/11/2024 17:00:00,""BZN|NO3"",""Without Sequence"",""3.09"","""","""""
"12/11/2024 17:00:00 - 12/11/2024 18:00:00,""BZN|NO3"",""Without Sequence"",""4.04"","""","""""
"12/11/2024 18:00:00 - 12/11/2024 19:00:00,""BZN|NO3"",""Without Sequence"",""7.35"","""","""""
"12/11/2024 19:00:00 - 12/11/2024 20:00:00,""BZN|NO3"",""Without Sequence"",""7.00"","""","""""
"12/11/2024 20:00:00 - 12/11/2024 21:00:00,""BZN|NO3"",""Without Sequence"",""7.40"","""","""""
"12/11/2024 21:00:00 - 12/11/2024 22:00:00,""BZN|NO3"",""Without Sequence"",""7.00"","""","""""
"12/11/2024 22:00:00 - 12/11/2024 23:00:00,""BZN|NO3"",""Without Sequence"",""6.57"","""","""""
"12/11/2024 23:00:00 - 13/11/2024 00:00:00,""BZN|NO3"",""Without Sequence"",""6.70"","""","""""
"13/11/2024 00:00:00 - 13/11/2024 01:00:00,""BZN|NO3"",""Without Sequence"",""7.76"","""","""""
"13/11/2024 01:00:00 - 13/11/2024 02:00:00,""BZN|NO3"",""Without Sequence"",""7.53"","""","""""
"13/11/2024 02:00:00 - 13/11/2024 03:00:00,""BZN|NO3"",""Without Sequence"",""7.45"","""","""""
"13/11/2024 03:00:00 - 13/11/2024 04:00:00,""BZN|NO3"",""Without Sequence"",""7.50"","""","""""
"13/11/2024 04:00:00 - 13/11/2024 05:00:00,""BZN|NO3"",""Without Sequence"",""7.17"","""","""""
"13/11/2024 05:00:00 - 13/11/2024 06:00:00,""BZN|NO3"",""Without Sequence"",""7.23"","""","""""
"13/11/2024 06:00:00 - 13/11/2024 07:00:00,""BZN|NO3"",""Without Sequence"",""7.49"","""","""""
"13/11/2024 07:00:00 - 13/11/2024 08:00:00,""BZN|NO3"",""Without Sequence"",""11.01"","""","""""
"13/11/2024 08:00:00 - 13/11/2024 09:00:00,""BZN|NO3"",""Without Sequence"",""11.87"","""","""""
"13/11/2024 09:00:00 - 13/11/2024 10:00:00,""BZN|NO3"",""Without Sequence"",""16.27"","""","""""
"13/11/2024 10:00:00 - 13/11/2024 11:00:00,""BZN|NO3"",""Without Sequence"",""14.94"","""","""""
"13/11/2024 11:00:00 - 13/11/2024 12:00:00,""BZN|NO3"",""Without Sequence"",""15.05"","""","""""
"13/11/2024 12:00:00 - 13/11/2024 13:00:00,""BZN|NO3"",""Without Sequence"",""12.70"","""","""""
"13/11/2024 13:00:00 - 13/11/2024 14:00:00,""BZN|NO3"",""Without Sequence"",""11.92"","""","""""
"13/11/2024 14:00:00 - 13/11/2024 15:00:00,""BZN|NO3"",""Without Sequence"",""11.74"","""","""""
"13/11/2024 15:00:00 - 13/11/2024 16:00:00,""BZN|NO3"",""Without Sequence"",""11.57"","""","""""
"13/11/2024 16:00:00 - 13/11/2024 17:00:00,""BZN|NO3"",""Without Sequence"",""12.27"","""","""""
"13/11/2024 17:00:00 - 13/11/2024 18:00:00,""BZN|NO3"",""Without Sequence"",""10.30"","""","""""
"13/11/2024 18:00:00 - 13/11/2024 19:00:00,""BZN|NO3"",""Without Sequence"",""2.90"","""","""""
"13/11/2024 19:00:00 - 13/11/2024 20:00:00,""BZN|NO3"",""Without Sequence"",""5.49"","""","""""
"13/11/2024 20:00:00 - 13/11/2024 21:00:00,""BZN|NO3"",""Without Sequence"",""9.37"","""","""""
"13/11/2024 21:00:00 - 13/11/2024 22:00:00,""BZN|NO3"",""Without Sequence"",""11.21"","""","""""
"13/11/2024 22:00:00 - 13/11/2024 23:00:00,""BZN|NO3"",""Without Sequence"",""12.45"","""","""""
"13/11/2024 23:00:00 - 14/11/2024 00:00:00,""BZN|NO3"",""Without Sequence"",""11.71"","""","""""
"14/11/2024 00:00:00 - 14/11/2024 01:00:00,""BZN|NO3"",""Without Sequence"",""3.49"","""","""""
"14/11/2024 01:00:00 - 14/11/2024 02:00:00,""BZN|NO3"",""Without Sequence"",""3.21"","""","""""
"14/11/2024 02:00:00 - 14/11/2024 03:00:00,""BZN|NO3"",""Without Sequence"",""3.20"","""","""""
"14/11/2024 03:00:00 - 14/11/2024 04:00:00,""BZN|NO3"",""Without Sequence"",""3.98"","""","""""
"14/11/2024 04:00:00 - 14/11/2024 05:00:00,""BZN|NO3"",""Without Sequence"",""4.90"","""","""""
"14/11/2024 05:00:00 - 14/11/2024 06:00:00,""BZN|NO3"",""Without Sequence"",""3.67"","""","""""
"14/11/2024 06:00:00 - 14/11/2024 07:00:00,""BZN|NO3"",""Without Sequence"",""9.14"","""","""""
"14/11/2024 07:00:00 - 14/11/2024 08:00:00,""BZN|NO3"",""Without Sequence"",""13.55"","""","""""
"14/11/2024 08:00:00 - 14/11/2024 09:00:00,""BZN|NO3"",""Without Sequence"",""16.22"","""","""""
"14/11/2024 09:00:00 - 14/11/2024 10:00:00,""BZN|NO3"",""Without Sequence"",""15.57"","""","""""
"14/11/2024 10:00:00 - 14/11/2024 11:00:00,""BZN|NO3"",""Without Sequence"",""17.45"","""","""""
"14/11/2024 11:00:00 - 14/11/2024 12:00:00,""BZN|NO3"",""Without Sequence"",""17.24"","""","""""
"14/11/2024 12:00:00 - 14/11/2024 13:00:00,""BZN|NO3"",""Without Sequence"",""16.85"","""","""""
"14/11/2024 13:00:00 - 14/11/2024 14:00:00,""BZN|NO3"",""Without Sequence"",""16.20"","""","""""
"14/11/2024 14:00:00 - 14/11/2024 15:00:00,""BZN|NO3"",""Without Sequence"",""16.26"","""","""""
"14/11/2024 15:00:00 - 14/11/2024 16:00:00,""BZN|NO3"",""Without Sequence"",""16.25"","""","""""
"14/11/2024 16:00:00 - 14/11/2024 17:00:00,""BZN|NO3"",""Without Sequence"",""17.08"","""","""""
"14/11/2024 17:00:00 - 14/11/2024 18:00:00,""BZN|NO3"",""Without Sequence"",""18.78"","""","""""
"14/11/2024 18:00:00 - 14/11/2024 19:00:00,""BZN|NO3"",""Without Sequence"",""19.60"","""","""""
"14/11/2024 19:00:00 - 14/11/2024 20:00:00,""BZN|NO3"",""Without Sequence"",""12.33"","""","""""
"14/11/2024 20:00:00 - 14/11/2024 21:00:00,""BZN|NO3"",""Without Sequence"",""9.46"","""","""""
"14/11/2024 21:00:00 - 14/11/2024 22:00:00,""BZN|NO3"",""Without Sequence"",""7.85"","""","""""
"14/11/2024 22:00:00 - 14/11/2024 23:00:00,""BZN|NO3"",""Without Sequence"",""5.23"","""","""""
"14/11/2024 23:00:00 - 15/11/2024 00:00:00,""BZN|NO3"",""Without Sequence"",""3.20"","""","""""
"15/11/2024 00:00:00 - 15/11/2024 01:00:00,""BZN|NO3"",""Without Sequence"",""4.14"","""","""""
"15/11/2024 01:00:00 - 15/11/2024 02:00:00,""BZN|NO3"",""Without Sequence"",""3.79"","""","""""
"15/11/2024 02:00:00 - 15/11/2024 03:00:00,""BZN|NO3"",""Without Sequence"",""3.66"","""","""""
"15/11/2024 03:00:00 - 15/11/2024 04:00:00,""BZN|NO3"",""Without Sequence"",""3.47"","""","""""
"15/11/2024 04:00:00 - 15/11/2024 05:00:00,""BZN|NO3"",""Without Sequence"",""3.87"","""","""""
"15/11/2024 05:00:00 - 15/11/2024 06:00:00,""BZN|NO3"",""Without Sequence"",""4.02"","""","""""
"15/11/2024 06:00:00 - 15/11/2024 07:00:00,""BZN|NO3"",""Without Sequence"",""4.97"","""","""""
"15/11/2024 07:00:00 - 15/11/2024 08:00:00,""BZN|NO3"",""Without Sequence"",""5.67"","""","""""
"15/11/2024 08:00:00 - 15/11/2024 09:00:00,""BZN|NO3"",""Without Sequence"",""10.01"","""","""""
"15/11/2024 09:00:00 - 15/11/2024 10:00:00,""BZN|NO3"",""Without Sequence"",""10.16"","""","""""
"15/11/2024 10:00:00 - 15/11/2024 11:00:00,""BZN|NO3"",""Without Sequence"",""7.30"","""","""""
"15/11/2024 11:00:00 - 15/11/2024 12:00:00,""BZN|NO3"",""Without Sequence"",""7.06"","""","""""
"15/11/2024 12:00:00 - 15/11/2024 13:00:00,""BZN|NO3"",""Without Sequence"",""8.29"","""","""""
"15/11/2024 13:00:00 - 15/11/2024 14:00:00,""BZN|NO3"",""Without Sequence"",""7.48"","""","""""
"15/11/2024 14:00:00 - 15/11/2024 15:00:00,""BZN|NO3"",""Without Sequence"",""7.80"","""","""""
"15/11/2024 15:00:00 - 15/11/2024 16:00:00,""BZN|NO3"",""Without Sequence"",""7.06"","""","""""
"15/11/2024 16:00:00 - 15/11/2024 17:00:00,""BZN|NO3"",""Without Sequence"",""6.00"","""","""""
"15/11/2024 17:00:00 - 15/11/2024 18:00:00,""BZN|NO3"",""Without Sequence"",""6.23"","""","""""
"15/11/2024 18:00:00 - 15/11/2024 19:00:00,""BZN|NO3"",""Without Sequence"",""6.01"","""","""""
"15/11/2024 19:00:00 - 15/11/2024 20:00:00,""BZN|NO3"",""Without Sequence"",""4.56"","""","""""
"15/11/2024 20:00:00 - 15/11/2024 21:00:00,""BZN|NO3"",""Without Sequence"",""4.13"","""","""""
"15/11/2024 21:00:00 - 15/11/2024 22:00:00,""BZN|NO3"",""Without Sequence"",""3.23"","""","""""
"15/11/2024 22:00:00 - 15/11/2024 23:00:00,""BZN|NO3"",""Without Sequence"",""3.08"","""","""""
"15/11/2024 23:00:00 - 16/11/2024 00:00:00,""BZN|NO3"",""Without Sequence"",""3.01"","""","""""
"16/11/2024 00:00:00 - 16/11/2024 01:00:00,""BZN|NO3"",""Without Sequence"",""3.48"","""","""""
"16/11/2024 01:00:00 - 16/11/2024 02:00:00,""BZN|NO3"",""Without Sequence"",""3.33"","""","""""
"16/11/2024 02:00:00 - 16/11/2024 03:00:00,""BZN|NO3"",""Without Sequence"",""3.33"","""","""""
"16/11/2024 03:00:00 - 16/11/2024 04:00:00,""BZN|NO3"",""Without Sequence"",""3.07"","""","""""
"16/11/2024 04:00:00 - 16/11/2024 05:00:00,""BZN|NO3"",""Without Sequence"",""3.08"","""","""""
"16/11/2024 05:00:00 - 16/11/2024 06:00:00,""BZN|NO3"",""Without Sequence"",""3.20"","""","""""
"16/11/2024 06:00:00 - 16/11/2024 07:00:00,""BZN|NO3"",""Without Sequence"",""3.40"","""","""""
"16/11/2024 07:00:00 - 16/11/2024 08:00:00,""BZN|NO3"",""Without Sequence"",""4.15"","""","""""
"16/11/2024 08:00:00 - 16/11/2024 09:00:00,""BZN|NO3"",""Without Sequence"",""3.69"","""","""""
"16/11/2024 09:00:00 - 16/11/2024 10:00:00,""BZN|NO3"",""Without Sequence"",""4.65"","""","""""
"16/11/2024 10:00:00 - 16/11/2024 11:00:00,""BZN|NO3"",""Without Sequence"",""4.26"","""","""""
"16/11/2024 11:00:00 - 16/11/2024 12:00:00,""BZN|NO3"",""Without Sequence"",""6.27"","""","""""
"16/11/2024 12:00:00 - 16/11/2024 13:00:00,""BZN|NO3"",""Without Sequence"",""6.21"","""","""""
"16/11/2024 13:00:00 - 16/11/2024 14:00:00,""BZN|NO3"",""Without Sequence"",""7.02"","""","""""
"16/11/2024 14:00:00 - 16/11/2024 15:00:00,""BZN|NO3"",""Without Sequence"",""7.08"","""","""""
"16/11/2024 15:00:00 - 16/11/2024 16:00:00,""BZN|NO3"",""Without Sequence"",""8.66"","""","""""
"16/11/2024 16:00:00 - 16/11/2024 17:00:00,""BZN|NO3"",""Without Sequence"",""9.15"","""","""""
"16/11/2024 17:00:00 - 16/11/2024 18:00:00,""BZN|NO3"",""Without Sequence"",""10.01"","""","""""
"16/11/2024 18:00:00 - 16/11/2024 19:00:00,""BZN|NO3"",""Without Sequence"",""10.26"","""","""""
"16/11/2024 19:00:00 - 16/11/2024 20:00:00,""BZN|NO3"",""Without Sequence"",""9.94"","""","""""
"16/11/2024 20:00:00 - 16/11/2024 21:00:00,""BZN|NO3"",""Without Sequence"",""8.88"","""","""""
"16/11/2024 21:00:00 - 16/11/2024 22:00:00,""BZN|NO3"",""Without Sequence"",""7.04"","""","""""
"16/11/2024 22:00:00 - 16/11/2024 23:00:00,""BZN|NO3"",""Without Sequence"",""6.85"","""","""""
"16/11/2024 23:00:00 - 17/11/2024 00:00:00,""BZN|NO3"",""Without Sequence"",""4.97"","""","""""
"17/11/2024 00:00:00 - 17/11/2024 01:00:00,""BZN|NO3"",""Without Sequence"",""3.24"","""","""""
"17/11/2024 01:00:00 - 17/11/2024 02:00:00,""BZN|NO3"",""Without Sequence"",""3.01"","""","""""
"17/11/2024 02:00:00 - 17/11/2024 03:00:00,""BZN|NO3"",""Without Sequence"",""2.61"","""","""""
"17/11/2024 03:00:00 - 17/11/2024 04:00:00,""BZN|NO3"",""Without Sequence"",""2.17"","""","""""
"17/11/2024 04:00:00 - 17/11/2024 05:00:00,""BZN|NO3"",""Without Sequence"",""2.21"","""","""""
"17/11/2024 05:00:00 - 17/11/2024 06:00:00,""BZN|NO3"",""Without Sequence"",""2.90"","""","""""
"17/11/2024 06:00:00 - 17/11/2024 07:00:00,""BZN|NO3"",""Without Sequence"",""3.04"","""","""""
"17/11/2024 07:00:00 - 17/11/2024 08:00:00,""BZN|NO3"",""Without Sequence"",""2.90"","""","""""
"17/11/2024 08:00:00 - 17/11/2024 09:00:00,""BZN|NO3"",""Without Sequence"",""1.68"","""","""""
"17/11/2024 09:00:00 - 17/11/2024 10:00:00,""BZN|NO3"",""Without Sequence"",""2.05"","""","""""
"17/11/2024 10:00:00 - 17/11/2024 11:00:00,""BZN|NO3"",""Without Sequence"",""2.65"","""","""""
"17/11/2024 11:00:00 - 17/11/2024 12:00:00,""BZN|NO3"",""Without Sequence"",""1.92"","""","""""
"17/11/2024 12:00:00 - 17/11/2024 13:00:00,""BZN|NO3"",""Without Sequence"",""2.04"","""","""""
"17/11/2024 13:00:00 - 17/11/2024 14:00:00,""BZN|NO3"",""Without Sequence"",""1.64"","""","""""
"17/11/2024 14:00:00 - 17/11/2024 15:00:00,""BZN|NO3"",""Without Sequence"",""1.67"","""","""""
"17/11/2024 15:00:00 - 17/11/2024 16:00:00,""BZN|NO3"",""Without Sequence"",""2.60"","""","""""
"17/11/2024 16:00:00 - 17/11/2024 17:00:00,""BZN|NO3"",""Without Sequence"",""3.08"","""","""""
"17/11/2024 17:00:00 - 17/11/2024 18:00:00,""BZN|NO3"",""Without Sequence"",""3.74"","""","""""
"17/11/2024 18:00:00 - 17/11/2024 19:00:00,""BZN|NO3"",""Without Sequence"",""4.94"","""","""""
"17/11/2024 19:00:00 - 17/11/2024 20:00:00,""BZN|NO3"",""Without Sequence"",""3.27"","""","""""
"17/11/2024 20:00:00 - 17/11/2024 21:00:00,""BZN|NO3"",""Without Sequence"",""3.03"","""","""""
"17/11/2024 21:00:00 - 17/11/2024 22:00:00,""BZN|NO3"",""Without Sequence"",""3.04"","""","""""
"17/11/2024 22:00:00 - 17/11/2024 23:00:00,""BZN|NO3"",""Without Sequence"",""3.01"","""","""""
"17/11/2024 23:00:00 - 18/11/2024 00:00:00,""BZN|NO3"",""Without Sequence"",""2.90"","""","""""
"18/11/2024 00:00:00 - 18/11/2024 01:00:00,""BZN|NO3"",""Without Sequence"",""2.91"","""","""""
"18/11/2024 01:00:00 - 18/11/2024 02:00:00,""BZN|NO3"",""Without Sequence"",""2.91"","""","""""
"18/11/2024 02:00:00 - 18/11/2024 03:00:00,""BZN|NO3"",""Without Sequence"",""2.12"","""","""""
"18/11/2024 03:00:00 - 18/11/2024 04:00:00,""BZN|NO3"",""Without Sequence"",""1.72"","""","""""
"18/11/2024 04:00:00 - 18/11/2024 05:00:00,""BZN|NO3"",""Without Sequence"",""0.85"","""","""""
"18/11/2024 05:00:00 - 18/11/2024 06:00:00,""BZN|NO3"",""Without Sequence"",""2.60"","""","""""
"18/11/2024 06:00:00 - 18/11/2024 07:00:00,""BZN|NO3"",""Without Sequence"",""4.92"","""","""""
"18/11/2024 07:00:00 - 18/11/2024 08:00:00,""BZN|NO3"",""Without Sequence"",""5.08"","""","""""
"18/11/2024 08:00:00 - 18/11/2024 09:00:00,""BZN|NO3"",""Without Sequence"",""0.98"","""","""""
"18/11/2024 09:00:00 - 18/11/2024 10:00:00,""BZN|NO3"",""Without Sequence"",""3.00"","""","""""
"18/11/2024 10:00:00 - 18/11/2024 11:00:00,""BZN|NO3"",""Without Sequence"",""3.01"","""","""""
"18/11/2024 11:00:00 - 18/11/2024 12:00:00,""BZN|NO3"",""Without Sequence"",""2.91"","""","""""
"18/11/2024 12:00:00 - 18/11/2024 13:00:00,""BZN|NO3"",""Without Sequence"",""2.91"","""","""""
"18/11/2024 13:00:00 - 18/11/2024 14:00:00,""BZN|NO3"",""Without Sequence"",""3.91"","""","""""
"18/11/2024 14:00:00 - 18/11/2024 15:00:00,""BZN|NO3"",""Without Sequence"",""3.63"","""","""""
"18/11/2024 15:00:00 - 18/11/2024 16:00:00,""BZN|NO3"",""Without Sequence"",""3.98"","""","""""
"18/11/2024 16:00:00 - 18/11/2024 17:00:00,""BZN|NO3"",""Without Sequence"",""4.72"","""","""""
"18/11/2024 17:00:00 - 18/11/2024 18:00:00,""BZN|NO3"",""Without Sequence"",""2.29"","""","""""
"18/11/2024 18:00:00 - 18/11/2024 19:00:00,""BZN|NO3"",""Without Sequence"",""3.01"","""","""""
"18/11/2024 19:00:00 - 18/11/2024 20:00:00,""BZN|NO3"",""Without Sequence"",""3.00"","""","""""
"18/11/2024 20:00:00 - 18/11/2024 21:00:00,""BZN|NO3"",""Without Sequence"",""3.01"","""","""""
"18/11/2024 21:00:00 - 18/11/2024 22:00:00,""BZN|NO3"",""Without Sequence"",""2.27"","""","""""
"18/11/2024 22:00:00 - 18/11/2024 23:00:00,""BZN|NO3"",""Without Sequence"",""2.90"","""","""""
"18/11/2024 23:00:00 - 19/11/2024 00:00:00,""BZN|NO3"",""Without Sequence"",""2.61"","""","""""
"19/11/2024 00:00:00 - 19/11/2024 01:00:00,""BZN|NO3"",""Without Sequence"",""12.19"","""","""""
"19/11/2024 01:00:00 - 19/11/2024 02:00:00,""BZN|NO3"",""Without Sequence"",""23.10"","""","""""
"19/11/2024 02:00:00 - 19/11/2024 03:00:00,""BZN|NO3"",""Without Sequence"",""29.02"","""","""""
"19/11/2024 03:00:00 - 19/11/2024 04:00:00,""BZN|NO3"",""Without Sequence"",""23.25"","""","""""
"19/11/2024 04:00:00 - 19/11/2024 05:00:00,""BZN|NO3"",""Without Sequence"",""13.51"","""","""""
"19/11/2024 05:00:00 - 19/11/2024 06:00:00,""BZN|NO3"",""Without Sequence"",""19.83"","""","""""
"19/11/2024 06:00:00 - 19/11/2024 07:00:00,""BZN|NO3"",""Without Sequence"",""29.94"","""","""""
"19/11/2024 07:00:00 - 19/11/2024 08:00:00,""BZN|NO3"",""Without Sequence"",""35.54"","""","""""
"19/11/2024 08:00:00 - 19/11/2024 09:00:00,""BZN|NO3"",""Without Sequence"",""87.44"","""","""""
"19/11/2024 09:00:00 - 19/11/2024 10:00:00,""BZN|NO3"",""Without Sequence"",""53.16"","""","""""
"19/11/2024 10:00:00 - 19/11/2024 11:00:00,""BZN|NO3"",""Without Sequence"",""51.05"","""","""""
"19/11/2024 11:00:00 - 19/11/2024 12:00:00,""BZN|NO3"",""Without Sequence"",""50.33"","""","""""
"19/11/2024 12:00:00 - 19/11/2024 13:00:00,""BZN|NO3"",""Without Sequence"",""35.07"","""","""""
"19/11/2024 13:00:00 - 19/11/2024 14:00:00,""BZN|NO3"",""Without Sequence"",""35.05"","""","""""
"19/11/2024 14:00:00 - 19/11/2024 15:00:00,""BZN|NO3"",""Without Sequence"",""30.34"","""","""""
"19/11/2024 15:00:00 - 19/11/2024 16:00:00,""BZN|NO3"",""Without Sequence"",""30.28"","""","""""
"19/11/2024 16:00:00 - 19/11/2024 17:00:00,""BZN|NO3"",""Without Sequence"",""35.01"","""","""""
"19/11/2024 17:00:00 - 19/11/2024 18:00:00,""BZN|NO3"",""Without Sequence"",""80.00"","""","""""
"19/11/2024 18:00:00 - 19/11/2024 19:00:00,""BZN|NO3"",""Without Sequence"",""58.17"","""","""""
"19/11/2024 19:00:00 - 19/11/2024 20:00:00,""BZN|NO3"",""Without Sequence"",""57.76"","""","""""
"19/11/2024 20:00:00 - 19/11/2024 21:00:00,""BZN|NO3"",""Without Sequence"",""30.34"","""","""""
"19/11/2024 21:00:00 - 19/11/2024 22:00:00,""BZN|NO3"",""Without Sequence"",""21.15"","""","""""
"19/11/2024 22:00:00 - 19/11/2024 23:00:00,""BZN|NO3"",""Without Sequence"",""16.45"","""","""""
"19/11/2024 23:00:00 - 20/11/2024 00:00:00,""BZN|NO3"",""Without Sequence"",""10.01"","""","""""
"20/11/2024 00:00:00 - 20/11/2024 01:00:00,""BZN|NO3"",""Without Sequence"",""6.21"","""","""""
"20/11/2024 01:00:00 - 20/11/2024 02:00:00,""BZN|NO3"",""Without Sequence"",""6.13"","""","""""
"20/11/2024 02:00:00 - 20/11/2024 03:00:00,""BZN|NO3"",""Without Sequence"",""6.10"","""","""""
"20/11/2024 03:00:00 - 20/11/2024 04:00:00,""BZN|NO3"",""Without Sequence"",""5.45"","""","""""
"20/11/2024 04:00:00 - 20/11/2024 05:00:00,""BZN|NO3"",""Without Sequence"",""5.14"","""","""""
"20/11/2024 05:00:00 - 20/11/2024 06:00:00,""BZN|NO3"",""Without Sequence"",""3.09"","""","""""
"20/11/2024 06:00:00 - 20/11/2024 07:00:00,""BZN|NO3"",""Without Sequence"",""4.07"","""","""""
"20/11/2024 07:00:00 - 20/11/2024 08:00:00,""BZN|NO3"",""Without Sequence"",""5.65"","""","""""
"20/11/2024 08:00:00 - 20/11/2024 09:00:00,""BZN|NO3"",""Without Sequence"",""10.54"","""","""""
"20/11/2024 09:00:00 - 20/11/2024 10:00:00,""BZN|NO3"",""Without Sequence"",""6.74"","""","""""
"20/11/2024 10:00:00 - 20/11/2024 11:00:00,""BZN|NO3"",""Without Sequence"",""6.35"","""","""""
"20/11/2024 11:00:00 - 20/11/2024 12:00:00,""BZN|NO3"",""Without Sequence"",""6.42"","""","""""
"20/11/2024 12:00:00 - 20/11/2024 13:00:00,""BZN|NO3"",""Without Sequence"",""7.13"","""","""""
"20/11/2024 13:00:00 - 20/11/2024 14:00:00,""BZN|NO3"",""Without Sequence"",""5.49"","""","""""
"20/11/2024 14:00:00 - 20/11/2024 15:00:00,""BZN|NO3"",""Without Sequence"",""5.29"","""","""""
"20/11/2024 15:00:00 - 20/11/2024 16:00:00,""BZN|NO3"",""Without Sequence"",""5.32"","""","""""
"20/11/2024 16:00:00 - 20/11/2024 17:00:00,""BZN|NO3"",""Without Sequence"",""5.08"","""","""""
"20/11/2024 17:00:00 - 20/11/2024 18:00:00,""BZN|NO3"",""Without Sequence"",""6.72"","""","""""
"20/11/2024 18:00:00 - 20/11/2024 19:00:00,""BZN|NO3"",""Without Sequence"",""8.02"","""","""""
"20/11/2024 19:00:00 - 20/11/2024 20:00:00,""BZN|NO3"",""Without Sequence"",""8.32"","""","""""
"20/11/2024 20:00:00 - 20/11/2024 21:00:00,""BZN|NO3"",""Without Sequence"",""5.84"","""","""""
"20/11/2024 21:00:00 - 20/11/2024 22:00:00,""BZN|NO3"",""Without Sequence"",""9.71"","""","""""
"20/11/2024 22:00:00 - 20/11/2024 23:00:00,""BZN|NO3"",""Without Sequence"",""10.02"","""","""""
"20/11/2024 23:00:00 - 21/11/2024 00:00:00,""BZN|NO3"",""Without Sequence"",""12.86"","""","""""
"21/11/2024 00:00:00 - 21/11/2024 01:00:00,""BZN|NO3"",""Without Sequence"",""15.00"","""","""""
"21/11/2024 01:00:00 - 21/11/2024 02:00:00,""BZN|NO3"",""Without Sequence"",""19.07"","""","""""
"21/11/2024 02:00:00 - 21/11/2024 03:00:00,""BZN|NO3"",""Without Sequence"",""18.41"","""","""""
"21/11/2024 03:00:00 - 21/11/2024 04:00:00,""BZN|NO3"",""Without Sequence"",""7.54"","""","""""
"21/11/2024 04:00:00 - 21/11/2024 05:00:00,""BZN|NO3"",""Without Sequence"",""7.92"","""","""""
"21/11/2024 05:00:00 - 21/11/2024 06:00:00,""BZN|NO3"",""Without Sequence"",""9.60"","""","""""
"21/11/2024 06:00:00 - 21/11/2024 07:00:00,""BZN|NO3"",""Without Sequence"",""10.79"","""","""""
"21/11/2024 07:00:00 - 21/11/2024 08:00:00,""BZN|NO3"",""Without Sequence"",""11.64"","""","""""
"21/11/2024 08:00:00 - 21/11/2024 09:00:00,""BZN|NO3"",""Without Sequence"",""12.79"","""","""""
"21/11/2024 09:00:00 - 21/11/2024 10:00:00,""BZN|NO3"",""Without Sequence"",""12.87"","""","""""
"21/11/2024 10:00:00 - 21/11/2024 11:00:00,""BZN|NO3"",""Without Sequence"",""19.44"","""","""""
"21/11/2024 11:00:00 - 21/11/2024 12:00:00,""BZN|NO3"",""Without Sequence"",""12.53"","""","""""
"21/11/2024 12:00:00 - 21/11/2024 13:00:00,""BZN|NO3"",""Without Sequence"",""25.77"","""","""""
"21/11/2024 13:00:00 - 21/11/2024 14:00:00,""BZN|NO3"",""Without Sequence"",""12.57"","""","""""
"21/11/2024 14:00:00 - 21/11/2024 15:00:00,""BZN|NO3"",""Without Sequence"",""11.22"","""","""""
"21/11/2024 15:00:00 - 21/11/2024 16:00:00,""BZN|NO3"",""Without Sequence"",""11.52"","""","""""
"21/11/2024 16:00:00 - 21/11/2024 17:00:00,""BZN|NO3"",""Without Sequence"",""11.67"","""","""""
"21/11/2024 17:00:00 - 21/11/2024 18:00:00,""BZN|NO3"",""Without Sequence"",""9.74"","""","""""
"21/11/2024 18:00:00 - 21/11/2024 19:00:00,""BZN|NO3"",""Without Sequence"",""9.45"","""","""""
"21/11/2024 19:00:00 - 21/11/2024 20:00:00,""BZN|NO3"",""Without Sequence"",""7.93"","""","""""
"21/11/2024 20:00:00 - 21/11/2024 21:00:00,""BZN|NO3"",""Without Sequence"",""9.41"","""","""""
"21/11/2024 21:00:00 - 21/11/2024 22:00:00,""BZN|NO3"",""Without Sequence"",""9.65"","""","""""
"21/11/2024 22:00:00 - 21/11/2024 23:00:00,""BZN|NO3"",""Without Sequence"",""9.36"","""","""""
"21/11/2024 23:00:00 - 22/11/2024 00:00:00,""BZN|NO3"",""Without Sequence"",""9.92"","""","""""
"22/11/2024 00:00:00 - 22/11/2024 01:00:00,""BZN|NO3"",""Without Sequence"",""11.16"","""","""""
"22/11/2024 01:00:00 - 22/11/2024 02:00:00,""BZN|NO3"",""Without Sequence"",""11.60"","""","""""
"22/11/2024 02:00:00 - 22/11/2024 03:00:00,""BZN|NO3"",""Without Sequence"",""10.90"","""","""""
"22/11/2024 03:00:00 - 22/11/2024 04:00:00,""BZN|NO3"",""Without Sequence"",""11.15"","""","""""
"22/11/2024 04:00:00 - 22/11/2024 05:00:00,""BZN|NO3"",""Without Sequence"",""11.24"","""","""""
"22/11/2024 05:00:00 - 22/11/2024 06:00:00,""BZN|NO3"",""Without Sequence"",""10.41"","""","""""
"22/11/2024 06:00:00 - 22/11/2024 07:00:00,""BZN|NO3"",""Without Sequence"",""12.38"","""","""""
"22/11/2024 07:00:00 - 22/11/2024 08:00:00,""BZN|NO3"",""Without Sequence"",""19.54"","""","""""
"22/11/2024 08:00:00 - 22/11/2024 09:00:00,""BZN|NO3"",""Without Sequence"",""26.81"","""","""""
"22/11/2024 09:00:00 - 22/11/2024 10:00:00,""BZN|NO3"",""Without Sequence"",""22.30"","""","""""
"22/11/2024 10:00:00 - 22/11/2024 11:00:00,""BZN|NO3"",""Without Sequence"",""17.67"","""","""""
"22/11/2024 11:00:00 - 22/11/2024 12:00:00,""BZN|NO3"",""Without Sequence"",""13.95"","""","""""
"22/11/2024 12:00:00 - 22/11/2024 13:00:00,""BZN|NO3"",""Without Sequence"",""17.11"","""","""""
"22/11/2024 13:00:00 - 22/11/2024 14:00:00,""BZN|NO3"",""Without Sequence"",""15.69"","""","""""
"22/11/2024 14:00:00 - 22/11/2024 15:00:00,""BZN|NO3"",""Without Sequence"",""13.46"","""","""""
"22/11/2024 15:00:00 - 22/11/2024 16:00:00,""BZN|NO3"",""Without Sequence"",""26.83"","""","""""
"22/11/2024 16:00:00 - 22/11/2024 17:00:00,""BZN|NO3"",""Without Sequence"",""29.69"","""","""""
"22/11/2024 17:00:00 - 22/11/2024 18:00:00,""BZN|NO3"",""Without Sequence"",""25.16"","""","""""
"22/11/2024 18:00:00 - 22/11/2024 19:00:00,""BZN|NO3"",""Without Sequence"",""52.91"","""","""""
"22/11/2024 19:00:00 - 22/11/2024 20:00:00,""BZN|NO3"",""Without Sequence"",""52.97"","""","""""
"22/11/2024 20:00:00 - 22/11/2024 21:00:00,""BZN|NO3"",""Without Sequence"",""32.98"","""","""""
"22/11/2024 21:00:00 - 22/11/2024 22:00:00,""BZN|NO3"",""Without Sequence"",""32.86"","""","""""
"22/11/2024 22:00:00 - 22/11/2024 23:00:00,""BZN|NO3"",""Without Sequence"",""30.60"","""","""""
"22/11/2024 23:00:00 - 23/11/2024 00:00:00,""BZN|NO3"",""Without Sequence"",""30.74"","""","""""
"23/11/2024 00:00:00 - 23/11/2024 01:00:00,""BZN|NO3"",""Without Sequence"",""30.38"","""","""""
"23/11/2024 01:00:00 - 23/11/2024 02:00:00,""BZN|NO3"",""Without Sequence"",""30.16"","""","""""
"23/11/2024 02:00:00 - 23/11/2024 03:00:00,""BZN|NO3"",""Without Sequence"",""28.64"","""","""""
"23/11/2024 03:00:00 - 23/11/2024 04:00:00,""BZN|NO3"",""Without Sequence"",""27.66"","""","""""
"23/11/2024 04:00:00 - 23/11/2024 05:00:00,""BZN|NO3"",""Without Sequence"",""26.83"","""","""""
"23/11/2024 05:00:00 - 23/11/2024 06:00:00,""BZN|NO3"",""Without Sequence"",""25.99"","""","""""
"23/11/2024 06:00:00 - 23/11/2024 07:00:00,""BZN|NO3"",""Without Sequence"",""26.49"","""","""""
"23/11/2024 07:00:00 - 23/11/2024 08:00:00,""BZN|NO3"",""Without Sequence"",""28.23"","""","""""
"23/11/2024 08:00:00 - 23/11/2024 09:00:00,""BZN|NO3"",""Without Sequence"",""29.22"","""","""""
"23/11/2024 09:00:00 - 23/11/2024 10:00:00,""BZN|NO3"",""Without Sequence"",""30.95"","""","""""
"23/11/2024 10:00:00 - 23/11/2024 11:00:00,""BZN|NO3"",""Without Sequence"",""27.77"","""","""""
"23/11/2024 11:00:00 - 23/11/2024 12:00:00,""BZN|NO3"",""Without Sequence"",""26.88"","""","""""
"23/11/2024 12:00:00 - 23/11/2024 13:00:00,""BZN|NO3"",""Without Sequence"",""25.35"","""","""""
"23/11/2024 13:00:00 - 23/11/2024 14:00:00,""BZN|NO3"",""Without Sequence"",""23.95"","""","""""
"23/11/2024 14:00:00 - 23/11/2024 15:00:00,""BZN|NO3"",""Without Sequence"",""27.46"","""","""""
"23/11/2024 15:00:00 - 23/11/2024 16:00:00,""BZN|NO3"",""Without Sequence"",""22.75"","""","""""
"23/11/2024 16:00:00 - 23/11/2024 17:00:00,""BZN|NO3"",""Without Sequence"",""23.89"","""","""""
"23/11/2024 17:00:00 - 23/11/2024 18:00:00,""BZN|NO3"",""Without Sequence"",""24.03"","""","""""
"23/11/2024 18:00:00 - 23/11/2024 19:00:00,""BZN|NO3"",""Without Sequence"",""21.32"","""","""""
"23/11/2024 19:00:00 - 23/11/2024 20:00:00,""BZN|NO3"",""Without Sequence"",""24.75"","""","""""
"23/11/2024 20:00:00 - 23/11/2024 21:00:00,""BZN|NO3"",""Without Sequence"",""19.84"","""","""""
"23/11/2024 21:00:00 - 23/11/2024 22:00:00,""BZN|NO3"",""Without Sequence"",""20.68"","""","""""
"23/11/2024 22:00:00 - 23/11/2024 23:00:00,""BZN|NO3"",""Without Sequence"",""22.85"","""","""""
"23/11/2024 23:00:00 - 24/11/2024 00:00:00,""BZN|NO3"",""Without Sequence"",""16.68"","""","""""
"24/11/2024 00:00:00 - 24/11/2024 01:00:00,""BZN|NO3"",""Without Sequence"",""15.94"","""","""""
"24/11/2024 01:00:00 - 24/11/2024 02:00:00,""BZN|NO3"",""Without Sequence"",""14.52"","""","""""
"24/11/2024 02:00:00 - 24/11/2024 03:00:00,""BZN|NO3"",""Without Sequence"",""14.30"","""","""""
"24/11/2024 03:00:00 - 24/11/2024 04:00:00,""BZN|NO3"",""Without Sequence"",""10.02"","""","""""
"24/11/2024 04:00:00 - 24/11/2024 05:00:00,""BZN|NO3"",""Without Sequence"",""13.86"","""","""""
"24/11/2024 05:00:00 - 24/11/2024 06:00:00,""BZN|NO3"",""Without Sequence"",""11.84"","""","""""
"24/11/2024 06:00:00 - 24/11/2024 07:00:00,""BZN|NO3"",""Without Sequence"",""9.46"","""","""""
"24/11/2024 07:00:00 - 24/11/2024 08:00:00,""BZN|NO3"",""Without Sequence"",""9.51"","""","""""
"24/11/2024 08:00:00 - 24/11/2024 09:00:00,""BZN|NO3"",""Without Sequence"",""12.28"","""","""""
"24/11/2024 09:00:00 - 24/11/2024 10:00:00,""BZN|NO3"",""Without Sequence"",""13.30"","""","""""
"24/11/2024 10:00:00 - 24/11/2024 11:00:00,""BZN|NO3"",""Without Sequence"",""15.97"","""","""""
"24/11/2024 11:00:00 - 24/11/2024 12:00:00,""BZN|NO3"",""Without Sequence"",""16.60"","""","""""
"24/11/2024 12:00:00 - 24/11/2024 13:00:00,""BZN|NO3"",""Without Sequence"",""15.51"","""","""""
"24/11/2024 13:00:00 - 24/11/2024 14:00:00,""BZN|NO3"",""Without Sequence"",""15.31"","""","""""
"24/11/2024 14:00:00 - 24/11/2024 15:00:00,""BZN|NO3"",""Without Sequence"",""15.44"","""","""""
"24/11/2024 15:00:00 - 24/11/2024 16:00:00,""BZN|NO3"",""Without Sequence"",""13.40"","""","""""
"24/11/2024 16:00:00 - 24/11/2024 17:00:00,""BZN|NO3"",""Without Sequence"",""15.01"","""","""""
"24/11/2024 17:00:00 - 24/11/2024 18:00:00,""BZN|NO3"",""Without Sequence"",""17.67"","""","""""
"24/11/2024 18:00:00 - 24/11/2024 19:00:00,""BZN|NO3"",""Without Sequence"",""17.79"","""","""""
"24/11/2024 19:00:00 - 24/11/2024 20:00:00,""BZN|NO3"",""Without Sequence"",""17.65"","""","""""
"24/11/2024 20:00:00 - 24/11/2024 21:00:00,""BZN|NO3"",""Without Sequence"",""16.48"","""","""""
"24/11/2024 21:00:00 - 24/11/2024 22:00:00,""BZN|NO3"",""Without Sequence"",""14.38"","""","""""
"24/11/2024 22:00:00 - 24/11/2024 23:00:00,""BZN|NO3"",""Without Sequence"",""12.22"","""","""""
"24/11/2024 23:00:00 - 25/11/2024 00:00:00,""BZN|NO3"",""Without Sequence"",""8.47"","""","""""
"25/11/2024 00:00:00 - 25/11/2024 01:00:00,""BZN|NO3"",""Without Sequence"",""10.13"","""","""""
"25/11/2024 01:00:00 - 25/11/2024 02:00:00,""BZN|NO3"",""Without Sequence"",""7.83"","""","""""
"25/11/2024 02:00:00 - 25/11/2024 03:00:00,""BZN|NO3"",""Without Sequence"",""6.09"","""","""""
"25/11/2024 03:00:00 - 25/11/2024 04:00:00,""BZN|NO3"",""Without Sequence"",""6.82"","""","""""
"25/11/2024 04:00:00 - 25/11/2024 05:00:00,""BZN|NO3"",""Without Sequence"",""8.35"","""","""""
"25/11/2024 05:00:00 - 25/11/2024 06:00:00,""BZN|NO3"",""Without Sequence"",""12.26"","""","""""
"25/11/2024 06:00:00 - 25/11/2024 07:00:00,""BZN|NO3"",""Without Sequence"",""14.42"","""","""""
"25/11/2024 07:00:00 - 25/11/2024 08:00:00,""BZN|NO3"",""Without Sequence"",""19.74"","""","""""
"25/11/2024 08:00:00 - 25/11/2024 09:00:00,""BZN|NO3"",""Without Sequence"",""21.32"","""","""""
"25/11/2024 09:00:00 - 25/11/2024 10:00:00,""BZN|NO3"",""Without Sequence"",""21.12"","""","""""
"25/11/2024 10:00:00 - 25/11/2024 11:00:00,""BZN|NO3"",""Without Sequence"",""20.25"","""","""""
"25/11/2024 11:00:00 - 25/11/2024 12:00:00,""BZN|NO3"",""Without Sequence"",""20.02"","""","""""
"25/11/2024 12:00:00 - 25/11/2024 13:00:00,""BZN|NO3"",""Without Sequence"",""20.27"","""","""""
"25/11/2024 13:00:00 - 25/11/2024 14:00:00,""BZN|NO3"",""Without Sequence"",""21.21"","""","""""
"25/11/2024 14:00:00 - 25/11/2024 15:00:00,""BZN|NO3"",""Without Sequence"",""21.32"","""","""""
"25/11/2024 15:00:00 - 25/11/2024 16:00:00,""BZN|NO3"",""Without Sequence"",""21.20"","""","""""
"25/11/2024 16:00:00 - 25/11/2024 17:00:00,""BZN|NO3"",""Without Sequence"",""21.10"","""","""""
"25/11/2024 17:00:00 - 25/11/2024 18:00:00,""BZN|NO3"",""Without Sequence"",""21.44"","""","""""
"25/11/2024 18:00:00 - 25/11/2024 19:00:00,""BZN|NO3"",""Without Sequence"",""21.34"","""","""""
"25/11/2024 19:00:00 - 25/11/2024 20:00:00,""BZN|NO3"",""Without Sequence"",""21.33"","""","""""
"25/11/2024 20:00:00 - 25/11/2024 21:00:00,""BZN|NO3"",""Without Sequence"",""20.89"","""","""""
"25/11/2024 21:00:00 - 25/11/2024 22:00:00,""BZN|NO3"",""Without Sequence"",""21.62"","""","""""
"25/11/2024 22:00:00 - 25/11/2024 23:00:00,""BZN|NO3"",""Without Sequence"",""21.39"","""","""""
"25/11/2024 23:00:00 - 26/11/2024 00:00:00,""BZN|NO3"",""Without Sequence"",""20.40"","""","""""
"26/11/2024 00:00:00 - 26/11/2024 01:00:00,""BZN|NO3"",""Without Sequence"",""17.84"","""","""""
"26/11/2024 01:00:00 - 26/11/2024 02:00:00,""BZN|NO3"",""Without Sequence"",""18.11"","""","""""
"26/11/2024 02:00:00 - 26/11/2024 03:00:00,""BZN|NO3"",""Without Sequence"",""17.41"","""","""""
"26/11/2024 03:00:00 - 26/11/2024 04:00:00,""BZN|NO3"",""Without Sequence"",""17.83"","""","""""
"26/11/2024 04:00:00 - 26/11/2024 05:00:00,""BZN|NO3"",""Without Sequence"",""17.79"","""","""""
"26/11/2024 05:00:00 - 26/11/2024 06:00:00,""BZN|NO3"",""Without Sequence"",""18.01"","""","""""
"26/11/2024 06:00:00 - 26/11/2024 07:00:00,""BZN|NO3"",""Without Sequence"",""19.93"","""","""""
"26/11/2024 07:00:00 - 26/11/2024 08:00:00,""BZN|NO3"",""Without Sequence"",""21.21"","""","""""
"26/11/2024 08:00:00 - 26/11/2024 09:00:00,""BZN|NO3"",""Without Sequence"",""22.67"","""","""""
"26/11/2024 09:00:00 - 26/11/2024 10:00:00,""BZN|NO3"",""Without Sequence"",""22.70"","""","""""
"26/11/2024 10:00:00 - 26/11/2024 11:00:00,""BZN|NO3"",""Without Sequence"",""24.17"","""","""""
"26/11/2024 11:00:00 - 26/11/2024 12:00:00,""BZN|NO3"",""Without Sequence"",""26.11"","""","""""
"26/11/2024 12:00:00 - 26/11/2024 13:00:00,""BZN|NO3"",""Without Sequence"",""25.68"","""","""""
"26/11/2024 13:00:00 - 26/11/2024 14:00:00,""BZN|NO3"",""Without Sequence"",""26.82"","""","""""
"26/11/2024 14:00:00 - 26/11/2024 15:00:00,""BZN|NO3"",""Without Sequence"",""28.70"","""","""""
"26/11/2024 15:00:00 - 26/11/2024 16:00:00,""BZN|NO3"",""Without Sequence"",""33.21"","""","""""
"26/11/2024 16:00:00 - 26/11/2024 17:00:00,""BZN|NO3"",""Without Sequence"",""37.99"","""","""""
"26/11/2024 17:00:00 - 26/11/2024 18:00:00,""BZN|NO3"",""Without Sequence"",""43.22"","""","""""
"26/11/2024 18:00:00 - 26/11/2024 19:00:00,""BZN|NO3"",""Without Sequence"",""44.77"","""","""""
"26/11/2024 19:00:00 - 26/11/2024 20:00:00,""BZN|NO3"",""Without Sequence"",""41.40"","""","""""
"26/11/2024 20:00:00 - 26/11/2024 21:00:00,""BZN|NO3"",""Without Sequence"",""38.75"","""","""""
"26/11/2024 21:00:00 - 26/11/2024 22:00:00,""BZN|NO3"",""Without Sequence"",""37.95"","""","""""
"26/11/2024 22:00:00 - 26/11/2024 23:00:00,""BZN|NO3"",""Without Sequence"",""35.45"","""","""""
"26/11/2024 23:00:00 - 27/11/2024 00:00:00,""BZN|NO3"",""Without Sequence"",""31.04"","""","""""
"27/11/2024 00:00:00 - 27/11/2024 01:00:00,""BZN|NO3"",""Without Sequence"",""33.61"","""","""""
"27/11/2024 01:00:00 - 27/11/2024 02:00:00,""BZN|NO3"",""Without Sequence"",""34.06"","""","""""
"27/11/2024 02:00:00 - 27/11/2024 03:00:00,""BZN|NO3"",""Without Sequence"",""32.63"","""","""""
"27/11/2024 03:00:00 - 27/11/2024 04:00:00,""BZN|NO3"",""Without Sequence"",""35.08"","""","""""
"27/11/2024 04:00:00 - 27/11/2024 05:00:00,""BZN|NO3"",""Without Sequence"",""36.96"","""","""""
"27/11/2024 05:00:00 - 27/11/2024 06:00:00,""BZN|NO3"",""Without Sequence"",""36.61"","""","""""
"27/11/2024 06:00:00 - 27/11/2024 07:00:00,""BZN|NO3"",""Without Sequence"",""35.01"","""","""""
"27/11/2024 07:00:00 - 27/11/2024 08:00:00,""BZN|NO3"",""Without Sequence"",""20.87"","""","""""
"27/11/2024 08:00:00 - 27/11/2024 09:00:00,""BZN|NO3"",""Without Sequence"",""15.09"","""","""""
"27/11/2024 09:00:00 - 27/11/2024 10:00:00,""BZN|NO3"",""Without Sequence"",""18.25"","""","""""
"27/11/2024 10:00:00 - 27/11/2024 11:00:00,""BZN|NO3"",""Without Sequence"",""28.80"","""","""""
"27/11/2024 11:00:00 - 27/11/2024 12:00:00,""BZN|NO3"",""Without Sequence"",""28.69"","""","""""
"27/11/2024 12:00:00 - 27/11/2024 13:00:00,""BZN|NO3"",""Without Sequence"",""31.60"","""","""""
"27/11/2024 13:00:00 - 27/11/2024 14:00:00,""BZN|NO3"",""Without Sequence"",""27.33"","""","""""
"27/11/2024 14:00:00 - 27/11/2024 15:00:00,""BZN|NO3"",""Without Sequence"",""29.04"","""","""""
"27/11/2024 15:00:00 - 27/11/2024 16:00:00,""BZN|NO3"",""Without Sequence"",""29.08"","""","""""
"27/11/2024 16:00:00 - 27/11/2024 17:00:00,""BZN|NO3"",""Without Sequence"",""38.94"","""","""""
"27/11/2024 17:00:00 - 27/11/2024 18:00:00,""BZN|NO3"",""Without Sequence"",""78.29"","""","""""
"27/11/2024 18:00:00 - 27/11/2024 19:00:00,""BZN|NO3"",""Without Sequence"",""79.43"","""","""""
"27/11/2024 19:00:00 - 27/11/2024 20:00:00,""BZN|NO3"",""Without Sequence"",""71.40"","""","""""
"27/11/2024 20:00:00 - 27/11/2024 21:00:00,""BZN|NO3"",""Without Sequence"",""55.52"","""","""""
"27/11/2024 21:00:00 - 27/11/2024 22:00:00,""BZN|NO3"",""Without Sequence"",""50.31"","""","""""
"27/11/2024 22:00:00 - 27/11/2024 23:00:00,""BZN|NO3"",""Without Sequence"",""47.48"","""","""""
"27/11/2024 23:00:00 - 28/11/2024 00:00:00,""BZN|NO3"",""Without Sequence"",""39.99"","""","""""
"28/11/2024 00:00:00 - 28/11/2024 01:00:00,""BZN|NO3"",""Without Sequence"",""39.94"","""","""""
"28/11/2024 01:00:00 - 28/11/2024 02:00:00,""BZN|NO3"",""Without Sequence"",""34.78"","""","""""
"28/11/2024 02:00:00 - 28/11/2024 03:00:00,""BZN|NO3"",""Without Sequence"",""31.08"","""","""""
"28/11/2024 03:00:00 - 28/11/2024 04:00:00,""BZN|NO3"",""Without Sequence"",""30.87"","""","""""
"28/11/2024 04:00:00 - 28/11/2024 05:00:00,""BZN|NO3"",""Without Sequence"",""34.18"","""","""""
"28/11/2024 05:00:00 - 28/11/2024 06:00:00,""BZN|NO3"",""Without Sequence"",""38.96"","""","""""
"28/11/2024 06:00:00 - 28/11/2024 07:00:00,""BZN|NO3"",""Without Sequence"",""44.97"","""","""""
"28/11/2024 07:00:00 - 28/11/2024 08:00:00,""BZN|NO3"",""Without Sequence"",""60.09"","""","""""
"28/11/2024 08:00:00 - 28/11/2024 09:00:00,""BZN|NO3"",""Without Sequence"",""83.67"","""","""""
"28/11/2024 09:00:00 - 28/11/2024 10:00:00,""BZN|NO3"",""Without Sequence"",""70.33"","""","""""
"28/11/2024 10:00:00 - 28/11/2024 11:00:00,""BZN|NO3"",""Without Sequence"",""63.22"","""","""""
"28/11/2024 11:00:00 - 28/11/2024 12:00:00,""BZN|NO3"",""Without Sequence"",""49.12"","""","""""
"28/11/2024 12:00:00 - 28/11/2024 13:00:00,""BZN|NO3"",""Without Sequence"",""46.47"","""","""""
"28/11/2024 13:00:00 - 28/11/2024 14:00:00,""BZN|NO3"",""Without Sequence"",""44.83"","""","""""
"28/11/2024 14:00:00 - 28/11/2024 15:00:00,""BZN|NO3"",""Without Sequence"",""48.91"","""","""""
"28/11/2024 15:00:00 - 28/11/2024 16:00:00,""BZN|NO3"",""Without Sequence"",""45.17"","""","""""
"28/11/2024 16:00:00 - 28/11/2024 17:00:00,""BZN|NO3"",""Without Sequence"",""56.19"","""","""""
"28/11/2024 17:00:00 - 28/11/2024 18:00:00,""BZN|NO3"",""Without Sequence"",""53.45"","""","""""
"28/11/2024 18:00:00 - 28/11/2024 19:00:00,""BZN|NO3"",""Without Sequence"",""57.89"","""","""""
"28/11/2024 19:00:00 - 28/11/2024 20:00:00,""BZN|NO3"",""Without Sequence"",""53.86"","""","""""
"28/11/2024 20:00:00 - 28/11/2024 21:00:00,""BZN|NO3"",""Without Sequence"",""46.20"","""","""""
"28/11/2024 21:00:00 - 28/11/2024 22:00:00,""BZN|NO3"",""Without Sequence"",""35.39"","""","""""
"28/11/2024 22:00:00 - 28/11/2024 23:00:00,""BZN|NO3"",""Without Sequence"",""34.02"","""","""""
"28/11/2024 23:00:00 - 29/11/2024 00:00:00,""BZN|NO3"",""Without Sequence"",""26.99"","""","""""
"29/11/2024 00:00:00 - 29/11/2024 01:00:00,""BZN|NO3"",""Without Sequence"",""5.72"","""","""""
"29/11/2024 01:00:00 - 29/11/2024 02:00:00,""BZN|NO3"",""Without Sequence"",""10.32"","""","""""
"29/11/2024 02:00:00 - 29/11/2024 03:00:00,""BZN|NO3"",""Without Sequence"",""9.72"","""","""""
"29/11/2024 03:00:00 - 29/11/2024 04:00:00,""BZN|NO3"",""Without Sequence"",""7.71"","""","""""
"29/11/2024 04:00:00 - 29/11/2024 05:00:00,""BZN|NO3"",""Without Sequence"",""12.63"","""","""""
"29/11/2024 05:00:00 - 29/11/2024 06:00:00,""BZN|NO3"",""Without Sequence"",""5.32"","""","""""
"29/11/2024 06:00:00 - 29/11/2024 07:00:00,""BZN|NO3"",""Without Sequence"",""3.02"","""","""""
"29/11/2024 07:00:00 - 29/11/2024 08:00:00,""BZN|NO3"",""Without Sequence"",""5.43"","""","""""
"29/11/2024 08:00:00 - 29/11/2024 09:00:00,""BZN|NO3"",""Without Sequence"",""6.39"","""","""""
"29/11/2024 09:00:00 - 29/11/2024 10:00:00,""BZN|NO3"",""Without Sequence"",""5.61"","""","""""
"29/11/2024 10:00:00 - 29/11/2024 11:00:00,""BZN|NO3"",""Without Sequence"",""6.82"","""","""""
"29/11/2024 11:00:00 - 29/11/2024 12:00:00,""BZN|NO3"",""Without Sequence"",""5.73"","""","""""
"29/11/2024 12:00:00 - 29/11/2024 13:00:00,""BZN|NO3"",""Without Sequence"",""6.69"","""","""""
"29/11/2024 13:00:00 - 29/11/2024 14:00:00,""BZN|NO3"",""Without Sequence"",""10.92"","""","""""
"29/11/2024 14:00:00 - 29/11/2024 15:00:00,""BZN|NO3"",""Without Sequence"",""10.93"","""","""""
"29/11/2024 15:00:00 - 29/11/2024 16:00:00,""BZN|NO3"",""Without Sequence"",""8.87"","""","""""
"29/11/2024 16:00:00 - 29/11/2024 17:00:00,""BZN|NO3"",""Without Sequence"",""6.20"","""","""""
"29/11/2024 17:00:00 - 29/11/2024 18:00:00,""BZN|NO3"",""Without Sequence"",""7.61"","""","""""
"29/11/2024 18:00:00 - 29/11/2024 19:00:00,""BZN|NO3"",""Without Sequence"",""17.33"","""","""""
"29/11/2024 19:00:00 - 29/11/2024 20:00:00,""BZN|NO3"",""Without Sequence"",""30.85"","""","""""
"29/11/2024 20:00:00 - 29/11/2024 21:00:00,""BZN|NO3"",""Without Sequence"",""31.26"","""","""""
"29/11/2024 21:00:00 - 29/11/2024 22:00:00,""BZN|NO3"",""Without Sequence"",""27.57"","""","""""
"29/11/2024 22:00:00 - 29/11/2024 23:00:00,""BZN|NO3"",""Without Sequence"",""26.11"","""","""""
"29/11/2024 23:00:00 - 30/11/2024 00:00:00,""BZN|NO3"",""Without Sequence"",""25.00"","""","""""
"30/11/2024 00:00:00 - 30/11/2024 01:00:00,""BZN|NO3"",""Without Sequence"",""21.11"","""","""""
"30/11/2024 01:00:00 - 30/11/2024 02:00:00,""BZN|NO3"",""Without Sequence"",""19.72"","""","""""
"30/11/2024 02:00:00 - 30/11/2024 03:00:00,""BZN|NO3"",""Without Sequence"",""19.71"","""","""""
"30/11/2024 03:00:00 - 30/11/2024 04:00:00,""BZN|NO3"",""Without Sequence"",""12.75"","""","""""
"30/11/2024 04:00:00 - 30/11/2024 05:00:00,""BZN|NO3"",""Without Sequence"",""13.90"","""","""""
"30/11/2024 05:00:00 - 30/11/2024 06:00:00,""BZN|NO3"",""Without Sequence"",""14.58"","""","""""
"30/11/2024 06:00:00 - 30/11/2024 07:00:00,""BZN|NO3"",""Without Sequence"",""14.81"","""","""""
"30/11/2024 07:00:00 - 30/11/2024 08:00:00,""BZN|NO3"",""Without Sequence"",""20.38"","""","""""
"30/11/2024 08:00:00 - 30/11/2024 09:00:00,""BZN|NO3"",""Without Sequence"",""22.53"","""","""""
"30/11/2024 09:00:00 - 30/11/2024 10:00:00,""BZN|NO3"",""Without Sequence"",""24.10"","""","""""
"30/11/2024 10:00:00 - 30/11/2024 11:00:00,""BZN|NO3"",""Without Sequence"",""22.63"","""","""""
"30/11/2024 11:00:00 - 30/11/2024 12:00:00,""BZN|NO3"",""Without Sequence"",""19.85"","""","""""
"30/11/2024 12:00:00 - 30/11/2024 13:00:00,""BZN|NO3"",""Without Sequence"",""15.01"","""","""""
"30/11/2024 13:00:00 - 30/11/2024 14:00:00,""BZN|NO3"",""Without Sequence"",""16.00"","""","""""
"30/11/2024 14:00:00 - 30/11/2024 15:00:00,""BZN|NO3"",""Without Sequence"",""19.79"","""","""""
"30/11/2024 15:00:00 - 30/11/2024 16:00:00,""BZN|NO3"",""Without Sequence"",""17.09"","""","""""
"30/11/2024 16:00:00 - 30/11/2024 17:00:00,""BZN|NO3"",""Without Sequence"",""17.35"","""","""""
"30/11/2024 17:00:00 - 30/11/2024 18:00:00,""BZN|NO3"",""Without Sequence"",""16.51"","""","""""
"30/11/2024 18:00:00 - 30/11/2024 19:00:00,""BZN|NO3"",""Without Sequence"",""13.54"","""","""""
"30/11/2024 19:00:00 - 30/11/2024 20:00:00,""BZN|NO3"",""Without Sequence"",""11.90"","""","""""
"30/11/2024 20:00:00 - 30/11/2024 21:00:00,""BZN|NO3"",""Without Sequence"",""12.43"","""","""""
"30/11/2024 21:00:00 - 30/11/2024 22:00:00,""BZN|NO3"",""Without Sequence"",""10.99"","""","""""
"30/11/2024 22:00:00 - 30/11/2024 23:00:00,""BZN|NO3"",""Without Sequence"",""10.93"","""","""""
"30/11/2024 23:00:00 - 01/12/2024 00:00:00,""BZN|NO3"",""Without Sequence"",""11.39"","""","""""
"01/12/2024 00:00:00 - 01/12/2024 01:00:00,""BZN|NO3"",""Without Sequence"",""12.72"","""","""""
"01/12/2024 01:00:00 - 01/12/2024 02:00:00,""BZN|NO3"",""Without Sequence"",""12.95"","""","""""
"01/12/2024 02:00:00 - 01/12/2024 03:00:00,""BZN|NO3"",""Without Sequence"",""12.46"","""","""""
"01/12/2024 03:00:00 - 01/12/2024 04:00:00,""BZN|NO3"",""Without Sequence"",""12.43"","""","""""
"01/12/2024 04:00:00 - 01/12/2024 05:00:00,""BZN|NO3"",""Without Sequence"",""12.26"","""","""""
"01/12/2024 05:00:00 - 01/12/2024 06:00:00,""BZN|NO3"",""Without Sequence"",""12.90"","""","""""
"01/12/2024 06:00:00 - 01/12/2024 07:00:00,""BZN|NO3"",""Without Sequence"",""14.29"","""","""""
"01/12/2024 07:00:00 - 01/12/2024 08:00:00,""BZN|NO3"",""Without Sequence"",""12.97"","""","""""
"01/12/2024 08:00:00 - 01/12/2024 09:00:00,""BZN|NO3"",""Without Sequence"",""14.89"","""","""""
"01/12/2024 09:00:00 - 01/12/2024 10:00:00,""BZN|NO3"",""Without Sequence"",""16.16"","""","""""
"01/12/2024 10:00:00 - 01/12/2024 11:00:00,""BZN|NO3"",""Without Sequence"",""17.91"","""","""""
"01/12/2024 11:00:00 - 01/12/2024 12:00:00,""BZN|NO3"",""Without Sequence"",""19.63"","""","""""
"01/12/2024 12:00:00 - 01/12/2024 13:00:00,""BZN|NO3"",""Without Sequence"",""19.55"","""","""""
"01/12/2024 13:00:00 - 01/12/2024 14:00:00,""BZN|NO3"",""Without Sequence"",""18.31"","""","""""
"01/12/2024 14:00:00 - 01/12/2024 15:00:00,""BZN|NO3"",""Without Sequence"",""17.89"","""","""""
"01/12/2024 15:00:00 - 01/12/2024 16:00:00,""BZN|NO3"",""Without Sequence"",""17.83"","""","""""
"01/12/2024 16:00:00 - 01/12/2024 17:00:00,""BZN|NO3"",""Without Sequence"",""18.50"","""","""""
"01/12/2024 17:00:00 - 01/12/2024 18:00:00,""BZN|NO3"",""Without Sequence"",""18.64"","""","""""
"01/12/2024 18:00:00 - 01/12/2024 19:00:00,""BZN|NO3"",""Without Sequence"",""17.16"","""","""""
"01/12/2024 19:00:00 - 01/12/2024 20:00:00,""BZN|NO3"",""Without Sequence"",""17.51"","""","""""
"01/12/2024 20:00:00 - 01/12/2024 21:00:00,""BZN|NO3"",""Without Sequence"",""17.01"","""","""""
"01/12/2024 21:00:00 - 01/12/2024 22:00:00,""BZN|NO3"",""Without Sequence"",""16.50"","""","""""
"01/12/2024 22:00:00 - 01/12/2024 23:00:00,""BZN|NO3"",""Without Sequence"",""16.11"","""","""""
"01/12/2024 23:00:00 - 02/12/2024 00:00:00,""BZN|NO3"",""Without Sequence"",""13.28"","""","""""
"02/12/2024 00:00:00 - 02/12/2024 01:00:00,""BZN|NO3"",""Without Sequence"",""3.54"","""","""""
"02/12/2024 01:00:00 - 02/12/2024 02:00:00,""BZN|NO3"",""Without Sequence"",""3.46"","""","""""
"02/12/2024 02:00:00 - 02/12/2024 03:00:00,""BZN|NO3"",""Without Sequence"",""4.28"","""","""""
"02/12/2024 03:00:00 - 02/12/2024 04:00:00,""BZN|NO3"",""Without Sequence"",""4.82"","""","""""
"02/12/2024 04:00:00 - 02/12/2024 05:00:00,""BZN|NO3"",""Without Sequence"",""3.59"","""","""""
"02/12/2024 05:00:00 - 02/12/2024 06:00:00,""BZN|NO3"",""Without Sequence"",""3.54"","""","""""
"02/12/2024 06:00:00 - 02/12/2024 07:00:00,""BZN|NO3"",""Without Sequence"",""5.09"","""","""""
"02/12/2024 07:00:00 - 02/12/2024 08:00:00,""BZN|NO3"",""Without Sequence"",""10.13"","""","""""
"02/12/2024 08:00:00 - 02/12/2024 09:00:00,""BZN|NO3"",""Without Sequence"",""12.01"","""","""""
"02/12/2024 09:00:00 - 02/12/2024 10:00:00,""BZN|NO3"",""Without Sequence"",""14.41"","""","""""
"02/12/2024 10:00:00 - 02/12/2024 11:00:00,""BZN|NO3"",""Without Sequence"",""21.22"","""","""""
"02/12/2024 11:00:00 - 02/12/2024 12:00:00,""BZN|NO3"",""Without Sequence"",""21.63"","""","""""
"02/12/2024 12:00:00 - 02/12/2024 13:00:00,""BZN|NO3"",""Without Sequence"",""21.01"","""","""""
"02/12/2024 13:00:00 - 02/12/2024 14:00:00,""BZN|NO3"",""Without Sequence"",""21.00"","""","""""
"02/12/2024 14:00:00 - 02/12/2024 15:00:00,""BZN|NO3"",""Without Sequence"",""20.98"","""","""""
"02/12/2024 15:00:00 - 02/12/2024 16:00:00,""BZN|NO3"",""Without Sequence"",""21.43"","""","""""
"02/12/2024 16:00:00 - 02/12/2024 17:00:00,""BZN|NO3"",""Without Sequence"",""19.79"","""","""""
"02/12/2024 17:00:00 - 02/12/2024 18:00:00,""BZN|NO3"",""Without Sequence"",""18.02"","""","""""
"02/12/2024 18:00:00 - 02/12/2024 19:00:00,""BZN|NO3"",""Without Sequence"",""13.82"","""","""""
"02/12/2024 19:00:00 - 02/12/2024 20:00:00,""BZN|NO3"",""Without Sequence"",""11.63"","""","""""
"02/12/2024 20:00:00 - 02/12/2024 21:00:00,""BZN|NO3"",""Without Sequence"",""11.12"","""","""""
"02/12/2024 21:00:00 - 02/12/2024 22:00:00,""BZN|NO3"",""Without Sequence"",""10.40"","""","""""
"02/12/2024 22:00:00 - 02/12/2024 23:00:00,""BZN|NO3"",""Without Sequence"",""5.17"","""","""""
"02/12/2024 23:00:00 - 03/12/2024 00:00:00,""BZN|NO3"",""Without Sequence"",""4.88"","""","""""
"03/12/2024 00:00:00 - 03/12/2024 01:00:00,""BZN|NO3"",""Without Sequence"",""8.17"","""","""""
"03/12/2024 01:00:00 - 03/12/2024 02:00:00,""BZN|NO3"",""Without Sequence"",""7.84"","""","""""
"03/12/2024 02:00:00 - 03/12/2024 03:00:00,""BZN|NO3"",""Without Sequence"",""10.75"","""","""""
"03/12/2024 03:00:00 - 03/12/2024 04:00:00,""BZN|NO3"",""Without Sequence"",""11.11"","""","""""
"03/12/2024 04:00:00 - 03/12/2024 05:00:00,""BZN|NO3"",""Without Sequence"",""10.63"","""","""""
"03/12/2024 05:00:00 - 03/12/2024 06:00:00,""BZN|NO3"",""Without Sequence"",""18.01"","""","""""
"03/12/2024 06:00:00 - 03/12/2024 07:00:00,""BZN|NO3"",""Without Sequence"",""23.29"","""","""""
"03/12/2024 07:00:00 - 03/12/2024 08:00:00,""BZN|NO3"",""Without Sequence"",""27.58"","""","""""
"03/12/2024 08:00:00 - 03/12/2024 09:00:00,""BZN|NO3"",""Without Sequence"",""30.72"","""","""""
"03/12/2024 09:00:00 - 03/12/2024 10:00:00,""BZN|NO3"",""Without Sequence"",""33.40"","""","""""
"03/12/2024 10:00:00 - 03/12/2024 11:00:00,""BZN|NO3"",""Without Sequence"",""45.01"","""","""""
"03/12/2024 11:00:00 - 03/12/2024 12:00:00,""BZN|NO3"",""Without Sequence"",""33.39"","""","""""
"03/12/2024 12:00:00 - 03/12/2024 13:00:00,""BZN|NO3"",""Without Sequence"",""32.03"","""","""""
"03/12/2024 13:00:00 - 03/12/2024 14:00:00,""BZN|NO3"",""Without Sequence"",""31.95"","""","""""
"03/12/2024 14:00:00 - 03/12/2024 15:00:00,""BZN|NO3"",""Without Sequence"",""32.47"","""","""""
"03/12/2024 15:00:00 - 03/12/2024 16:00:00,""BZN|NO3"",""Without Sequence"",""32.12"","""","""""
"03/12/2024 16:00:00 - 03/12/2024 17:00:00,""BZN|NO3"",""Without Sequence"",""38.17"","""","""""
"03/12/2024 17:00:00 - 03/12/2024 18:00:00,""BZN|NO3"",""Without Sequence"",""45.19"","""","""""
"03/12/2024 18:00:00 - 03/12/2024 19:00:00,""BZN|NO3"",""Without Sequence"",""44.49"","""","""""
"03/12/2024 19:00:00 - 03/12/2024 20:00:00,""BZN|NO3"",""Without Sequence"",""41.81"","""","""""
"03/12/2024 20:00:00 - 03/12/2024 21:00:00,""BZN|NO3"",""Without Sequence"",""38.56"","""","""""
"03/12/2024 21:00:00 - 03/12/2024 22:00:00,""BZN|NO3"",""Without Sequence"",""26.97"","""","""""
"03/12/2024 22:00:00 - 03/12/2024 23:00:00,""BZN|NO3"",""Without Sequence"",""15.00"","""","""""
"03/12/2024 23:00:00 - 04/12/2024 00:00:00,""BZN|NO3"",""Without Sequence"",""15.01"","""","""""
"04/12/2024 00:00:00 - 04/12/2024 01:00:00,""BZN|NO3"",""Without Sequence"",""12.01"","""","""""
"04/12/2024 01:00:00 - 04/12/2024 02:00:00,""BZN|NO3"",""Without Sequence"",""10.08"","""","""""
"04/12/2024 02:00:00 - 04/12/2024 03:00:00,""BZN|NO3"",""Without Sequence"",""13.50"","""","""""
"04/12/2024 03:00:00 - 04/12/2024 04:00:00,""BZN|NO3"",""Without Sequence"",""22.66"","""","""""
"04/12/2024 04:00:00 - 04/12/2024 05:00:00,""BZN|NO3"",""Without Sequence"",""38.99"","""","""""
"04/12/2024 05:00:00 - 04/12/2024 06:00:00,""BZN|NO3"",""Without Sequence"",""35.96"","""","""""
"04/12/2024 06:00:00 - 04/12/2024 07:00:00,""BZN|NO3"",""Without Sequence"",""33.89"","""","""""
"04/12/2024 07:00:00 - 04/12/2024 08:00:00,""BZN|NO3"",""Without Sequence"",""84.95"","""","""""
"04/12/2024 08:00:00 - 04/12/2024 09:00:00,""BZN|NO3"",""Without Sequence"",""161.20"","""","""""
"04/12/2024 09:00:00 - 04/12/2024 10:00:00,""BZN|NO3"",""Without Sequence"",""98.72"","""","""""
"04/12/2024 10:00:00 - 04/12/2024 11:00:00,""BZN|NO3"",""Without Sequence"",""69.71"","""","""""
"04/12/2024 11:00:00 - 04/12/2024 12:00:00,""BZN|NO3"",""Without Sequence"",""63.27"","""","""""
"04/12/2024 12:00:00 - 04/12/2024 13:00:00,""BZN|NO3"",""Without Sequence"",""28.53"","""","""""
"04/12/2024 13:00:00 - 04/12/2024 14:00:00,""BZN|NO3"",""Without Sequence"",""33.97"","""","""""
"04/12/2024 14:00:00 - 04/12/2024 15:00:00,""BZN|NO3"",""Without Sequence"",""20.94"","""","""""
"04/12/2024 15:00:00 - 04/12/2024 16:00:00,""BZN|NO3"",""Without Sequence"",""15.73"","""","""""
"04/12/2024 16:00:00 - 04/12/2024 17:00:00,""BZN|NO3"",""Without Sequence"",""12.90"","""","""""
"04/12/2024 17:00:00 - 04/12/2024 18:00:00,""BZN|NO3"",""Without Sequence"",""5.71"","""","""""
"04/12/2024 18:00:00 - 04/12/2024 19:00:00,""BZN|NO3"",""Without Sequence"",""12.01"","""","""""
"04/12/2024 19:00:00 - 04/12/2024 20:00:00,""BZN|NO3"",""Without Sequence"",""13.02"","""","""""
"04/12/2024 20:00:00 - 04/12/2024 21:00:00,""BZN|NO3"",""Without Sequence"",""12.14"","""","""""
"04/12/2024 21:00:00 - 04/12/2024 22:00:00,""BZN|NO3"",""Without Sequence"",""12.92"","""","""""
"04/12/2024 22:00:00 - 04/12/2024 23:00:00,""BZN|NO3"",""Without Sequence"",""20.63"","""","""""
"04/12/2024 23:00:00 - 05/12/2024 00:00:00,""BZN|NO3"",""Without Sequence"",""20.32"","""","""""
"05/12/2024 00:00:00 - 05/12/2024 01:00:00,""BZN|NO3"",""Without Sequence"",""23.34"","""","""""
"05/12/2024 01:00:00 - 05/12/2024 02:00:00,""BZN|NO3"",""Without Sequence"",""23.37"","""","""""
"05/12/2024 02:00:00 - 05/12/2024 03:00:00,""BZN|NO3"",""Without Sequence"",""23.29"","""","""""
"05/12/2024 03:00:00 - 05/12/2024 04:00:00,""BZN|NO3"",""Without Sequence"",""23.27"","""","""""
"05/12/2024 04:00:00 - 05/12/2024 05:00:00,""BZN|NO3"",""Without Sequence"",""23.27"","""","""""
"05/12/2024 05:00:00 - 05/12/2024 06:00:00,""BZN|NO3"",""Without Sequence"",""24.10"","""","""""
"05/12/2024 06:00:00 - 05/12/2024 07:00:00,""BZN|NO3"",""Without Sequence"",""30.51"","""","""""
"05/12/2024 07:00:00 - 05/12/2024 08:00:00,""BZN|NO3"",""Without Sequence"",""32.43"","""","""""
"05/12/2024 08:00:00 - 05/12/2024 09:00:00,""BZN|NO3"",""Without Sequence"",""48.21"","""","""""
"05/12/2024 09:00:00 - 05/12/2024 10:00:00,""BZN|NO3"",""Without Sequence"",""33.56"","""","""""
"05/12/2024 10:00:00 - 05/12/2024 11:00:00,""BZN|NO3"",""Without Sequence"",""33.59"","""","""""
"05/12/2024 11:00:00 - 05/12/2024 12:00:00,""BZN|NO3"",""Without Sequence"",""32.87"","""","""""
"05/12/2024 12:00:00 - 05/12/2024 13:00:00,""BZN|NO3"",""Without Sequence"",""31.10"","""","""""
"05/12/2024 13:00:00 - 05/12/2024 14:00:00,""BZN|NO3"",""Without Sequence"",""29.68"","""","""""
"05/12/2024 14:00:00 - 05/12/2024 15:00:00,""BZN|NO3"",""Without Sequence"",""25.98"","""","""""
"05/12/2024 15:00:00 - 05/12/2024 16:00:00,""BZN|NO3"",""Without Sequence"",""25.67"","""","""""
"05/12/2024 16:00:00 - 05/12/2024 17:00:00,""BZN|NO3"",""Without Sequence"",""26.27"","""","""""
"05/12/2024 17:00:00 - 05/12/2024 18:00:00,""BZN|NO3"",""Without Sequence"",""26.03"","""","""""
"05/12/2024 18:00:00 - 05/12/2024 19:00:00,""BZN|NO3"",""Without Sequence"",""24.32"","""","""""
"05/12/2024 19:00:00 - 05/12/2024 20:00:00,""BZN|NO3"",""Without Sequence"",""23.43"","""","""""
"05/12/2024 20:00:00 - 05/12/2024 21:00:00,""BZN|NO3"",""Without Sequence"",""23.29"","""","""""
"05/12/2024 21:00:00 - 05/12/2024 22:00:00,""BZN|NO3"",""Without Sequence"",""22.80"","""","""""
"05/12/2024 22:00:00 - 05/12/2024 23:00:00,""BZN|NO3"",""Without Sequence"",""7.89"","""","""""
"05/12/2024 23:00:00 - 06/12/2024 00:00:00,""BZN|NO3"",""Without Sequence"",""5.36"","""","""""
"06/12/2024 00:00:00 - 06/12/2024 01:00:00,""BZN|NO3"",""Without Sequence"",""8.78"","""","""""
"06/12/2024 01:00:00 - 06/12/2024 02:00:00,""BZN|NO3"",""Without Sequence"",""10.43"","""","""""
"06/12/2024 02:00:00 - 06/12/2024 03:00:00,""BZN|NO3"",""Without Sequence"",""8.91"","""","""""
"06/12/2024 03:00:00 - 06/12/2024 04:00:00,""BZN|NO3"",""Without Sequence"",""11.99"","""","""""
"06/12/2024 04:00:00 - 06/12/2024 05:00:00,""BZN|NO3"",""Without Sequence"",""11.56"","""","""""
"06/12/2024 05:00:00 - 06/12/2024 06:00:00,""BZN|NO3"",""Without Sequence"",""9.44"","""","""""
"06/12/2024 06:00:00 - 06/12/2024 07:00:00,""BZN|NO3"",""Without Sequence"",""22.92"","""","""""
"06/12/2024 07:00:00 - 06/12/2024 08:00:00,""BZN|NO3"",""Without Sequence"",""28.48"","""","""""
"06/12/2024 08:00:00 - 06/12/2024 09:00:00,""BZN|NO3"",""Without Sequence"",""37.82"","""","""""
"06/12/2024 09:00:00 - 06/12/2024 10:00:00,""BZN|NO3"",""Without Sequence"",""31.83"","""","""""
"06/12/2024 10:00:00 - 06/12/2024 11:00:00,""BZN|NO3"",""Without Sequence"",""32.02"","""","""""
"06/12/2024 11:00:00 - 06/12/2024 12:00:00,""BZN|NO3"",""Without Sequence"",""32.05"","""","""""
"06/12/2024 12:00:00 - 06/12/2024 13:00:00,""BZN|NO3"",""Without Sequence"",""37.85"","""","""""
"06/12/2024 13:00:00 - 06/12/2024 14:00:00,""BZN|NO3"",""Without Sequence"",""30.90"","""","""""
"06/12/2024 14:00:00 - 06/12/2024 15:00:00,""BZN|NO3"",""Without Sequence"",""31.15"","""","""""
"06/12/2024 15:00:00 - 06/12/2024 16:00:00,""BZN|NO3"",""Without Sequence"",""30.02"","""","""""
"06/12/2024 16:00:00 - 06/12/2024 17:00:00,""BZN|NO3"",""Without Sequence"",""33.74"","""","""""
"06/12/2024 17:00:00 - 06/12/2024 18:00:00,""BZN|NO3"",""Without Sequence"",""35.37"","""","""""
"06/12/2024 18:00:00 - 06/12/2024 19:00:00,""BZN|NO3"",""Without Sequence"",""36.04"","""","""""
"06/12/2024 19:00:00 - 06/12/2024 20:00:00,""BZN|NO3"",""Without Sequence"",""31.41"","""","""""
"06/12/2024 20:00:00 - 06/12/2024 21:00:00,""BZN|NO3"",""Without Sequence"",""29.52"","""","""""
"06/12/2024 21:00:00 - 06/12/2024 22:00:00,""BZN|NO3"",""Without Sequence"",""28.42"","""","""""
"06/12/2024 22:00:00 - 06/12/2024 23:00:00,""BZN|NO3"",""Without Sequence"",""20.62"","""","""""
"06/12/2024 23:00:00 - 07/12/2024 00:00:00,""BZN|NO3"",""Without Sequence"",""20.82"","""","""""
"07/12/2024 00:00:00 - 07/12/2024 01:00:00,""BZN|NO3"",""Without Sequence"",""19.81"","""","""""
"07/12/2024 01:00:00 - 07/12/2024 02:00:00,""BZN|NO3"",""Without Sequence"",""18.46"","""","""""
"07/12/2024 02:00:00 - 07/12/2024 03:00:00,""BZN|NO3"",""Without Sequence"",""17.85"","""","""""
"07/12/2024 03:00:00 - 07/12/2024 04:00:00,""BZN|NO3"",""Without Sequence"",""16.71"","""","""""
"07/12/2024 04:00:00 - 07/12/2024 05:00:00,""BZN|NO3"",""Without Sequence"",""16.91"","""","""""
"07/12/2024 05:00:00 - 07/12/2024 06:00:00,""BZN|NO3"",""Without Sequence"",""12.94"","""","""""
"07/12/2024 06:00:00 - 07/12/2024 07:00:00,""BZN|NO3"",""Without Sequence"",""14.93"","""","""""
"07/12/2024 07:00:00 - 07/12/2024 08:00:00,""BZN|NO3"",""Without Sequence"",""19.73"","""","""""
"07/12/2024 08:00:00 - 07/12/2024 09:00:00,""BZN|NO3"",""Without Sequence"",""22.37"","""","""""
"07/12/2024 09:00:00 - 07/12/2024 10:00:00,""BZN|NO3"",""Without Sequence"",""23.70"","""","""""
"07/12/2024 10:00:00 - 07/12/2024 11:00:00,""BZN|NO3"",""Without Sequence"",""32.01"","""","""""
"07/12/2024 11:00:00 - 07/12/2024 12:00:00,""BZN|NO3"",""Without Sequence"",""29.86"","""","""""
"07/12/2024 12:00:00 - 07/12/2024 13:00:00,""BZN|NO3"",""Without Sequence"",""25.99"","""","""""
"07/12/2024 13:00:00 - 07/12/2024 14:00:00,""BZN|NO3"",""Without Sequence"",""26.02"","""","""""
"07/12/2024 14:00:00 - 07/12/2024 15:00:00,""BZN|NO3"",""Without Sequence"",""26.81"","""","""""
"07/12/2024 15:00:00 - 07/12/2024 16:00:00,""BZN|NO3"",""Without Sequence"",""26.98"","""","""""
"07/12/2024 16:00:00 - 07/12/2024 17:00:00,""BZN|NO3"",""Without Sequence"",""28.22"","""","""""
"07/12/2024 17:00:00 - 07/12/2024 18:00:00,""BZN|NO3"",""Without Sequence"",""29.23"","""","""""
"07/12/2024 18:00:00 - 07/12/2024 19:00:00,""BZN|NO3"",""Without Sequence"",""28.93"","""","""""
"07/12/2024 19:00:00 - 07/12/2024 20:00:00,""BZN|NO3"",""Without Sequence"",""27.80"","""","""""
"07/12/2024 20:00:00 - 07/12/2024 21:00:00,""BZN|NO3"",""Without Sequence"",""29.47"","""","""""
"07/12/2024 21:00:00 - 07/12/2024 22:00:00,""BZN|NO3"",""Without Sequence"",""27.60"","""","""""
"07/12/2024 22:00:00 - 07/12/2024 23:00:00,""BZN|NO3"",""Without Sequence"",""24.00"","""","""""
"07/12/2024 23:00:00 - 08/12/2024 00:00:00,""BZN|NO3"",""Without Sequence"",""21.33"","""","""""
"08/12/2024 00:00:00 - 08/12/2024 01:00:00,""BZN|NO3"",""Without Sequence"",""21.21"","""","""""
"08/12/2024 01:00:00 - 08/12/2024 02:00:00,""BZN|NO3"",""Without Sequence"",""15.00"","""","""""
"08/12/2024 02:00:00 - 08/12/2024 03:00:00,""BZN|NO3"",""Without Sequence"",""14.16"","""","""""
"08/12/2024 03:00:00 - 08/12/2024 04:00:00,""BZN|NO3"",""Without Sequence"",""13.96"","""","""""
"08/12/2024 04:00:00 - 08/12/2024 05:00:00,""BZN|NO3"",""Without Sequence"",""13.92"","""","""""
"08/12/2024 05:00:00 - 08/12/2024 06:00:00,""BZN|NO3"",""Without Sequence"",""13.87"","""","""""
"08/12/2024 06:00:00 - 08/12/2024 07:00:00,""BZN|NO3"",""Without Sequence"",""14.45"","""","""""
"08/12/2024 07:00:00 - 08/12/2024 08:00:00,""BZN|NO3"",""Without Sequence"",""16.24"","""","""""
"08/12/2024 08:00:00 - 08/12/2024 09:00:00,""BZN|NO3"",""Without Sequence"",""15.50"","""","""""
"08/12/2024 09:00:00 - 08/12/2024 10:00:00,""BZN|NO3"",""Without Sequence"",""17.31"","""","""""
"08/12/2024 10:00:00 - 08/12/2024 11:00:00,""BZN|NO3"",""Without Sequence"",""14.66"","""","""""
"08/12/2024 11:00:00 - 08/12/2024 12:00:00,""BZN|NO3"",""Without Sequence"",""14.23"","""","""""
"08/12/2024 12:00:00 - 08/12/2024 13:00:00,""BZN|NO3"",""Without Sequence"",""15.01"","""","""""
"08/12/2024 13:00:00 - 08/12/2024 14:00:00,""BZN|NO3"",""Without Sequence"",""18.93"","""","""""
"08/12/2024 14:00:00 - 08/12/2024 15:00:00,""BZN|NO3"",""Without Sequence"",""19.59"","""","""""
"08/12/2024 15:00:00 - 08/12/2024 16:00:00,""BZN|NO3"",""Without Sequence"",""25.85"","""","""""
"08/12/2024 16:00:00 - 08/12/2024 17:00:00,""BZN|NO3"",""Without Sequence"",""28.49"","""","""""
"08/12/2024 17:00:00 - 08/12/2024 18:00:00,""BZN|NO3"",""Without Sequence"",""23.97"","""","""""
"08/12/2024 18:00:00 - 08/12/2024 19:00:00,""BZN|NO3"",""Without Sequence"",""30.54"","""","""""
"08/12/2024 19:00:00 - 08/12/2024 20:00:00,""BZN|NO3"",""Without Sequence"",""24.70"","""","""""
"08/12/2024 20:00:00 - 08/12/2024 21:00:00,""BZN|NO3"",""Without Sequence"",""23.47"","""","""""
"08/12/2024 21:00:00 - 08/12/2024 22:00:00,""BZN|NO3"",""Without Sequence"",""23.66"","""","""""
"08/12/2024 22:00:00 - 08/12/2024 23:00:00,""BZN|NO3"",""Without Sequence"",""23.60"","""","""""
"08/12/2024 23:00:00 - 09/12/2024 00:00:00,""BZN|NO3"",""Without Sequence"",""15.81"","""","""""
"09/12/2024 00:00:00 - 09/12/2024 01:00:00,""BZN|NO3"",""Without Sequence"",""16.45"","""","""""
"09/12/2024 01:00:00 - 09/12/2024 02:00:00,""BZN|NO3"",""Without Sequence"",""18.71"","""","""""
"09/12/2024 02:00:00 - 09/12/2024 03:00:00,""BZN|NO3"",""Without Sequence"",""17.63"","""","""""
"09/12/2024 03:00:00 - 09/12/2024 04:00:00,""BZN|NO3"",""Without Sequence"",""14.99"","""","""""
"09/12/2024 04:00:00 - 09/12/2024 05:00:00,""BZN|NO3"",""Without Sequence"",""17.07"","""","""""
"09/12/2024 05:00:00 - 09/12/2024 06:00:00,""BZN|NO3"",""Without Sequence"",""18.76"","""","""""
"09/12/2024 06:00:00 - 09/12/2024 07:00:00,""BZN|NO3"",""Without Sequence"",""23.54"","""","""""
"09/12/2024 07:00:00 - 09/12/2024 08:00:00,""BZN|NO3"",""Without Sequence"",""28.57"","""","""""
"09/12/2024 08:00:00 - 09/12/2024 09:00:00,""BZN|NO3"",""Without Sequence"",""32.43"","""","""""
"09/12/2024 09:00:00 - 09/12/2024 10:00:00,""BZN|NO3"",""Without Sequence"",""27.18"","""","""""
"09/12/2024 10:00:00 - 09/12/2024 11:00:00,""BZN|NO3"",""Without Sequence"",""29.42"","""","""""
"09/12/2024 11:00:00 - 09/12/2024 12:00:00,""BZN|NO3"",""Without Sequence"",""23.66"","""","""""
"09/12/2024 12:00:00 - 09/12/2024 13:00:00,""BZN|NO3"",""Without Sequence"",""22.53"","""","""""
"09/12/2024 13:00:00 - 09/12/2024 14:00:00,""BZN|NO3"",""Without Sequence"",""23.63"","""","""""
"09/12/2024 14:00:00 - 09/12/2024 15:00:00,""BZN|NO3"",""Without Sequence"",""31.40"","""","""""
"09/12/2024 15:00:00 - 09/12/2024 16:00:00,""BZN|NO3"",""Without Sequence"",""37.55"","""","""""
"09/12/2024 16:00:00 - 09/12/2024 17:00:00,""BZN|NO3"",""Without Sequence"",""38.09"","""","""""
"09/12/2024 17:00:00 - 09/12/2024 18:00:00,""BZN|NO3"",""Without Sequence"",""32.04"","""","""""
"09/12/2024 18:00:00 - 09/12/2024 19:00:00,""BZN|NO3"",""Without Sequence"",""29.40"","""","""""
"09/12/2024 19:00:00 - 09/12/2024 20:00:00,""BZN|NO3"",""Without Sequence"",""21.49"","""","""""
"09/12/2024 20:00:00 - 09/12/2024 21:00:00,""BZN|NO3"",""Without Sequence"",""18.31"","""","""""
"09/12/2024 21:00:00 - 09/12/2024 22:00:00,""BZN|NO3"",""Without Sequence"",""15.24"","""","""""
"09/12/2024 22:00:00 - 09/12/2024 23:00:00,""BZN|NO3"",""Without Sequence"",""14.91"","""","""""
"09/12/2024 23:00:00 - 10/12/2024 00:00:00,""BZN|NO3"",""Without Sequence"",""12.70"","""","""""
"10/12/2024 00:00:00 - 10/12/2024 01:00:00,""BZN|NO3"",""Without Sequence"",""17.39"","""","""""
"10/12/2024 01:00:00 - 10/12/2024 02:00:00,""BZN|NO3"",""Without Sequence"",""22.64"","""","""""
"10/12/2024 02:00:00 - 10/12/2024 03:00:00,""BZN|NO3"",""Without Sequence"",""22.66"","""","""""
"10/12/2024 03:00:00 - 10/12/2024 04:00:00,""BZN|NO3"",""Without Sequence"",""22.91"","""","""""
"10/12/2024 04:00:00 - 10/12/2024 05:00:00,""BZN|NO3"",""Without Sequence"",""23.34"","""","""""
"10/12/2024 05:00:00 - 10/12/2024 06:00:00,""BZN|NO3"",""Without Sequence"",""26.09"","""","""""
"10/12/2024 06:00:00 - 10/12/2024 07:00:00,""BZN|NO3"",""Without Sequence"",""32.95"","""","""""
"10/12/2024 07:00:00 - 10/12/2024 08:00:00,""BZN|NO3"",""Without Sequence"",""38.66"","""","""""
"10/12/2024 08:00:00 - 10/12/2024 09:00:00,""BZN|NO3"",""Without Sequence"",""59.69"","""","""""
"10/12/2024 09:00:00 - 10/12/2024 10:00:00,""BZN|NO3"",""Without Sequence"",""40.56"","""","""""
"10/12/2024 10:00:00 - 10/12/2024 11:00:00,""BZN|NO3"",""Without Sequence"",""48.06"","""","""""
"10/12/2024 11:00:00 - 10/12/2024 12:00:00,""BZN|NO3"",""Without Sequence"",""46.97"","""","""""
"10/12/2024 12:00:00 - 10/12/2024 13:00:00,""BZN|NO3"",""Without Sequence"",""64.45"","""","""""
"10/12/2024 13:00:00 - 10/12/2024 14:00:00,""BZN|NO3"",""Without Sequence"",""63.36"","""","""""
"10/12/2024 14:00:00 - 10/12/2024 15:00:00,""BZN|NO3"",""Without Sequence"",""40.02"","""","""""
"10/12/2024 15:00:00 - 10/12/2024 16:00:00,""BZN|NO3"",""Without Sequence"",""34.84"","""","""""
"10/12/2024 16:00:00 - 10/12/2024 17:00:00,""BZN|NO3"",""Without Sequence"",""31.31"","""","""""
"10/12/2024 17:00:00 - 10/12/2024 18:00:00,""BZN|NO3"",""Without Sequence"",""61.97"","""","""""
"10/12/2024 18:00:00 - 10/12/2024 19:00:00,""BZN|NO3"",""Without Sequence"",""52.03"","""","""""
"10/12/2024 19:00:00 - 10/12/2024 20:00:00,""BZN|NO3"",""Without Sequence"",""44.95"","""","""""
"10/12/2024 20:00:00 - 10/12/2024 21:00:00,""BZN|NO3"",""Without Sequence"",""35.76"","""","""""
"10/12/2024 21:00:00 - 10/12/2024 22:00:00,""BZN|NO3"",""Without Sequence"",""32.01"","""","""""
"10/12/2024 22:00:00 - 10/12/2024 23:00:00,""BZN|NO3"",""Without Sequence"",""27.27"","""","""""
"10/12/2024 23:00:00 - 11/12/2024 00:00:00,""BZN|NO3"",""Without Sequence"",""24.74"","""","""""
"11/12/2024 00:00:00 - 11/12/2024 01:00:00,""BZN|NO3"",""Without Sequence"",""24.52"","""","""""
"11/12/2024 01:00:00 - 11/12/2024 02:00:00,""BZN|NO3"",""Without Sequence"",""22.69"","""","""""
"11/12/2024 02:00:00 - 11/12/2024 03:00:00,""BZN|NO3"",""Without Sequence"",""22.00"","""","""""
"11/12/2024 03:00:00 - 11/12/2024 04:00:00,""BZN|NO3"",""Without Sequence"",""22.08"","""","""""
"11/12/2024 04:00:00 - 11/12/2024 05:00:00,""BZN|NO3"",""Without Sequence"",""22.34"","""","""""
"11/12/2024 05:00:00 - 11/12/2024 06:00:00,""BZN|NO3"",""Without Sequence"",""24.30"","""","""""
"11/12/2024 06:00:00 - 11/12/2024 07:00:00,""BZN|NO3"",""Without Sequence"",""32.08"","""","""""
"11/12/2024 07:00:00 - 11/12/2024 08:00:00,""BZN|NO3"",""Without Sequence"",""79.26"","""","""""
"11/12/2024 08:00:00 - 11/12/2024 09:00:00,""BZN|NO3"",""Without Sequence"",""125.58"","""","""""
"11/12/2024 09:00:00 - 11/12/2024 10:00:00,""BZN|NO3"",""Without Sequence"",""141.02"","""","""""
"11/12/2024 10:00:00 - 11/12/2024 11:00:00,""BZN|NO3"",""Without Sequence"",""134.04"","""","""""
"11/12/2024 11:00:00 - 11/12/2024 12:00:00,""BZN|NO3"",""Without Sequence"",""110.35"","""","""""
"11/12/2024 12:00:00 - 11/12/2024 13:00:00,""BZN|NO3"",""Without Sequence"",""109.95"","""","""""
"11/12/2024 13:00:00 - 11/12/2024 14:00:00,""BZN|NO3"",""Without Sequence"",""104.12"","""","""""
"11/12/2024 14:00:00 - 11/12/2024 15:00:00,""BZN|NO3"",""Without Sequence"",""129.51"","""","""""
"11/12/2024 15:00:00 - 11/12/2024 16:00:00,""BZN|NO3"",""Without Sequence"",""129.95"","""","""""
"11/12/2024 16:00:00 - 11/12/2024 17:00:00,""BZN|NO3"",""Without Sequence"",""152.47"","""","""""
"11/12/2024 17:00:00 - 11/12/2024 18:00:00,""BZN|NO3"",""Without Sequence"",""154.94"","""","""""
"11/12/2024 18:00:00 - 11/12/2024 19:00:00,""BZN|NO3"",""Without Sequence"",""74.97"","""","""""
"11/12/2024 19:00:00 - 11/12/2024 20:00:00,""BZN|NO3"",""Without Sequence"",""60.02"","""","""""
"11/12/2024 20:00:00 - 11/12/2024 21:00:00,""BZN|NO3"",""Without Sequence"",""42.44"","""","""""
"11/12/2024 21:00:00 - 11/12/2024 22:00:00,""BZN|NO3"",""Without Sequence"",""38.27"","""","""""
"11/12/2024 22:00:00 - 11/12/2024 23:00:00,""BZN|NO3"",""Without Sequence"",""35.73"","""","""""
"11/12/2024 23:00:00 - 12/12/2024 00:00:00,""BZN|NO3"",""Without Sequence"",""33.35"","""","""""
"12/12/2024 00:00:00 - 12/12/2024 01:00:00,""BZN|NO3"",""Without Sequence"",""32.65"","""","""""
"12/12/2024 01:00:00 - 12/12/2024 02:00:00,""BZN|NO3"",""Without Sequence"",""29.63"","""","""""
"12/12/2024 02:00:00 - 12/12/2024 03:00:00,""BZN|NO3"",""Without Sequence"",""28.98"","""","""""
"12/12/2024 03:00:00 - 12/12/2024 04:00:00,""BZN|NO3"",""Without Sequence"",""28.72"","""","""""
"12/12/2024 04:00:00 - 12/12/2024 05:00:00,""BZN|NO3"",""Without Sequence"",""29.25"","""","""""
"12/12/2024 05:00:00 - 12/12/2024 06:00:00,""BZN|NO3"",""Without Sequence"",""31.27"","""","""""
"12/12/2024 06:00:00 - 12/12/2024 07:00:00,""BZN|NO3"",""Without Sequence"",""37.68"","""","""""
"12/12/2024 07:00:00 - 12/12/2024 08:00:00,""BZN|NO3"",""Without Sequence"",""188.29"","""","""""
"12/12/2024 08:00:00 - 12/12/2024 09:00:00,""BZN|NO3"",""Without Sequence"",""192.57"","""","""""
"12/12/2024 09:00:00 - 12/12/2024 10:00:00,""BZN|NO3"",""Without Sequence"",""152.98"","""","""""
"12/12/2024 10:00:00 - 12/12/2024 11:00:00,""BZN|NO3"",""Without Sequence"",""105.83"","""","""""
"12/12/2024 11:00:00 - 12/12/2024 12:00:00,""BZN|NO3"",""Without Sequence"",""81.63"","""","""""
"12/12/2024 12:00:00 - 12/12/2024 13:00:00,""BZN|NO3"",""Without Sequence"",""74.45"","""","""""
"12/12/2024 13:00:00 - 12/12/2024 14:00:00,""BZN|NO3"",""Without Sequence"",""72.17"","""","""""
"12/12/2024 14:00:00 - 12/12/2024 15:00:00,""BZN|NO3"",""Without Sequence"",""74.18"","""","""""
"12/12/2024 15:00:00 - 12/12/2024 16:00:00,""BZN|NO3"",""Without Sequence"",""96.15"","""","""""
"12/12/2024 16:00:00 - 12/12/2024 17:00:00,""BZN|NO3"",""Without Sequence"",""149.93"","""","""""
"12/12/2024 17:00:00 - 12/12/2024 18:00:00,""BZN|NO3"",""Without Sequence"",""112.84"","""","""""
"12/12/2024 18:00:00 - 12/12/2024 19:00:00,""BZN|NO3"",""Without Sequence"",""84.67"","""","""""
"12/12/2024 19:00:00 - 12/12/2024 20:00:00,""BZN|NO3"",""Without Sequence"",""71.58"","""","""""
"12/12/2024 20:00:00 - 12/12/2024 21:00:00,""BZN|NO3"",""Without Sequence"",""39.06"","""","""""
"12/12/2024 21:00:00 - 12/12/2024 22:00:00,""BZN|NO3"",""Without Sequence"",""40.56"","""","""""
"12/12/2024 22:00:00 - 12/12/2024 23:00:00,""BZN|NO3"",""Without Sequence"",""38.67"","""","""""
"12/12/2024 23:00:00 - 13/12/2024 00:00:00,""BZN|NO3"",""Without Sequence"",""29.08"","""","""""
"13/12/2024 00:00:00 - 13/12/2024 01:00:00,""BZN|NO3"",""Without Sequence"",""17.09"","""","""""
"13/12/2024 01:00:00 - 13/12/2024 02:00:00,""BZN|NO3"",""Without Sequence"",""14.73"","""","""""
"13/12/2024 02:00:00 - 13/12/2024 03:00:00,""BZN|NO3"",""Without Sequence"",""13.34"","""","""""
"13/12/2024 03:00:00 - 13/12/2024 04:00:00,""BZN|NO3"",""Without Sequence"",""13.23"","""","""""
"13/12/2024 04:00:00 - 13/12/2024 05:00:00,""BZN|NO3"",""Without Sequence"",""13.65"","""","""""
"13/12/2024 05:00:00 - 13/12/2024 06:00:00,""BZN|NO3"",""Without Sequence"",""20.88"","""","""""
"13/12/2024 06:00:00 - 13/12/2024 07:00:00,""BZN|NO3"",""Without Sequence"",""22.52"","""","""""
"13/12/2024 07:00:00 - 13/12/2024 08:00:00,""BZN|NO3"",""Without Sequence"",""25.06"","""","""""
"13/12/2024 08:00:00 - 13/12/2024 09:00:00,""BZN|NO3"",""Without Sequence"",""39.98"","""","""""
"13/12/2024 09:00:00 - 13/12/2024 10:00:00,""BZN|NO3"",""Without Sequence"",""27.05"","""","""""
"13/12/2024 10:00:00 - 13/12/2024 11:00:00,""BZN|NO3"",""Without Sequence"",""27.06"","""","""""
"13/12/2024 11:00:00 - 13/12/2024 12:00:00,""BZN|NO3"",""Without Sequence"",""25.79"","""","""""
"13/12/2024 12:00:00 - 13/12/2024 13:00:00,""BZN|NO3"",""Without Sequence"",""27.49"","""","""""
"13/12/2024 13:00:00 - 13/12/2024 14:00:00,""BZN|NO3"",""Without Sequence"",""27.05"","""","""""
"13/12/2024 14:00:00 - 13/12/2024 15:00:00,""BZN|NO3"",""Without Sequence"",""25.43"","""","""""
"13/12/2024 15:00:00 - 13/12/2024 16:00:00,""BZN|NO3"",""Without Sequence"",""45.42"","""","""""
"13/12/2024 16:00:00 - 13/12/2024 17:00:00,""BZN|NO3"",""Without Sequence"",""37.07"","""","""""
"13/12/2024 17:00:00 - 13/12/2024 18:00:00,""BZN|NO3"",""Without Sequence"",""37.58"","""","""""
"13/12/2024 18:00:00 - 13/12/2024 19:00:00,""BZN|NO3"",""Without Sequence"",""28.23"","""","""""
"13/12/2024 19:00:00 - 13/12/2024 20:00:00,""BZN|NO3"",""Without Sequence"",""25.73"","""","""""
"13/12/2024 20:00:00 - 13/12/2024 21:00:00,""BZN|NO3"",""Without Sequence"",""18.86"","""","""""
"13/12/2024 21:00:00 - 13/12/2024 22:00:00,""BZN|NO3"",""Without Sequence"",""15.52"","""","""""
"13/12/2024 22:00:00 - 13/12/2024 23:00:00,""BZN|NO3"",""Without Sequence"",""14.74"","""","""""
"13/12/2024 23:00:00 - 14/12/2024 00:00:00,""BZN|NO3"",""Without Sequence"",""12.40"","""","""""
"14/12/2024 00:00:00 - 14/12/2024 01:00:00,""BZN|NO3"",""Without Sequence"",""14.58"","""","""""
"14/12/2024 01:00:00 - 14/12/2024 02:00:00,""BZN|NO3"",""Without Sequence"",""11.80"","""","""""
"14/12/2024 02:00:00 - 14/12/2024 03:00:00,""BZN|NO3"",""Without Sequence"",""11.27"","""","""""
"14/12/2024 03:00:00 - 14/12/2024 04:00:00,""BZN|NO3"",""Without Sequence"",""8.53"","""","""""
"14/12/2024 04:00:00 - 14/12/2024 05:00:00,""BZN|NO3"",""Without Sequence"",""7.79"","""","""""
"14/12/2024 05:00:00 - 14/12/2024 06:00:00,""BZN|NO3"",""Without Sequence"",""8.00"","""","""""
"14/12/2024 06:00:00 - 14/12/2024 07:00:00,""BZN|NO3"",""Without Sequence"",""8.57"","""","""""
"14/12/2024 07:00:00 - 14/12/2024 08:00:00,""BZN|NO3"",""Without Sequence"",""8.40"","""","""""
"14/12/2024 08:00:00 - 14/12/2024 09:00:00,""BZN|NO3"",""Without Sequence"",""11.31"","""","""""
"14/12/2024 09:00:00 - 14/12/2024 10:00:00,""BZN|NO3"",""Without Sequence"",""11.78"","""","""""
"14/12/2024 10:00:00 - 14/12/2024 11:00:00,""BZN|NO3"",""Without Sequence"",""12.17"","""","""""
"14/12/2024 11:00:00 - 14/12/2024 12:00:00,""BZN|NO3"",""Without Sequence"",""11.76"","""","""""
"14/12/2024 12:00:00 - 14/12/2024 13:00:00,""BZN|NO3"",""Without Sequence"",""11.81"","""","""""
"14/12/2024 13:00:00 - 14/12/2024 14:00:00,""BZN|NO3"",""Without Sequence"",""11.50"","""","""""
"14/12/2024 14:00:00 - 14/12/2024 15:00:00,""BZN|NO3"",""Without Sequence"",""11.00"","""","""""
"14/12/2024 15:00:00 - 14/12/2024 16:00:00,""BZN|NO3"",""Without Sequence"",""11.82"","""","""""
"14/12/2024 16:00:00 - 14/12/2024 17:00:00,""BZN|NO3"",""Without Sequence"",""12.93"","""","""""
"14/12/2024 17:00:00 - 14/12/2024 18:00:00,""BZN|NO3"",""Without Sequence"",""12.22"","""","""""
"14/12/2024 18:00:00 - 14/12/2024 19:00:00,""BZN|NO3"",""Without Sequence"",""12.25"","""","""""
"14/12/2024 19:00:00 - 14/12/2024 20:00:00,""BZN|NO3"",""Without Sequence"",""14.49"","""","""""
"14/12/2024 20:00:00 - 14/12/2024 21:00:00,""BZN|NO3"",""Without Sequence"",""15.46"","""","""""
"14/12/2024 21:00:00 - 14/12/2024 22:00:00,""BZN|NO3"",""Without Sequence"",""15.66"","""","""""
"14/12/2024 22:00:00 - 14/12/2024 23:00:00,""BZN|NO3"",""Without Sequence"",""15.94"","""","""""
"14/12/2024 23:00:00 - 15/12/2024 00:00:00,""BZN|NO3"",""Without Sequence"",""16.25"","""","""""
"15/12/2024 00:00:00 - 15/12/2024 01:00:00,""BZN|NO3"",""Without Sequence"",""13.51"","""","""""
"15/12/2024 01:00:00 - 15/12/2024 02:00:00,""BZN|NO3"",""Without Sequence"",""10.58"","""","""""
"15/12/2024 02:00:00 - 15/12/2024 03:00:00,""BZN|NO3"",""Without Sequence"",""10.00"","""","""""
"15/12/2024 03:00:00 - 15/12/2024 04:00:00,""BZN|NO3"",""Without Sequence"",""9.00"","""","""""
"15/12/2024 04:00:00 - 15/12/2024 05:00:00,""BZN|NO3"",""Without Sequence"",""9.20"","""","""""
"15/12/2024 05:00:00 - 15/12/2024 06:00:00,""BZN|NO3"",""Without Sequence"",""6.08"","""","""""
"15/12/2024 06:00:00 - 15/12/2024 07:00:00,""BZN|NO3"",""Without Sequence"",""8.21"","""","""""
"15/12/2024 07:00:00 - 15/12/2024 08:00:00,""BZN|NO3"",""Without Sequence"",""10.10"","""","""""
"15/12/2024 08:00:00 - 15/12/2024 09:00:00,""BZN|NO3"",""Without Sequence"",""11.44"","""","""""
"15/12/2024 09:00:00 - 15/12/2024 10:00:00,""BZN|NO3"",""Without Sequence"",""17.13"","""","""""
"15/12/2024 10:00:00 - 15/12/2024 11:00:00,""BZN|NO3"",""Without Sequence"",""15.31"","""","""""
"15/12/2024 11:00:00 - 15/12/2024 12:00:00,""BZN|NO3"",""Without Sequence"",""10.75"","""","""""
"15/12/2024 12:00:00 - 15/12/2024 13:00:00,""BZN|NO3"",""Without Sequence"",""10.02"","""","""""
"15/12/2024 13:00:00 - 15/12/2024 14:00:00,""BZN|NO3"",""Without Sequence"",""8.57"","""","""""
"15/12/2024 14:00:00 - 15/12/2024 15:00:00,""BZN|NO3"",""Without Sequence"",""6.81"","""","""""
"15/12/2024 15:00:00 - 15/12/2024 16:00:00,""BZN|NO3"",""Without Sequence"",""8.12"","""","""""
"15/12/2024 16:00:00 - 15/12/2024 17:00:00,""BZN|NO3"",""Without Sequence"",""10.47"","""","""""
"15/12/2024 17:00:00 - 15/12/2024 18:00:00,""BZN|NO3"",""Without Sequence"",""9.03"","""","""""
"15/12/2024 18:00:00 - 15/12/2024 19:00:00,""BZN|NO3"",""Without Sequence"",""8.06"","""","""""
"15/12/2024 19:00:00 - 15/12/2024 20:00:00,""BZN|NO3"",""Without Sequence"",""8.26"","""","""""
"15/12/2024 20:00:00 - 15/12/2024 21:00:00,""BZN|NO3"",""Without Sequence"",""8.08"","""","""""
"15/12/2024 21:00:00 - 15/12/2024 22:00:00,""BZN|NO3"",""Without Sequence"",""7.76"","""","""""
"15/12/2024 22:00:00 - 15/12/2024 23:00:00,""BZN|NO3"",""Without Sequence"",""7.56"","""","""""
"15/12/2024 23:00:00 - 16/12/2024 00:00:00,""BZN|NO3"",""Without Sequence"",""2.41"","""","""""
"16/12/2024 00:00:00 - 16/12/2024 01:00:00,""BZN|NO3"",""Without Sequence"",""1.37"","""","""""
"16/12/2024 01:00:00 - 16/12/2024 02:00:00,""BZN|NO3"",""Without Sequence"",""1.01"","""","""""
"16/12/2024 02:00:00 - 16/12/2024 03:00:00,""BZN|NO3"",""Without Sequence"",""0.92"","""","""""
"16/12/2024 03:00:00 - 16/12/2024 04:00:00,""BZN|NO3"",""Without Sequence"",""0.91"","""","""""
"16/12/2024 04:00:00 - 16/12/2024 05:00:00,""BZN|NO3"",""Without Sequence"",""0.91"","""","""""
"16/12/2024 05:00:00 - 16/12/2024 06:00:00,""BZN|NO3"",""Without Sequence"",""2.18"","""","""""
"16/12/2024 06:00:00 - 16/12/2024 07:00:00,""BZN|NO3"",""Without Sequence"",""7.42"","""","""""
"16/12/2024 07:00:00 - 16/12/2024 08:00:00,""BZN|NO3"",""Without Sequence"",""10.54"","""","""""
"16/12/2024 08:00:00 - 16/12/2024 09:00:00,""BZN|NO3"",""Without Sequence"",""10.58"","""","""""
"16/12/2024 09:00:00 - 16/12/2024 10:00:00,""BZN|NO3"",""Without Sequence"",""10.23"","""","""""
"16/12/2024 10:00:00 - 16/12/2024 11:00:00,""BZN|NO3"",""Without Sequence"",""10.17"","""","""""
"16/12/2024 11:00:00 - 16/12/2024 12:00:00,""BZN|NO3"",""Without Sequence"",""8.42"","""","""""
"16/12/2024 12:00:00 - 16/12/2024 13:00:00,""BZN|NO3"",""Without Sequence"",""7.66"","""","""""
"16/12/2024 13:00:00 - 16/12/2024 14:00:00,""BZN|NO3"",""Without Sequence"",""7.36"","""","""""
"16/12/2024 14:00:00 - 16/12/2024 15:00:00,""BZN|NO3"",""Without Sequence"",""8.00"","""","""""
"16/12/2024 15:00:00 - 16/12/2024 16:00:00,""BZN|NO3"",""Without Sequence"",""10.30"","""","""""
"16/12/2024 16:00:00 - 16/12/2024 17:00:00,""BZN|NO3"",""Without Sequence"",""9.33"","""","""""
"16/12/2024 17:00:00 - 16/12/2024 18:00:00,""BZN|NO3"",""Without Sequence"",""8.41"","""","""""
"16/12/2024 18:00:00 - 16/12/2024 19:00:00,""BZN|NO3"",""Without Sequence"",""9.33"","""","""""
"16/12/2024 19:00:00 - 16/12/2024 20:00:00,""BZN|NO3"",""Without Sequence"",""8.52"","""","""""
"16/12/2024 20:00:00 - 16/12/2024 21:00:00,""BZN|NO3"",""Without Sequence"",""9.16"","""","""""
"16/12/2024 21:00:00 - 16/12/2024 22:00:00,""BZN|NO3"",""Without Sequence"",""7.85"","""","""""
"16/12/2024 22:00:00 - 16/12/2024 23:00:00,""BZN|NO3"",""Without Sequence"",""9.04"","""","""""
"16/12/2024 23:00:00 - 17/12/2024 00:00:00,""BZN|NO3"",""Without Sequence"",""9.93"","""","""""
"17/12/2024 00:00:00 - 17/12/2024 01:00:00,""BZN|NO3"",""Without Sequence"",""11.23"","""","""""
"17/12/2024 01:00:00 - 17/12/2024 02:00:00,""BZN|NO3"",""Without Sequence"",""10.93"","""","""""
"17/12/2024 02:00:00 - 17/12/2024 03:00:00,""BZN|NO3"",""Without Sequence"",""10.69"","""","""""
"17/12/2024 03:00:00 - 17/12/2024 04:00:00,""BZN|NO3"",""Without Sequence"",""11.84"","""","""""
"17/12/2024 04:00:00 - 17/12/2024 05:00:00,""BZN|NO3"",""Without Sequence"",""12.72"","""","""""
"17/12/2024 05:00:00 - 17/12/2024 06:00:00,""BZN|NO3"",""Without Sequence"",""9.38"","""","""""
"17/12/2024 06:00:00 - 17/12/2024 07:00:00,""BZN|NO3"",""Without Sequence"",""8.84"","""","""""
"17/12/2024 07:00:00 - 17/12/2024 08:00:00,""BZN|NO3"",""Without Sequence"",""13.00"","""","""""
"17/12/2024 08:00:00 - 17/12/2024 09:00:00,""BZN|NO3"",""Without Sequence"",""15.25"","""","""""
"17/12/2024 09:00:00 - 17/12/2024 10:00:00,""BZN|NO3"",""Without Sequence"",""18.81"","""","""""
"17/12/2024 10:00:00 - 17/12/2024 11:00:00,""BZN|NO3"",""Without Sequence"",""17.20"","""","""""
"17/12/2024 11:00:00 - 17/12/2024 12:00:00,""BZN|NO3"",""Without Sequence"",""16.63"","""","""""
"17/12/2024 12:00:00 - 17/12/2024 13:00:00,""BZN|NO3"",""Without Sequence"",""23.06"","""","""""
"17/12/2024 13:00:00 - 17/12/2024 14:00:00,""BZN|NO3"",""Without Sequence"",""23.58"","""","""""
"17/12/2024 14:00:00 - 17/12/2024 15:00:00,""BZN|NO3"",""Without Sequence"",""29.13"","""","""""
"17/12/2024 15:00:00 - 17/12/2024 16:00:00,""BZN|NO3"",""Without Sequence"",""23.52"","""","""""
"17/12/2024 16:00:00 - 17/12/2024 17:00:00,""BZN|NO3"",""Without Sequence"",""31.66"","""","""""
"17/12/2024 17:00:00 - 17/12/2024 18:00:00,""BZN|NO3"",""Without Sequence"",""36.03"","""","""""
"17/12/2024 18:00:00 - 17/12/2024 19:00:00,""BZN|NO3"",""Without Sequence"",""31.49"","""","""""
"17/12/2024 19:00:00 - 17/12/2024 20:00:00,""BZN|NO3"",""Without Sequence"",""30.47"","""","""""
"17/12/2024 20:00:00 - 17/12/2024 21:00:00,""BZN|NO3"",""Without Sequence"",""32.98"","""","""""
"17/12/2024 21:00:00 - 17/12/2024 22:00:00,""BZN|NO3"",""Without Sequence"",""29.65"","""","""""
"17/12/2024 22:00:00 - 17/12/2024 23:00:00,""BZN|NO3"",""Without Sequence"",""27.75"","""","""""
"17/12/2024 23:00:00 - 18/12/2024 00:00:00,""BZN|NO3"",""Without Sequence"",""25.10"","""","""""
"18/12/2024 00:00:00 - 18/12/2024 01:00:00,""BZN|NO3"",""Without Sequence"",""23.15"","""","""""
"18/12/2024 01:00:00 - 18/12/2024 02:00:00,""BZN|NO3"",""Without Sequence"",""21.91"","""","""""
"18/12/2024 02:00:00 - 18/12/2024 03:00:00,""BZN|NO3"",""Without Sequence"",""21.10"","""","""""
"18/12/2024 03:00:00 - 18/12/2024 04:00:00,""BZN|NO3"",""Without Sequence"",""19.28"","""","""""
"18/12/2024 04:00:00 - 18/12/2024 05:00:00,""BZN|NO3"",""Without Sequence"",""18.33"","""","""""
"18/12/2024 05:00:00 - 18/12/2024 06:00:00,""BZN|NO3"",""Without Sequence"",""19.06"","""","""""
"18/12/2024 06:00:00 - 18/12/2024 07:00:00,""BZN|NO3"",""Without Sequence"",""21.54"","""","""""
"18/12/2024 07:00:00 - 18/12/2024 08:00:00,""BZN|NO3"",""Without Sequence"",""22.28"","""","""""
"18/12/2024 08:00:00 - 18/12/2024 09:00:00,""BZN|NO3"",""Without Sequence"",""21.65"","""","""""
"18/12/2024 09:00:00 - 18/12/2024 10:00:00,""BZN|NO3"",""Without Sequence"",""20.11"","""","""""
"18/12/2024 10:00:00 - 18/12/2024 11:00:00,""BZN|NO3"",""Without Sequence"",""16.96"","""","""""
"18/12/2024 11:00:00 - 18/12/2024 12:00:00,""BZN|NO3"",""Without Sequence"",""13.54"","""","""""
"18/12/2024 12:00:00 - 18/12/2024 13:00:00,""BZN|NO3"",""Without Sequence"",""12.48"","""","""""
"18/12/2024 13:00:00 - 18/12/2024 14:00:00,""BZN|NO3"",""Without Sequence"",""12.34"","""","""""
"18/12/2024 14:00:00 - 18/12/2024 15:00:00,""BZN|NO3"",""Without Sequence"",""9.83"","""","""""
"18/12/2024 15:00:00 - 18/12/2024 16:00:00,""BZN|NO3"",""Without Sequence"",""9.85"","""","""""
"18/12/2024 16:00:00 - 18/12/2024 17:00:00,""BZN|NO3"",""Without Sequence"",""9.49"","""","""""
"18/12/2024 17:00:00 - 18/12/2024 18:00:00,""BZN|NO3"",""Without Sequence"",""11.07"","""","""""
"18/12/2024 18:00:00 - 18/12/2024 19:00:00,""BZN|NO3"",""Without Sequence"",""9.36"","""","""""
"18/12/2024 19:00:00 - 18/12/2024 20:00:00,""BZN|NO3"",""Without Sequence"",""3.98"","""","""""
"18/12/2024 20:00:00 - 18/12/2024 21:00:00,""BZN|NO3"",""Without Sequence"",""6.95"","""","""""
"18/12/2024 21:00:00 - 18/12/2024 22:00:00,""BZN|NO3"",""Without Sequence"",""9.27"","""","""""
"18/12/2024 22:00:00 - 18/12/2024 23:00:00,""BZN|NO3"",""Without Sequence"",""10.67"","""","""""
"18/12/2024 23:00:00 - 19/12/2024 00:00:00,""BZN|NO3"",""Without Sequence"",""10.65"","""","""""
"19/12/2024 00:00:00 - 19/12/2024 01:00:00,""BZN|NO3"",""Without Sequence"",""9.58"","""","""""
"19/12/2024 01:00:00 - 19/12/2024 02:00:00,""BZN|NO3"",""Without Sequence"",""7.28"","""","""""
"19/12/2024 02:00:00 - 19/12/2024 03:00:00,""BZN|NO3"",""Without Sequence"",""4.74"","""","""""
"19/12/2024 03:00:00 - 19/12/2024 04:00:00,""BZN|NO3"",""Without Sequence"",""3.28"","""","""""
"19/12/2024 04:00:00 - 19/12/2024 05:00:00,""BZN|NO3"",""Without Sequence"",""4.34"","""","""""
"19/12/2024 05:00:00 - 19/12/2024 06:00:00,""BZN|NO3"",""Without Sequence"",""8.95"","""","""""
"19/12/2024 06:00:00 - 19/12/2024 07:00:00,""BZN|NO3"",""Without Sequence"",""8.04"","""","""""
"19/12/2024 07:00:00 - 19/12/2024 08:00:00,""BZN|NO3"",""Without Sequence"",""8.94"","""","""""
"19/12/2024 08:00:00 - 19/12/2024 09:00:00,""BZN|NO3"",""Without Sequence"",""12.99"","""","""""
"19/12/2024 09:00:00 - 19/12/2024 10:00:00,""BZN|NO3"",""Without Sequence"",""15.52"","""","""""
"19/12/2024 10:00:00 - 19/12/2024 11:00:00,""BZN|NO3"",""Without Sequence"",""17.15"","""","""""
"19/12/2024 11:00:00 - 19/12/2024 12:00:00,""BZN|NO3"",""Without Sequence"",""17.15"","""","""""
"19/12/2024 12:00:00 - 19/12/2024 13:00:00,""BZN|NO3"",""Without Sequence"",""17.14"","""","""""
"19/12/2024 13:00:00 - 19/12/2024 14:00:00,""BZN|NO3"",""Without Sequence"",""17.18"","""","""""
"19/12/2024 14:00:00 - 19/12/2024 15:00:00,""BZN|NO3"",""Without Sequence"",""16.99"","""","""""
"19/12/2024 15:00:00 - 19/12/2024 16:00:00,""BZN|NO3"",""Without Sequence"",""14.99"","""","""""
"19/12/2024 16:00:00 - 19/12/2024 17:00:00,""BZN|NO3"",""Without Sequence"",""17.15"","""","""""
"19/12/2024 17:00:00 - 19/12/2024 18:00:00,""BZN|NO3"",""Without Sequence"",""16.94"","""","""""
"19/12/2024 18:00:00 - 19/12/2024 19:00:00,""BZN|NO3"",""Without Sequence"",""14.86"","""","""""
"19/12/2024 19:00:00 - 19/12/2024 20:00:00,""BZN|NO3"",""Without Sequence"",""11.87"","""","""""
"19/12/2024 20:00:00 - 19/12/2024 21:00:00,""BZN|NO3"",""Without Sequence"",""10.89"","""","""""
"19/12/2024 21:00:00 - 19/12/2024 22:00:00,""BZN|NO3"",""Without Sequence"",""9.40"","""","""""
"19/12/2024 22:00:00 - 19/12/2024 23:00:00,""BZN|NO3"",""Without Sequence"",""8.22"","""","""""
"19/12/2024 23:00:00 - 20/12/2024 00:00:00,""BZN|NO3"",""Without Sequence"",""6.49"","""","""""
"20/12/2024 00:00:00 - 20/12/2024 01:00:00,""BZN|NO3"",""Without Sequence"",""6.91"","""","""""
"20/12/2024 01:00:00 - 20/12/2024 02:00:00,""BZN|NO3"",""Without Sequence"",""4.90"","""","""""
"20/12/2024 02:00:00 - 20/12/2024 03:00:00,""BZN|NO3"",""Without Sequence"",""4.91"","""","""""
"20/12/2024 03:00:00 - 20/12/2024 04:00:00,""BZN|NO3"",""Without Sequence"",""4.34"","""","""""
"20/12/2024 04:00:00 - 20/12/2024 05:00:00,""BZN|NO3"",""Without Sequence"",""4.22"","""","""""
"20/12/2024 05:00:00 - 20/12/2024 06:00:00,""BZN|NO3"",""Without Sequence"",""4.51"","""","""""
"20/12/2024 06:00:00 - 20/12/2024 07:00:00,""BZN|NO3"",""Without Sequence"",""9.20"","""","""""
"20/12/2024 07:00:00 - 20/12/2024 08:00:00,""BZN|NO3"",""Without Sequence"",""11.36"","""","""""
"20/12/2024 08:00:00 - 20/12/2024 09:00:00,""BZN|NO3"",""Without Sequence"",""12.96"","""","""""
"20/12/2024 09:00:00 - 20/12/2024 10:00:00,""BZN|NO3"",""Without Sequence"",""13.06"","""","""""
"20/12/2024 10:00:00 - 20/12/2024 11:00:00,""BZN|NO3"",""Without Sequence"",""13.77"","""","""""
"20/12/2024 11:00:00 - 20/12/2024 12:00:00,""BZN|NO3"",""Without Sequence"",""15.11"","""","""""
"20/12/2024 12:00:00 - 20/12/2024 13:00:00,""BZN|NO3"",""Without Sequence"",""14.53"","""","""""
"20/12/2024 13:00:00 - 20/12/2024 14:00:00,""BZN|NO3"",""Without Sequence"",""16.19"","""","""""
"20/12/2024 14:00:00 - 20/12/2024 15:00:00,""BZN|NO3"",""Without Sequence"",""16.62"","""","""""
"20/12/2024 15:00:00 - 20/12/2024 16:00:00,""BZN|NO3"",""Without Sequence"",""17.67"","""","""""
"20/12/2024 16:00:00 - 20/12/2024 17:00:00,""BZN|NO3"",""Without Sequence"",""17.94"","""","""""
"20/12/2024 17:00:00 - 20/12/2024 18:00:00,""BZN|NO3"",""Without Sequence"",""17.51"","""","""""
"20/12/2024 18:00:00 - 20/12/2024 19:00:00,""BZN|NO3"",""Without Sequence"",""17.01"","""","""""
"20/12/2024 19:00:00 - 20/12/2024 20:00:00,""BZN|NO3"",""Without Sequence"",""16.77"","""","""""
"20/12/2024 20:00:00 - 20/12/2024 21:00:00,""BZN|NO3"",""Without Sequence"",""16.15"","""","""""
"20/12/2024 21:00:00 - 20/12/2024 22:00:00,""BZN|NO3"",""Without Sequence"",""15.40"","""","""""
"20/12/2024 22:00:00 - 20/12/2024 23:00:00,""BZN|NO3"",""Without Sequence"",""13.47"","""","""""
"20/12/2024 23:00:00 - 21/12/2024 00:00:00,""BZN|NO3"",""Without Sequence"",""10.78"","""","""""
"21/12/2024 00:00:00 - 21/12/2024 01:00:00,""BZN|NO3"",""Without Sequence"",""8.17"","""","""""
"21/12/2024 01:00:00 - 21/12/2024 02:00:00,""BZN|NO3"",""Without Sequence"",""8.15"","""","""""
"21/12/2024 02:00:00 - 21/12/2024 03:00:00,""BZN|NO3"",""Without Sequence"",""8.16"","""","""""
"21/12/2024 03:00:00 - 21/12/2024 04:00:00,""BZN|NO3"",""Without Sequence"",""6.90"","""","""""
"21/12/2024 04:00:00 - 21/12/2024 05:00:00,""BZN|NO3"",""Without Sequence"",""6.90"","""","""""
"21/12/2024 05:00:00 - 21/12/2024 06:00:00,""BZN|NO3"",""Without Sequence"",""6.25"","""","""""
"21/12/2024 06:00:00 - 21/12/2024 07:00:00,""BZN|NO3"",""Without Sequence"",""6.59"","""","""""
"21/12/2024 07:00:00 - 21/12/2024 08:00:00,""BZN|NO3"",""Without Sequence"",""8.48"","""","""""
"21/12/2024 08:00:00 - 21/12/2024 09:00:00,""BZN|NO3"",""Without Sequence"",""9.02"","""","""""
"21/12/2024 09:00:00 - 21/12/2024 10:00:00,""BZN|NO3"",""Without Sequence"",""11.05"","""","""""
"21/12/2024 10:00:00 - 21/12/2024 11:00:00,""BZN|NO3"",""Without Sequence"",""15.01"","""","""""
"21/12/2024 11:00:00 - 21/12/2024 12:00:00,""BZN|NO3"",""Without Sequence"",""13.74"","""","""""
"21/12/2024 12:00:00 - 21/12/2024 13:00:00,""BZN|NO3"",""Without Sequence"",""12.42"","""","""""
"21/12/2024 13:00:00 - 21/12/2024 14:00:00,""BZN|NO3"",""Without Sequence"",""17.00"","""","""""
"21/12/2024 14:00:00 - 21/12/2024 15:00:00,""BZN|NO3"",""Without Sequence"",""15.41"","""","""""
"21/12/2024 15:00:00 - 21/12/2024 16:00:00,""BZN|NO3"",""Without Sequence"",""15.05"","""","""""
"21/12/2024 16:00:00 - 21/12/2024 17:00:00,""BZN|NO3"",""Without Sequence"",""12.99"","""","""""
"21/12/2024 17:00:00 - 21/12/2024 18:00:00,""BZN|NO3"",""Without Sequence"",""11.94"","""","""""
"21/12/2024 18:00:00 - 21/12/2024 19:00:00,""BZN|NO3"",""Without Sequence"",""10.62"","""","""""
"21/12/2024 19:00:00 - 21/12/2024 20:00:00,""BZN|NO3"",""Without Sequence"",""8.54"","""","""""
"21/12/2024 20:00:00 - 21/12/2024 21:00:00,""BZN|NO3"",""Without Sequence"",""6.90"","""","""""
"21/12/2024 21:00:00 - 21/12/2024 22:00:00,""BZN|NO3"",""Without Sequence"",""8.39"","""","""""
"21/12/2024 22:00:00 - 21/12/2024 23:00:00,""BZN|NO3"",""Without Sequence"",""7.70"","""","""""
"21/12/2024 23:00:00 - 22/12/2024 00:00:00,""BZN|NO3"",""Without Sequence"",""4.47"","""","""""
"22/12/2024 00:00:00 - 22/12/2024 01:00:00,""BZN|NO3"",""Without Sequence"",""6.66"","""","""""
"22/12/2024 01:00:00 - 22/12/2024 02:00:00,""BZN|NO3"",""Without Sequence"",""6.73"","""","""""
"22/12/2024 02:00:00 - 22/12/2024 03:00:00,""BZN|NO3"",""Without Sequence"",""5.88"","""","""""
"22/12/2024 03:00:00 - 22/12/2024 04:00:00,""BZN|NO3"",""Without Sequence"",""6.19"","""","""""
"22/12/2024 04:00:00 - 22/12/2024 05:00:00,""BZN|NO3"",""Without Sequence"",""6.89"","""","""""
"22/12/2024 05:00:00 - 22/12/2024 06:00:00,""BZN|NO3"",""Without Sequence"",""6.46"","""","""""
"22/12/2024 06:00:00 - 22/12/2024 07:00:00,""BZN|NO3"",""Without Sequence"",""6.31"","""","""""
"22/12/2024 07:00:00 - 22/12/2024 08:00:00,""BZN|NO3"",""Without Sequence"",""5.61"","""","""""
"22/12/2024 08:00:00 - 22/12/2024 09:00:00,""BZN|NO3"",""Without Sequence"",""6.93"","""","""""
"22/12/2024 09:00:00 - 22/12/2024 10:00:00,""BZN|NO3"",""Without Sequence"",""8.85"","""","""""
"22/12/2024 10:00:00 - 22/12/2024 11:00:00,""BZN|NO3"",""Without Sequence"",""10.74"","""","""""
"22/12/2024 11:00:00 - 22/12/2024 12:00:00,""BZN|NO3"",""Without Sequence"",""15.19"","""","""""
"22/12/2024 12:00:00 - 22/12/2024 13:00:00,""BZN|NO3"",""Without Sequence"",""15.77"","""","""""
"22/12/2024 13:00:00 - 22/12/2024 14:00:00,""BZN|NO3"",""Without Sequence"",""16.00"","""","""""
"22/12/2024 14:00:00 - 22/12/2024 15:00:00,""BZN|NO3"",""Without Sequence"",""20.75"","""","""""
"22/12/2024 15:00:00 - 22/12/2024 16:00:00,""BZN|NO3"",""Without Sequence"",""20.83"","""","""""
"22/12/2024 16:00:00 - 22/12/2024 17:00:00,""BZN|NO3"",""Without Sequence"",""22.66"","""","""""
"22/12/2024 17:00:00 - 22/12/2024 18:00:00,""BZN|NO3"",""Without Sequence"",""25.15"","""","""""
"22/12/2024 18:00:00 - 22/12/2024 19:00:00,""BZN|NO3"",""Without Sequence"",""22.81"","""","""""
"22/12/2024 19:00:00 - 22/12/2024 20:00:00,""BZN|NO3"",""Without Sequence"",""18.89"","""","""""
"22/12/2024 20:00:00 - 22/12/2024 21:00:00,""BZN|NO3"",""Without Sequence"",""20.42"","""","""""
"22/12/2024 21:00:00 - 22/12/2024 22:00:00,""BZN|NO3"",""Without Sequence"",""17.03"","""","""""
"22/12/2024 22:00:00 - 22/12/2024 23:00:00,""BZN|NO3"",""Without Sequence"",""16.59"","""","""""
"22/12/2024 23:00:00 - 23/12/2024 00:00:00,""BZN|NO3"",""Without Sequence"",""15.39"","""","""""
"23/12/2024 00:00:00 - 23/12/2024 01:00:00,""BZN|NO3"",""Without Sequence"",""18.20"","""","""""
"23/12/2024 01:00:00 - 23/12/2024 02:00:00,""BZN|NO3"",""Without Sequence"",""16.39"","""","""""
"23/12/2024 02:00:00 - 23/12/2024 03:00:00,""BZN|NO3"",""Without Sequence"",""13.30"","""","""""
"23/12/2024 03:00:00 - 23/12/2024 04:00:00,""BZN|NO3"",""Without Sequence"",""9.70"","""","""""
"23/12/2024 04:00:00 - 23/12/2024 05:00:00,""BZN|NO3"",""Without Sequence"",""9.20"","""","""""
"23/12/2024 05:00:00 - 23/12/2024 06:00:00,""BZN|NO3"",""Without Sequence"",""8.88"","""","""""
"23/12/2024 06:00:00 - 23/12/2024 07:00:00,""BZN|NO3"",""Without Sequence"",""13.52"","""","""""
"23/12/2024 07:00:00 - 23/12/2024 08:00:00,""BZN|NO3"",""Without Sequence"",""16.74"","""","""""
"23/12/2024 08:00:00 - 23/12/2024 09:00:00,""BZN|NO3"",""Without Sequence"",""20.22"","""","""""
"23/12/2024 09:00:00 - 23/12/2024 10:00:00,""BZN|NO3"",""Without Sequence"",""19.87"","""","""""
"23/12/2024 10:00:00 - 23/12/2024 11:00:00,""BZN|NO3"",""Without Sequence"",""18.84"","""","""""
"23/12/2024 11:00:00 - 23/12/2024 12:00:00,""BZN|NO3"",""Without Sequence"",""18.82"","""","""""
"23/12/2024 12:00:00 - 23/12/2024 13:00:00,""BZN|NO3"",""Without Sequence"",""19.42"","""","""""
"23/12/2024 13:00:00 - 23/12/2024 14:00:00,""BZN|NO3"",""Without Sequence"",""19.99"","""","""""
"23/12/2024 14:00:00 - 23/12/2024 15:00:00,""BZN|NO3"",""Without Sequence"",""20.87"","""","""""
"23/12/2024 15:00:00 - 23/12/2024 16:00:00,""BZN|NO3"",""Without Sequence"",""23.52"","""","""""
"23/12/2024 16:00:00 - 23/12/2024 17:00:00,""BZN|NO3"",""Without Sequence"",""26.46"","""","""""
"23/12/2024 17:00:00 - 23/12/2024 18:00:00,""BZN|NO3"",""Without Sequence"",""27.36"","""","""""
"23/12/2024 18:00:00 - 23/12/2024 19:00:00,""BZN|NO3"",""Without Sequence"",""25.88"","""","""""
"23/12/2024 19:00:00 - 23/12/2024 20:00:00,""BZN|NO3"",""Without Sequence"",""20.28"","""","""""
"23/12/2024 20:00:00 - 23/12/2024 21:00:00,""BZN|NO3"",""Without Sequence"",""16.68"","""","""""
"23/12/2024 21:00:00 - 23/12/2024 22:00:00,""BZN|NO3"",""Without Sequence"",""16.89"","""","""""
"23/12/2024 22:00:00 - 23/12/2024 23:00:00,""BZN|NO3"",""Without Sequence"",""13.87"","""","""""
"23/12/2024 23:00:00 - 24/12/2024 00:00:00,""BZN|NO3"",""Without Sequence"",""18.26"","""","""""
"24/12/2024 00:00:00 - 24/12/2024 01:00:00,""BZN|NO3"",""Without Sequence"",""14.02"","""","""""
"24/12/2024 01:00:00 - 24/12/2024 02:00:00,""BZN|NO3"",""Without Sequence"",""14.27"","""","""""
"24/12/2024 02:00:00 - 24/12/2024 03:00:00,""BZN|NO3"",""Without Sequence"",""14.81"","""","""""
"24/12/2024 03:00:00 - 24/12/2024 04:00:00,""BZN|NO3"",""Without Sequence"",""14.09"","""","""""
"24/12/2024 04:00:00 - 24/12/2024 05:00:00,""BZN|NO3"",""Without Sequence"",""14.13"","""","""""
"24/12/2024 05:00:00 - 24/12/2024 06:00:00,""BZN|NO3"",""Without Sequence"",""11.04"","""","""""
"24/12/2024 06:00:00 - 24/12/2024 07:00:00,""BZN|NO3"",""Without Sequence"",""8.23"","""","""""
"24/12/2024 07:00:00 - 24/12/2024 08:00:00,""BZN|NO3"",""Without Sequence"",""8.14"","""","""""
"24/12/2024 08:00:00 - 24/12/2024 09:00:00,""BZN|NO3"",""Without Sequence"",""18.17"","""","""""
"24/12/2024 09:00:00 - 24/12/2024 10:00:00,""BZN|NO3"",""Without Sequence"",""17.88"","""","""""
"24/12/2024 10:00:00 - 24/12/2024 11:00:00,""BZN|NO3"",""Without Sequence"",""16.10"","""","""""
"24/12/2024 11:00:00 - 24/12/2024 12:00:00,""BZN|NO3"",""Without Sequence"",""15.09"","""","""""
"24/12/2024 12:00:00 - 24/12/2024 13:00:00,""BZN|NO3"",""Without Sequence"",""11.96"","""","""""
"24/12/2024 13:00:00 - 24/12/2024 14:00:00,""BZN|NO3"",""Without Sequence"",""10.39"","""","""""
"24/12/2024 14:00:00 - 24/12/2024 15:00:00,""BZN|NO3"",""Without Sequence"",""8.45"","""","""""
"24/12/2024 15:00:00 - 24/12/2024 16:00:00,""BZN|NO3"",""Without Sequence"",""6.79"","""","""""
"24/12/2024 16:00:00 - 24/12/2024 17:00:00,""BZN|NO3"",""Without Sequence"",""4.98"","""","""""
"24/12/2024 17:00:00 - 24/12/2024 18:00:00,""BZN|NO3"",""Without Sequence"",""4.71"","""","""""
"24/12/2024 18:00:00 - 24/12/2024 19:00:00,""BZN|NO3"",""Without Sequence"",""3.20"","""","""""
"24/12/2024 19:00:00 - 24/12/2024 20:00:00,""BZN|NO3"",""Without Sequence"",""4.08"","""","""""
"24/12/2024 20:00:00 - 24/12/2024 21:00:00,""BZN|NO3"",""Without Sequence"",""4.56"","""","""""
"24/12/2024 21:00:00 - 24/12/2024 22:00:00,""BZN|NO3"",""Without Sequence"",""4.12"","""","""""
"24/12/2024 22:00:00 - 24/12/2024 23:00:00,""BZN|NO3"",""Without Sequence"",""4.79"","""","""""
"24/12/2024 23:00:00 - 25/12/2024 00:00:00,""BZN|NO3"",""Without Sequence"",""4.15"","""","""""
"25/12/2024 00:00:00 - 25/12/2024 01:00:00,""BZN|NO3"",""Without Sequence"",""7.28"","""","""""
"25/12/2024 01:00:00 - 25/12/2024 02:00:00,""BZN|NO3"",""Without Sequence"",""6.79"","""","""""
"25/12/2024 02:00:00 - 25/12/2024 03:00:00,""BZN|NO3"",""Without Sequence"",""4.72"","""","""""
"25/12/2024 03:00:00 - 25/12/2024 04:00:00,""BZN|NO3"",""Without Sequence"",""4.62"","""","""""
"25/12/2024 04:00:00 - 25/12/2024 05:00:00,""BZN|NO3"",""Without Sequence"",""4.50"","""","""""
"25/12/2024 05:00:00 - 25/12/2024 06:00:00,""BZN|NO3"",""Without Sequence"",""4.76"","""","""""
"25/12/2024 06:00:00 - 25/12/2024 07:00:00,""BZN|NO3"",""Without Sequence"",""5.80"","""","""""
"25/12/2024 07:00:00 - 25/12/2024 08:00:00,""BZN|NO3"",""Without Sequence"",""7.28"","""","""""
"25/12/2024 08:00:00 - 25/12/2024 09:00:00,""BZN|NO3"",""Without Sequence"",""7.62"","""","""""
"25/12/2024 09:00:00 - 25/12/2024 10:00:00,""BZN|NO3"",""Without Sequence"",""8.20"","""","""""
"25/12/2024 10:00:00 - 25/12/2024 11:00:00,""BZN|NO3"",""Without Sequence"",""7.24"","""","""""
"25/12/2024 11:00:00 - 25/12/2024 12:00:00,""BZN|NO3"",""Without Sequence"",""6.89"","""","""""
"25/12/2024 12:00:00 - 25/12/2024 13:00:00,""BZN|NO3"",""Without Sequence"",""7.31"","""","""""
"25/12/2024 13:00:00 - 25/12/2024 14:00:00,""BZN|NO3"",""Without Sequence"",""7.99"","""","""""
"25/12/2024 14:00:00 - 25/12/2024 15:00:00,""BZN|NO3"",""Without Sequence"",""12.54"","""","""""
"25/12/2024 15:00:00 - 25/12/2024 16:00:00,""BZN|NO3"",""Without Sequence"",""10.63"","""","""""
"25/12/2024 16:00:00 - 25/12/2024 17:00:00,""BZN|NO3"",""Without Sequence"",""8.91"","""","""""
"25/12/2024 17:00:00 - 25/12/2024 18:00:00,""BZN|NO3"",""Without Sequence"",""8.00"","""","""""
"25/12/2024 18:00:00 - 25/12/2024 19:00:00,""BZN|NO3"",""Without Sequence"",""7.13"","""","""""
"25/12/2024 19:00:00 - 25/12/2024 20:00:00,""BZN|NO3"",""Without Sequence"",""8.16"","""","""""
"25/12/2024 20:00:00 - 25/12/2024 21:00:00,""BZN|NO3"",""Without Sequence"",""7.46"","""","""""
"25/12/2024 21:00:00 - 25/12/2024 22:00:00,""BZN|NO3"",""Without Sequence"",""6.79"","""","""""
"25/12/2024 22:00:00 - 25/12/2024 23:00:00,""BZN|NO3"",""Without Sequence"",""4.55"","""","""""
"25/12/2024 23:00:00 - 26/12/2024 00:00:00,""BZN|NO3"",""Without Sequence"",""3.70"","""","""""
"26/12/2024 00:00:00 - 26/12/2024 01:00:00,""BZN|NO3"",""Without Sequence"",""2.61"","""","""""
"26/12/2024 01:00:00 - 26/12/2024 02:00:00,""BZN|NO3"",""Without Sequence"",""2.61"","""","""""
"26/12/2024 02:00:00 - 26/12/2024 03:00:00,""BZN|NO3"",""Without Sequence"",""2.90"","""","""""
"26/12/2024 03:00:00 - 26/12/2024 04:00:00,""BZN|NO3"",""Without Sequence"",""2.91"","""","""""
"26/12/2024 04:00:00 - 26/12/2024 05:00:00,""BZN|NO3"",""Without Sequence"",""2.91"","""","""""
"26/12/2024 05:00:00 - 26/12/2024 06:00:00,""BZN|NO3"",""Without Sequence"",""2.90"","""","""""
"26/12/2024 06:00:00 - 26/12/2024 07:00:00,""BZN|NO3"",""Without Sequence"",""1.19"","""","""""
"26/12/2024 07:00:00 - 26/12/2024 08:00:00,""BZN|NO3"",""Without Sequence"",""2.60"","""","""""
"26/12/2024 08:00:00 - 26/12/2024 09:00:00,""BZN|NO3"",""Without Sequence"",""2.61"","""","""""
"26/12/2024 09:00:00 - 26/12/2024 10:00:00,""BZN|NO3"",""Without Sequence"",""2.90"","""","""""
"26/12/2024 10:00:00 - 26/12/2024 11:00:00,""BZN|NO3"",""Without Sequence"",""2.84"","""","""""
"26/12/2024 11:00:00 - 26/12/2024 12:00:00,""BZN|NO3"",""Without Sequence"",""3.00"","""","""""
"26/12/2024 12:00:00 - 26/12/2024 13:00:00,""BZN|NO3"",""Without Sequence"",""2.60"","""","""""
"26/12/2024 13:00:00 - 26/12/2024 14:00:00,""BZN|NO3"",""Without Sequence"",""2.60"","""","""""
"26/12/2024 14:00:00 - 26/12/2024 15:00:00,""BZN|NO3"",""Without Sequence"",""3.01"","""","""""
"26/12/2024 15:00:00 - 26/12/2024 16:00:00,""BZN|NO3"",""Without Sequence"",""3.08"","""","""""
"26/12/2024 16:00:00 - 26/12/2024 17:00:00,""BZN|NO3"",""Without Sequence"",""3.09"","""","""""
"26/12/2024 17:00:00 - 26/12/2024 18:00:00,""BZN|NO3"",""Without Sequence"",""3.83"","""","""""
"26/12/2024 18:00:00 - 26/12/2024 19:00:00,""BZN|NO3"",""Without Sequence"",""3.84"","""","""""
"26/12/2024 19:00:00 - 26/12/2024 20:00:00,""BZN|NO3"",""Without Sequence"",""3.58"","""","""""
"26/12/2024 20:00:00 - 26/12/2024 21:00:00,""BZN|NO3"",""Without Sequence"",""3.21"","""","""""
"26/12/2024 21:00:00 - 26/12/2024 22:00:00,""BZN|NO3"",""Without Sequence"",""3.08"","""","""""
"26/12/2024 22:00:00 - 26/12/2024 23:00:00,""BZN|NO3"",""Without Sequence"",""3.03"","""","""""
"26/12/2024 23:00:00 - 27/12/2024 00:00:00,""BZN|NO3"",""Without Sequence"",""2.90"","""","""""
"27/12/2024 00:00:00 - 27/12/2024 01:00:00,""BZN|NO3"",""Without Sequence"",""1.72"","""","""""
"27/12/2024 01:00:00 - 27/12/2024 02:00:00,""BZN|NO3"",""Without Sequence"",""2.45"","""","""""
"27/12/2024 02:00:00 - 27/12/2024 03:00:00,""BZN|NO3"",""Without Sequence"",""2.43"","""","""""
"27/12/2024 03:00:00 - 27/12/2024 04:00:00,""BZN|NO3"",""Without Sequence"",""2.44"","""","""""
"27/12/2024 04:00:00 - 27/12/2024 05:00:00,""BZN|NO3"",""Without Sequence"",""2.61"","""","""""
"27/12/2024 05:00:00 - 27/12/2024 06:00:00,""BZN|NO3"",""Without Sequence"",""3.04"","""","""""
"27/12/2024 06:00:00 - 27/12/2024 07:00:00,""BZN|NO3"",""Without Sequence"",""3.30"","""","""""
"27/12/2024 07:00:00 - 27/12/2024 08:00:00,""BZN|NO3"",""Without Sequence"",""3.94"","""","""""
"27/12/2024 08:00:00 - 27/12/2024 09:00:00,""BZN|NO3"",""Without Sequence"",""3.84"","""","""""
"27/12/2024 09:00:00 - 27/12/2024 10:00:00,""BZN|NO3"",""Without Sequence"",""6.27"","""","""""
"27/12/2024 10:00:00 - 27/12/2024 11:00:00,""BZN|NO3"",""Without Sequence"",""7.53"","""","""""
"27/12/2024 11:00:00 - 27/12/2024 12:00:00,""BZN|NO3"",""Without Sequence"",""7.10"","""","""""
"27/12/2024 12:00:00 - 27/12/2024 13:00:00,""BZN|NO3"",""Without Sequence"",""7.09"","""","""""
"27/12/2024 13:00:00 - 27/12/2024 14:00:00,""BZN|NO3"",""Without Sequence"",""6.80"","""","""""
"27/12/2024 14:00:00 - 27/12/2024 15:00:00,""BZN|NO3"",""Without Sequence"",""6.99"","""","""""
"27/12/2024 15:00:00 - 27/12/2024 16:00:00,""BZN|NO3"",""Without Sequence"",""7.47"","""","""""
"27/12/2024 16:00:00 - 27/12/2024 17:00:00,""BZN|NO3"",""Without Sequence"",""8.14"","""","""""
"27/12/2024 17:00:00 - 27/12/2024 18:00:00,""BZN|NO3"",""Without Sequence"",""8.00"","""","""""
"27/12/2024 18:00:00 - 27/12/2024 19:00:00,""BZN|NO3"",""Without Sequence"",""7.83"","""","""""
"27/12/2024 19:00:00 - 27/12/2024 20:00:00,""BZN|NO3"",""Without Sequence"",""9.88"","""","""""
"27/12/2024 20:00:00 - 27/12/2024 21:00:00,""BZN|NO3"",""Without Sequence"",""8.42"","""","""""
"27/12/2024 21:00:00 - 27/12/2024 22:00:00,""BZN|NO3"",""Without Sequence"",""7.65"","""","""""
"27/12/2024 22:00:00 - 27/12/2024 23:00:00,""BZN|NO3"",""Without Sequence"",""6.48"","""","""""
"27/12/2024 23:00:00 - 28/12/2024 00:00:00,""BZN|NO3"",""Without Sequence"",""6.51"","""","""""
"28/12/2024 00:00:00 - 28/12/2024 01:00:00,""BZN|NO3"",""Without Sequence"",""4.87"","""","""""
"28/12/2024 01:00:00 - 28/12/2024 02:00:00,""BZN|NO3"",""Without Sequence"",""4.10"","""","""""
"28/12/2024 02:00:00 - 28/12/2024 03:00:00,""BZN|NO3"",""Without Sequence"",""3.08"","""","""""
"28/12/2024 03:00:00 - 28/12/2024 04:00:00,""BZN|NO3"",""Without Sequence"",""2.90"","""","""""
"28/12/2024 04:00:00 - 28/12/2024 05:00:00,""BZN|NO3"",""Without Sequence"",""2.90"","""","""""
"28/12/2024 05:00:00 - 28/12/2024 06:00:00,""BZN|NO3"",""Without Sequence"",""2.90"","""","""""
"28/12/2024 06:00:00 - 28/12/2024 07:00:00,""BZN|NO3"",""Without Sequence"",""3.01"","""","""""
"28/12/2024 07:00:00 - 28/12/2024 08:00:00,""BZN|NO3"",""Without Sequence"",""3.73"","""","""""
"28/12/2024 08:00:00 - 28/12/2024 09:00:00,""BZN|NO3"",""Without Sequence"",""4.41"","""","""""
"28/12/2024 09:00:00 - 28/12/2024 10:00:00,""BZN|NO3"",""Without Sequence"",""5.10"","""","""""
"28/12/2024 10:00:00 - 28/12/2024 11:00:00,""BZN|NO3"",""Without Sequence"",""4.77"","""","""""
"28/12/2024 11:00:00 - 28/12/2024 12:00:00,""BZN|NO3"",""Without Sequence"",""4.95"","""","""""
"28/12/2024 12:00:00 - 28/12/2024 13:00:00,""BZN|NO3"",""Without Sequence"",""4.55"","""","""""
"28/12/2024 13:00:00 - 28/12/2024 14:00:00,""BZN|NO3"",""Without Sequence"",""3.55"","""","""""
"28/12/2024 14:00:00 - 28/12/2024 15:00:00,""BZN|NO3"",""Without Sequence"",""3.20"","""","""""
"28/12/2024 15:00:00 - 28/12/2024 16:00:00,""BZN|NO3"",""Without Sequence"",""3.89"","""","""""
"28/12/2024 16:00:00 - 28/12/2024 17:00:00,""BZN|NO3"",""Without Sequence"",""4.14"","""","""""
"28/12/2024 17:00:00 - 28/12/2024 18:00:00,""BZN|NO3"",""Without Sequence"",""3.21"","""","""""
"28/12/2024 18:00:00 - 28/12/2024 19:00:00,""BZN|NO3"",""Without Sequence"",""3.09"","""","""""
"28/12/2024 19:00:00 - 28/12/2024 20:00:00,""BZN|NO3"",""Without Sequence"",""3.05"","""","""""
"28/12/2024 20:00:00 - 28/12/2024 21:00:00,""BZN|NO3"",""Without Sequence"",""3.03"","""","""""
"28/12/2024 21:00:00 - 28/12/2024 22:00:00,""BZN|NO3"",""Without Sequence"",""3.03"","""","""""
"28/12/2024 22:00:00 - 28/12/2024 23:00:00,""BZN|NO3"",""Without Sequence"",""3.06"","""","""""
"28/12/2024 23:00:00 - 29/12/2024 00:00:00,""BZN|NO3"",""Without Sequence"",""3.07"","""","""""
"29/12/2024 00:00:00 - 29/12/2024 01:00:00,""BZN|NO3"",""Without Sequence"",""2.61"","""","""""
"29/12/2024 01:00:00 - 29/12/2024 02:00:00,""BZN|NO3"",""Without Sequence"",""3.02"","""","""""
"29/12/2024 02:00:00 - 29/12/2024 03:00:00,""BZN|NO3"",""Without Sequence"",""3.01"","""","""""
"29/12/2024 03:00:00 - 29/12/2024 04:00:00,""BZN|NO3"",""Without Sequence"",""3.01"","""","""""
"29/12/2024 04:00:00 - 29/12/2024 05:00:00,""BZN|NO3"",""Without Sequence"",""3.02"","""","""""
"29/12/2024 05:00:00 - 29/12/2024 06:00:00,""BZN|NO3"",""Without Sequence"",""2.91"","""","""""
"29/12/2024 06:00:00 - 29/12/2024 07:00:00,""BZN|NO3"",""Without Sequence"",""3.01"","""","""""
"29/12/2024 07:00:00 - 29/12/2024 08:00:00,""BZN|NO3"",""Without Sequence"",""3.03"","""","""""
"29/12/2024 08:00:00 - 29/12/2024 09:00:00,""BZN|NO3"",""Without Sequence"",""3.00"","""","""""
"29/12/2024 09:00:00 - 29/12/2024 10:00:00,""BZN|NO3"",""Without Sequence"",""2.90"","""","""""
"29/12/2024 10:00:00 - 29/12/2024 11:00:00,""BZN|NO3"",""Without Sequence"",""2.91"","""","""""
"29/12/2024 11:00:00 - 29/12/2024 12:00:00,""BZN|NO3"",""Without Sequence"",""2.90"","""","""""
"29/12/2024 12:00:00 - 29/12/2024 13:00:00,""BZN|NO3"",""Without Sequence"",""2.91"","""","""""
"29/12/2024 13:00:00 - 29/12/2024 14:00:00,""BZN|NO3"",""Without Sequence"",""3.08"","""","""""
"29/12/2024 14:00:00 - 29/12/2024 15:00:00,""BZN|NO3"",""Without Sequence"",""3.31"","""","""""
"29/12/2024 15:00:00 - 29/12/2024 16:00:00,""BZN|NO3"",""Without Sequence"",""3.63"","""","""""
"29/12/2024 16:00:00 - 29/12/2024 17:00:00,""BZN|NO3"",""Without Sequence"",""3.72"","""","""""
"29/12/2024 17:00:00 - 29/12/2024 18:00:00,""BZN|NO3"",""Without Sequence"",""3.73"","""","""""
"29/12/2024 18:00:00 - 29/12/2024 19:00:00,""BZN|NO3"",""Without Sequence"",""3.51"","""","""""
"29/12/2024 19:00:00 - 29/12/2024 20:00:00,""BZN|NO3"",""Without Sequence"",""3.34"","""","""""
"29/12/2024 20:00:00 - 29/12/2024 21:00:00,""BZN|NO3"",""Without Sequence"",""3.28"","""","""""
"29/12/2024 21:00:00 - 29/12/2024 22:00:00,""BZN|NO3"",""Without Sequence"",""3.57"","""","""""
"29/12/2024 22:00:00 - 29/12/2024 23:00:00,""BZN|NO3"",""Without Sequence"",""4.88"","""","""""
"29/12/2024 23:00:00 - 30/12/2024 00:00:00,""BZN|NO3"",""Without Sequence"",""5.70"","""","""""
"30/12/2024 00:00:00 - 30/12/2024 01:00:00,""BZN|NO3"",""Without Sequence"",""5.11"","""","""""
"30/12/2024 01:00:00 - 30/12/2024 02:00:00,""BZN|NO3"",""Without Sequence"",""6.58"","""","""""
"30/12/2024 02:00:00 - 30/12/2024 03:00:00,""BZN|NO3"",""Without Sequence"",""6.71"","""","""""
"30/12/2024 03:00:00 - 30/12/2024 04:00:00,""BZN|NO3"",""Without Sequence"",""6.57"","""","""""
"30/12/2024 04:00:00 - 30/12/2024 05:00:00,""BZN|NO3"",""Without Sequence"",""6.79"","""","""""
"30/12/2024 05:00:00 - 30/12/2024 06:00:00,""BZN|NO3"",""Without Sequence"",""6.29"","""","""""
"30/12/2024 06:00:00 - 30/12/2024 07:00:00,""BZN|NO3"",""Without Sequence"",""6.21"","""","""""
"30/12/2024 07:00:00 - 30/12/2024 08:00:00,""BZN|NO3"",""Without Sequence"",""6.07"","""","""""
"30/12/2024 08:00:00 - 30/12/2024 09:00:00,""BZN|NO3"",""Without Sequence"",""5.91"","""","""""
"30/12/2024 09:00:00 - 30/12/2024 10:00:00,""BZN|NO3"",""Without Sequence"",""6.65"","""","""""
"30/12/2024 10:00:00 - 30/12/2024 11:00:00,""BZN|NO3"",""Without Sequence"",""5.52"","""","""""
"30/12/2024 11:00:00 - 30/12/2024 12:00:00,""BZN|NO3"",""Without Sequence"",""4.40"","""","""""
"30/12/2024 12:00:00 - 30/12/2024 13:00:00,""BZN|NO3"",""Without Sequence"",""4.07"","""","""""
"30/12/2024 13:00:00 - 30/12/2024 14:00:00,""BZN|NO3"",""Without Sequence"",""5.36"","""","""""
"30/12/2024 14:00:00 - 30/12/2024 15:00:00,""BZN|NO3"",""Without Sequence"",""4.71"","""","""""
"30/12/2024 15:00:00 - 30/12/2024 16:00:00,""BZN|NO3"",""Without Sequence"",""5.12"","""","""""
"30/12/2024 16:00:00 - 30/12/2024 17:00:00,""BZN|NO3"",""Without Sequence"",""5.06"","""","""""
"30/12/2024 17:00:00 - 30/12/2024 18:00:00,""BZN|NO3"",""Without Sequence"",""5.09"","""","""""
"30/12/2024 18:00:00 - 30/12/2024 19:00:00,""BZN|NO3"",""Without Sequence"",""4.89"","""","""""
"30/12/2024 19:00:00 - 30/12/2024 20:00:00,""BZN|NO3"",""Without Sequence"",""5.00"","""","""""
"30/12/2024 20:00:00 - 30/12/2024 21:00:00,""BZN|NO3"",""Without Sequence"",""3.81"","""","""""
"30/12/2024 21:00:00 - 30/12/2024 22:00:00,""BZN|NO3"",""Without Sequence"",""4.08"","""","""""
"30/12/2024 22:00:00 - 30/12/2024 23:00:00,""BZN|NO3"",""Without Sequence"",""3.76"","""","""""
"30/12/2024 23:00:00 - 31/12/2024 00:00:00,""BZN|NO3"",""Without Sequence"",""3.81"","""","""""
"31/12/2024 00:00:00 - 31/12/2024 01:00:00,""BZN|NO3"",""Without Sequence"",""6.19"","""","""""
"31/12/2024 01:00:00 - 31/12/2024 02:00:00,""BZN|NO3"",""Without Sequence"",""5.98"","""","""""
"31/12/2024 02:00:00 - 31/12/2024 03:00:00,""BZN|NO3"",""Without Sequence"",""5.99"","""","""""
"31/12/2024 03:00:00 - 31/12/2024 04:00:00,""BZN|NO3"",""Without Sequence"",""6.47"","""","""""
"31/12/2024 04:00:00 - 31/12/2024 05:00:00,""BZN|NO3"",""Without Sequence"",""6.67"","""","""""
"31/12/2024 05:00:00 - 31/12/2024 06:00:00,""BZN|NO3"",""Without Sequence"",""6.97"","""","""""
"31/12/2024 06:00:00 - 31/12/2024 07:00:00,""BZN|NO3"",""Without Sequence"",""8.15"","""","""""
"31/12/2024 07:00:00 - 31/12/2024 08:00:00,""BZN|NO3"",""Without Sequence"",""10.91"","""","""""
"31/12/2024 08:00:00 - 31/12/2024 09:00:00,""BZN|NO3"",""Without Sequence"",""10.63"","""","""""
"31/12/2024 09:00:00 - 31/12/2024 10:00:00,""BZN|NO3"",""Without Sequence"",""11.45"","""","""""
"31/12/2024 10:00:00 - 31/12/2024 11:00:00,""BZN|NO3"",""Without Sequence"",""13.76"","""","""""
"31/12/2024 11:00:00 - 31/12/2024 12:00:00,""BZN|NO3"",""Without Sequence"",""13.38"","""","""""
"31/12/2024 12:00:00 - 31/12/2024 13:00:00,""BZN|NO3"",""Without Sequence"",""14.91"","""","""""
"31/12/2024 13:00:00 - 31/12/2024 14:00:00,""BZN|NO3"",""Without Sequence"",""11.15"","""","""""
"31/12/2024 14:00:00 - 31/12/2024 15:00:00,""BZN|NO3"",""Without Sequence"",""10.66"","""","""""
"31/12/2024 15:00:00 - 31/12/2024 16:00:00,""BZN|NO3"",""Without Sequence"",""10.14"","""","""""
"31/12/2024 16:00:00 - 31/12/2024 17:00:00,""BZN|NO3"",""Without Sequence"",""10.40"","""","""""
"31/12/2024 17:00:00 - 31/12/2024 18:00:00,""BZN|NO3"",""Without Sequence"",""11.54"","""","""""
"31/12/2024 18:00:00 - 31/12/2024 19:00:00,""BZN|NO3"",""Without Sequence"",""10.42"","""","""""
"31/12/2024 19:00:00 - 31/12/2024 20:00:00,""BZN|NO3"",""Without Sequence"",""10.17"","""","""""
"31/12/2024 20:00:00 - 31/12/2024 21:00:00,""BZN|NO3"",""Without Sequence"",""10.64"","""","""""
"31/12/2024 21:00:00 - 31/12/2024 22:00:00,""BZN|NO3"",""Without Sequence"",""7.13"","""","""""
"31/12/2024 22:00:00 - 31/12/2024 23:00:00,""BZN|NO3"",""Without Sequence"",""7.16"","""","""""
"31/12/2024 23:00:00 - 01/01/2025 00:00:00,""BZN|NO3"",""Without Sequence"",""12.85"","""","""""
